[27Jul2026 19:37:21.748] [main/INFO] [cpw.mods.modlauncher.Launcher/MODLAUNCHER]: ModLauncher running: args [--launchTarget, forgedatauserdev, --assetIndex, 5, --assetsDir, C:\Users\olige\.gradle\caches\forge_gradle\assets, --gameDir, ., --fml.forgeVersion, 47.4.21, --fml.mcVersion, 1.20.1, --fml.forgeGroup, net.minecraftforge, --fml.mcpVersion, 20230612.114412, --mod, vintagefurn, --all, --output, C:\Users\olige\Desktop\mods\vintage\vintagefurnishings\src\generated\resources, --existing, C:\Users\olige\Desktop\mods\vintage\vintagefurnishings\src\main\resources]
[27Jul2026 19:37:21.757] [main/INFO] [cpw.mods.modlauncher.Launcher/MODLAUNCHER]: ModLauncher 10.0.9+10.0.9+main.dcd20f30 starting: java version 17.0.10 by Eclipse Adoptium; OS Windows 10 arch amd64 version 10.0
[27Jul2026 19:37:21.816] [main/DEBUG] [cpw.mods.modlauncher.LaunchServiceHandler/MODLAUNCHER]: Found launch services [fmlclientdev,forgeclient,minecraft,forgegametestserverdev,fmlserveruserdev,fmlclient,fmldatauserdev,forgeserverdev,forgeserveruserdev,forgeclientdev,forgeclientuserdev,forgeserver,forgedatadev,fmlserver,fmlclientuserdev,fmlserverdev,forgedatauserdev,testharness,forgegametestserveruserdev]
[27Jul2026 19:37:21.845] [main/DEBUG] [cpw.mods.modlauncher.NameMappingServiceHandler/MODLAUNCHER]: Found naming services : [srgtomcp]
[27Jul2026 19:37:21.867] [main/DEBUG] [cpw.mods.modlauncher.LaunchPluginHandler/MODLAUNCHER]: Found launch plugins: [mixin,eventbus,slf4jfixer,object_holder_definalize,runtime_enum_extender,capability_token_subclass,accesstransformer,runtimedistcleaner]
[27Jul2026 19:37:21.884] [main/DEBUG] [cpw.mods.modlauncher.TransformationServicesHandler/MODLAUNCHER]: Discovering transformation services
[27Jul2026 19:37:21.893] [main/DEBUG] [net.minecraftforge.fml.loading.FMLPaths/CORE]: Path GAMEDIR is C:\Users\olige\Desktop\mods\vintage\vintagefurnishings\run-data
[27Jul2026 19:37:21.894] [main/DEBUG] [net.minecraftforge.fml.loading.FMLPaths/CORE]: Path MODSDIR is C:\Users\olige\Desktop\mods\vintage\vintagefurnishings\run-data\mods
[27Jul2026 19:37:21.894] [main/DEBUG] [net.minecraftforge.fml.loading.FMLPaths/CORE]: Path CONFIGDIR is C:\Users\olige\Desktop\mods\vintage\vintagefurnishings\run-data\config
[27Jul2026 19:37:21.895] [main/DEBUG] [net.minecraftforge.fml.loading.FMLPaths/CORE]: Path FMLCONFIG is C:\Users\olige\Desktop\mods\vintage\vintagefurnishings\run-data\config\fml.toml
[27Jul2026 19:37:21.966] [main/DEBUG] [cpw.mods.modlauncher.TransformationServicesHandler/MODLAUNCHER]: Found additional transformation services from discovery services: 
[27Jul2026 19:37:21.978] [main/INFO] [net.minecraftforge.fml.loading.ImmediateWindowHandler/]: ImmediateWindowProvider not loading because launch target is forgedatauserdev
[27Jul2026 19:37:21.995] [main/DEBUG] [cpw.mods.modlauncher.TransformationServicesHandler/MODLAUNCHER]: Found transformer services : [mixin,fml]
[27Jul2026 19:37:21.995] [main/DEBUG] [cpw.mods.modlauncher.TransformationServicesHandler/MODLAUNCHER]: Transformation services loading
[27Jul2026 19:37:21.996] [main/DEBUG] [cpw.mods.modlauncher.TransformationServiceDecorator/MODLAUNCHER]: Loading service mixin
[27Jul2026 19:37:21.997] [main/DEBUG] [cpw.mods.modlauncher.TransformationServiceDecorator/MODLAUNCHER]: Loaded service mixin
[27Jul2026 19:37:21.998] [main/DEBUG] [cpw.mods.modlauncher.TransformationServiceDecorator/MODLAUNCHER]: Loading service fml
[27Jul2026 19:37:22.005] [main/DEBUG] [net.minecraftforge.fml.loading.LauncherVersion/CORE]: Found FMLLauncher version 1.0
[27Jul2026 19:37:22.006] [main/DEBUG] [net.minecraftforge.fml.loading.FMLLoader/CORE]: FML 1.0 loading
[27Jul2026 19:37:22.006] [main/DEBUG] [net.minecraftforge.fml.loading.FMLLoader/CORE]: FML found ModLauncher version : 10.0.9+10.0.9+main.dcd20f30
[27Jul2026 19:37:22.006] [main/DEBUG] [net.minecraftforge.fml.loading.FMLLoader/CORE]: Requesting CoreMods to not apply the fix for ASMAPI.findFirstInstructionBefore by default
[27Jul2026 19:37:22.007] [main/DEBUG] [net.minecraftforge.fml.loading.FMLLoader/CORE]: FML found AccessTransformer version : 8.0.4+66+master.c09db6d7
[27Jul2026 19:37:22.008] [main/DEBUG] [net.minecraftforge.fml.loading.FMLLoader/CORE]: FML found EventBus version : 6.2.33
[27Jul2026 19:37:22.009] [main/DEBUG] [net.minecraftforge.fml.loading.FMLLoader/CORE]: Found Runtime Dist Cleaner
[27Jul2026 19:37:22.011] [main/DEBUG] [net.minecraftforge.coremod.CoreModEngine/]: CoreMods will preserve legacy behavior of ASMAPI.findFirstInstructionBefore for backwards-compatibility
[27Jul2026 19:37:22.012] [main/DEBUG] [net.minecraftforge.fml.loading.FMLLoader/CORE]: FML found CoreMod version : 5.2.4
[27Jul2026 19:37:22.013] [main/DEBUG] [net.minecraftforge.fml.loading.FMLLoader/CORE]: Found ForgeSPI package implementation version 7.0.1+7.0.1+master.d2b38bf6
[27Jul2026 19:37:22.013] [main/DEBUG] [net.minecraftforge.fml.loading.FMLLoader/CORE]: Found ForgeSPI package specification 5
[27Jul2026 19:37:22.013] [main/DEBUG] [cpw.mods.modlauncher.TransformationServiceDecorator/MODLAUNCHER]: Loaded service fml
[27Jul2026 19:37:22.014] [main/DEBUG] [cpw.mods.modlauncher.TransformationServicesHandler/MODLAUNCHER]: Configuring option handling for services
[27Jul2026 19:37:22.024] [main/DEBUG] [cpw.mods.modlauncher.TransformationServicesHandler/MODLAUNCHER]: Transformation services initializing
[27Jul2026 19:37:22.025] [main/DEBUG] [cpw.mods.modlauncher.TransformationServiceDecorator/MODLAUNCHER]: Initializing transformation service mixin
[27Jul2026 19:37:22.063] [main/DEBUG] [mixin/]: MixinService [ModLauncher] was successfully booted in cpw.mods.cl.ModuleClassLoader@4b0b0854
[27Jul2026 19:37:22.093] [main/INFO] [mixin/]: SpongePowered MIXIN Subsystem Version=0.8.5 Source=union:/C:/Users/olige/.gradle/caches/modules-2/files-2.1/org.spongepowered/mixin/0.8.5/9d1c0c3a304ae6697ecd477218fa61b850bf57fc/mixin-0.8.5.jar%23128!/ Service=ModLauncher Env=CLIENT
[27Jul2026 19:37:22.099] [main/DEBUG] [mixin/]: Initialising Mixin Platform Manager
[27Jul2026 19:37:22.099] [main/DEBUG] [mixin/]: Adding mixin platform agents for container ModLauncher Root Container(ModLauncher:4f56a0a2)
[27Jul2026 19:37:22.101] [main/DEBUG] [mixin/]: Instancing new MixinPlatformAgentMinecraftForge for ModLauncher Root Container(ModLauncher:4f56a0a2)
[27Jul2026 19:37:22.102] [main/DEBUG] [mixin/]: MixinPlatformAgentMinecraftForge rejected container ModLauncher Root Container(ModLauncher:4f56a0a2)
[27Jul2026 19:37:22.103] [main/DEBUG] [mixin/]: Instancing new MixinPlatformAgentDefault for ModLauncher Root Container(ModLauncher:4f56a0a2)
[27Jul2026 19:37:22.104] [main/DEBUG] [mixin/]: MixinPlatformAgentDefault accepted container ModLauncher Root Container(ModLauncher:4f56a0a2)
[27Jul2026 19:37:22.108] [main/DEBUG] [cpw.mods.modlauncher.TransformationServiceDecorator/MODLAUNCHER]: Initialized transformation service mixin
[27Jul2026 19:37:22.108] [main/DEBUG] [cpw.mods.modlauncher.TransformationServiceDecorator/MODLAUNCHER]: Initializing transformation service fml
[27Jul2026 19:37:22.108] [main/DEBUG] [net.minecraftforge.fml.loading.FMLServiceProvider/CORE]: Setting up basic FML game directories
[27Jul2026 19:37:22.109] [main/DEBUG] [net.minecraftforge.fml.loading.FMLPaths/CORE]: Path GAMEDIR is C:\Users\olige\Desktop\mods\vintage\vintagefurnishings\run-data
[27Jul2026 19:37:22.110] [main/DEBUG] [net.minecraftforge.fml.loading.FMLPaths/CORE]: Path MODSDIR is C:\Users\olige\Desktop\mods\vintage\vintagefurnishings\run-data\mods
[27Jul2026 19:37:22.111] [main/DEBUG] [net.minecraftforge.fml.loading.FMLPaths/CORE]: Path CONFIGDIR is C:\Users\olige\Desktop\mods\vintage\vintagefurnishings\run-data\config
[27Jul2026 19:37:22.111] [main/DEBUG] [net.minecraftforge.fml.loading.FMLPaths/CORE]: Path FMLCONFIG is C:\Users\olige\Desktop\mods\vintage\vintagefurnishings\run-data\config\fml.toml
[27Jul2026 19:37:22.111] [main/DEBUG] [net.minecraftforge.fml.loading.FMLServiceProvider/CORE]: Loading configuration
[27Jul2026 19:37:22.116] [main/DEBUG] [net.minecraftforge.fml.loading.FMLServiceProvider/CORE]: Preparing ModFile
[27Jul2026 19:37:22.120] [main/DEBUG] [net.minecraftforge.fml.loading.FMLServiceProvider/CORE]: Preparing launch handler
[27Jul2026 19:37:22.121] [main/DEBUG] [net.minecraftforge.fml.loading.FMLLoader/CORE]: Using forgedatauserdev as launch service
[27Jul2026 19:37:22.143] [main/DEBUG] [net.minecraftforge.fml.loading.FMLLoader/CORE]: Received command line version data  : VersionInfo[forgeVersion=47.4.21, mcVersion=1.20.1, mcpVersion=20230612.114412, forgeGroup=net.minecraftforge]
[27Jul2026 19:37:22.145] [main/DEBUG] [cpw.mods.modlauncher.TransformationServiceDecorator/MODLAUNCHER]: Initialized transformation service fml
[27Jul2026 19:37:22.146] [main/DEBUG] [cpw.mods.modlauncher.NameMappingServiceHandler/MODLAUNCHER]: Current naming domain is 'mcp'
[27Jul2026 19:37:22.147] [main/DEBUG] [cpw.mods.modlauncher.NameMappingServiceHandler/MODLAUNCHER]: Identified name mapping providers {srg=srgtomcp:1234}
[27Jul2026 19:37:22.148] [main/DEBUG] [cpw.mods.modlauncher.TransformationServicesHandler/MODLAUNCHER]: Transformation services begin scanning
[27Jul2026 19:37:22.149] [main/DEBUG] [cpw.mods.modlauncher.TransformationServiceDecorator/MODLAUNCHER]: Beginning scan trigger - transformation service mixin
[27Jul2026 19:37:22.149] [main/DEBUG] [cpw.mods.modlauncher.TransformationServiceDecorator/MODLAUNCHER]: End scan trigger - transformation service mixin
[27Jul2026 19:37:22.150] [main/DEBUG] [cpw.mods.modlauncher.TransformationServiceDecorator/MODLAUNCHER]: Beginning scan trigger - transformation service fml
[27Jul2026 19:37:22.150] [main/DEBUG] [net.minecraftforge.fml.loading.FMLServiceProvider/CORE]: Initiating mod scan
[27Jul2026 19:37:22.179] [main/DEBUG] [net.minecraftforge.fml.loading.moddiscovery.ModListHandler/CORE]: Found mod coordinates from lists: []
[27Jul2026 19:37:22.186] [main/DEBUG] [net.minecraftforge.fml.loading.moddiscovery.ModDiscoverer/CORE]: Found Mod Locators : (mods folder:null),(maven libs:null),(exploded directory:null),(minecraft:null),(userdev classpath:null)
[27Jul2026 19:37:22.188] [main/DEBUG] [net.minecraftforge.fml.loading.moddiscovery.ModDiscoverer/CORE]: Found Dependency Locators : (JarInJar:null)
[27Jul2026 19:37:22.203] [main/DEBUG] [net.minecraftforge.fml.loading.targets.CommonLaunchHandler/CORE]: Got mod coordinates vintagefurn%%C:\Users\olige\Desktop\mods\vintage\vintagefurnishings\build\resources\main;vintagefurn%%C:\Users\olige\Desktop\mods\vintage\vintagefurnishings\build\classes\java\main from env
[27Jul2026 19:37:22.208] [main/DEBUG] [net.minecraftforge.fml.loading.targets.CommonLaunchHandler/CORE]: Found supplied mod coordinates [{vintagefurn=[C:\Users\olige\Desktop\mods\vintage\vintagefurnishings\build\resources\main, C:\Users\olige\Desktop\mods\vintage\vintagefurnishings\build\classes\java\main]}]
[27Jul2026 19:37:22.793] [main/DEBUG] [net.minecraftforge.fml.loading.moddiscovery.ModFileInfo/LOADING]: Found valid mod file forge-1.20.1-47.4.21_mapped_parchment_2023.06.26-1.20.1-recomp.jar with {minecraft} mods - versions {1.20.1}
[27Jul2026 19:37:22.807] [main/DEBUG] [net.minecraftforge.fml.loading.moddiscovery.ModFileParser/LOADING]: Considering mod file candidate C:\Users\olige\.gradle\caches\modules-2\files-2.1\net.minecraftforge\javafmllanguage\1.20.1-47.4.21\8e87b76ca678e322f14b585319f3eceac40f063a\javafmllanguage-1.20.1-47.4.21.jar
[27Jul2026 19:37:22.808] [main/WARN] [net.minecraftforge.fml.loading.moddiscovery.ModFileParser/LOADING]: Mod file C:\Users\olige\.gradle\caches\modules-2\files-2.1\net.minecraftforge\javafmllanguage\1.20.1-47.4.21\8e87b76ca678e322f14b585319f3eceac40f063a\javafmllanguage-1.20.1-47.4.21.jar is missing mods.toml file
[27Jul2026 19:37:22.819] [main/DEBUG] [net.minecraftforge.fml.loading.moddiscovery.ModFileParser/LOADING]: Considering mod file candidate C:\Users\olige\.gradle\caches\modules-2\files-2.1\net.minecraftforge\lowcodelanguage\1.20.1-47.4.21\fbe5d4760de494e424966e6f021fa42c6fd31447\lowcodelanguage-1.20.1-47.4.21.jar
[27Jul2026 19:37:22.820] [main/WARN] [net.minecraftforge.fml.loading.moddiscovery.ModFileParser/LOADING]: Mod file C:\Users\olige\.gradle\caches\modules-2\files-2.1\net.minecraftforge\lowcodelanguage\1.20.1-47.4.21\fbe5d4760de494e424966e6f021fa42c6fd31447\lowcodelanguage-1.20.1-47.4.21.jar is missing mods.toml file
[27Jul2026 19:37:22.830] [main/DEBUG] [net.minecraftforge.fml.loading.moddiscovery.ModFileParser/LOADING]: Considering mod file candidate C:\Users\olige\.gradle\caches\modules-2\files-2.1\net.minecraftforge\mclanguage\1.20.1-47.4.21\44319630870edd2f067f6541582d5c36b196ffa7\mclanguage-1.20.1-47.4.21.jar
[27Jul2026 19:37:22.830] [main/WARN] [net.minecraftforge.fml.loading.moddiscovery.ModFileParser/LOADING]: Mod file C:\Users\olige\.gradle\caches\modules-2\files-2.1\net.minecraftforge\mclanguage\1.20.1-47.4.21\44319630870edd2f067f6541582d5c36b196ffa7\mclanguage-1.20.1-47.4.21.jar is missing mods.toml file
[27Jul2026 19:37:22.841] [main/DEBUG] [net.minecraftforge.fml.loading.moddiscovery.ModFileParser/LOADING]: Considering mod file candidate C:\Users\olige\.gradle\caches\modules-2\files-2.1\net.minecraftforge\fmlcore\1.20.1-47.4.21\bb5521a74689ba95a215548882b8e116ee4f0e4a\fmlcore-1.20.1-47.4.21.jar
[27Jul2026 19:37:22.842] [main/WARN] [net.minecraftforge.fml.loading.moddiscovery.ModFileParser/LOADING]: Mod file C:\Users\olige\.gradle\caches\modules-2\files-2.1\net.minecraftforge\fmlcore\1.20.1-47.4.21\bb5521a74689ba95a215548882b8e116ee4f0e4a\fmlcore-1.20.1-47.4.21.jar is missing mods.toml file
[27Jul2026 19:37:22.853] [main/DEBUG] [net.minecraftforge.fml.loading.moddiscovery.ModFileParser/LOADING]: Considering mod file candidate C:\Users\olige\Desktop\mods\vintage\vintagefurnishings\build\resources\main
[27Jul2026 19:37:22.870] [main/DEBUG] [net.minecraftforge.fml.loading.moddiscovery.ModFileInfo/LOADING]: Found valid mod file main with {vintagefurn} mods - versions {0.0.2-1.20.1}
[27Jul2026 19:37:22.872] [main/DEBUG] [net.minecraftforge.fml.loading.moddiscovery.ModFileParser/LOADING]: Considering mod file candidate /
[27Jul2026 19:37:22.878] [main/DEBUG] [net.minecraftforge.fml.loading.moddiscovery.ModFileInfo/LOADING]: Found valid mod file  with {forge} mods - versions {47.4.21}
[27Jul2026 19:37:22.942] [main/DEBUG] [net.minecraftforge.fml.loading.moddiscovery.ModFileParser/LOADING]: Considering mod file candidate C:\Users\olige\.gradle\caches\forge_gradle\deobf_dependencies\com\simibubi\create\create-1.20.1\6.0.8-289_mapped_parchment_2023.06.26-1.20.1\create-1.20.1-6.0.8-289_mapped_parchment_2023.06.26-1.20.1-slim.jar
[27Jul2026 19:37:22.946] [main/DEBUG] [net.minecraftforge.fml.loading.moddiscovery.ModFileInfo/LOADING]: Found valid mod file create-1.20.1-6.0.8-289_mapped_parchment_2023.06.26-1.20.1-slim.jar with {create} mods - versions {6.0.8-289}
[27Jul2026 19:37:22.967] [main/DEBUG] [net.minecraftforge.fml.loading.moddiscovery.ModFileParser/LOADING]: Considering mod file candidate C:\Users\olige\.gradle\caches\forge_gradle\deobf_dependencies\net\createmod\ponder\Ponder-Forge-1.20.1\1.0.91_mapped_parchment_2023.06.26-1.20.1\Ponder-Forge-1.20.1-1.0.91_mapped_parchment_2023.06.26-1.20.1.jar
[27Jul2026 19:37:22.969] [main/DEBUG] [net.minecraftforge.fml.loading.moddiscovery.ModFileInfo/LOADING]: Found valid mod file Ponder-Forge-1.20.1-1.0.91_mapped_parchment_2023.06.26-1.20.1.jar with {ponder} mods - versions {1.0.91}
[27Jul2026 19:37:22.979] [main/DEBUG] [net.minecraftforge.fml.loading.moddiscovery.ModFileParser/LOADING]: Considering mod file candidate C:\Users\olige\.gradle\caches\forge_gradle\deobf_dependencies\curse\maven\selene-499980\8261419_mapped_parchment_2023.06.26-1.20.1\selene-499980-8261419_mapped_parchment_2023.06.26-1.20.1.jar
[27Jul2026 19:37:22.982] [main/DEBUG] [net.minecraftforge.fml.loading.moddiscovery.ModFileInfo/LOADING]: Found valid mod file selene-499980-8261419_mapped_parchment_2023.06.26-1.20.1.jar with {moonlight} mods - versions {1.20-2.16.34}
[27Jul2026 19:37:22.992] [main/DEBUG] [net.minecraftforge.fml.loading.moddiscovery.ModFileParser/LOADING]: Considering mod file candidate C:\Users\olige\.gradle\caches\forge_gradle\deobf_dependencies\curse\maven\every-compat-628539\8332989_mapped_parchment_2023.06.26-1.20.1\every-compat-628539-8332989_mapped_parchment_2023.06.26-1.20.1.jar
[27Jul2026 19:37:22.999] [main/DEBUG] [net.minecraftforge.fml.loading.moddiscovery.ModFileInfo/LOADING]: Found valid mod file every-compat-628539-8332989_mapped_parchment_2023.06.26-1.20.1.jar with {everycomp} mods - versions {1.20-2.9.24}
[27Jul2026 19:37:23.009] [main/DEBUG] [net.minecraftforge.fml.loading.moddiscovery.ModFileParser/LOADING]: Considering mod file candidate C:\Users\olige\.gradle\caches\forge_gradle\deobf_dependencies\dev\engine-room\flywheel\flywheel-forge-1.20.1\1.0.5_mapped_parchment_2023.06.26-1.20.1\flywheel-forge-1.20.1-1.0.5_mapped_parchment_2023.06.26-1.20.1.jar
[27Jul2026 19:37:23.012] [main/DEBUG] [net.minecraftforge.fml.loading.moddiscovery.ModFileInfo/LOADING]: Found valid mod file flywheel-forge-1.20.1-1.0.5_mapped_parchment_2023.06.26-1.20.1.jar with {flywheel} mods - versions {1.0.5}
[27Jul2026 19:37:23.043] [main/DEBUG] [net.minecraftforge.fml.loading.moddiscovery.ModFileParser/LOADING]: Considering mod file candidate C:\Users\olige\.gradle\caches\forge_gradle\deobf_dependencies\com\simibubi\create\create-1.20.1\6.0.8-289_mapped_parchment_2023.06.26-1.20.1\create-1.20.1-6.0.8-289_mapped_parchment_2023.06.26-1.20.1-slim.jar
[27Jul2026 19:37:23.046] [main/DEBUG] [net.minecraftforge.fml.loading.moddiscovery.ModFileInfo/LOADING]: Found valid mod file create-1.20.1-6.0.8-289_mapped_parchment_2023.06.26-1.20.1-slim.jar with {create} mods - versions {6.0.8-289}
[27Jul2026 19:37:23.061] [main/DEBUG] [net.minecraftforge.fml.loading.moddiscovery.ModFileParser/LOADING]: Considering mod file candidate C:\Users\olige\.gradle\caches\forge_gradle\deobf_dependencies\net\createmod\ponder\Ponder-Forge-1.20.1\1.0.91_mapped_parchment_2023.06.26-1.20.1\Ponder-Forge-1.20.1-1.0.91_mapped_parchment_2023.06.26-1.20.1.jar
[27Jul2026 19:37:23.064] [main/DEBUG] [net.minecraftforge.fml.loading.moddiscovery.ModFileInfo/LOADING]: Found valid mod file Ponder-Forge-1.20.1-1.0.91_mapped_parchment_2023.06.26-1.20.1.jar with {ponder} mods - versions {1.0.91}
[27Jul2026 19:37:23.106] [main/DEBUG] [net.minecraftforge.fml.loading.moddiscovery.ModFileParser/LOADING]: Considering mod file candidate C:\Users\olige\.gradle\caches\forge_gradle\deobf_dependencies\curse\maven\selene-499980\8261419_mapped_parchment_2023.06.26-1.20.1\selene-499980-8261419_mapped_parchment_2023.06.26-1.20.1.jar
[27Jul2026 19:37:23.108] [main/DEBUG] [net.minecraftforge.fml.loading.moddiscovery.ModFileInfo/LOADING]: Found valid mod file selene-499980-8261419_mapped_parchment_2023.06.26-1.20.1.jar with {moonlight} mods - versions {1.20-2.16.34}
[27Jul2026 19:37:23.121] [main/DEBUG] [net.minecraftforge.fml.loading.moddiscovery.ModFileParser/LOADING]: Considering mod file candidate C:\Users\olige\.gradle\caches\forge_gradle\deobf_dependencies\curse\maven\every-compat-628539\8332989_mapped_parchment_2023.06.26-1.20.1\every-compat-628539-8332989_mapped_parchment_2023.06.26-1.20.1.jar
[27Jul2026 19:37:23.124] [main/DEBUG] [net.minecraftforge.fml.loading.moddiscovery.ModFileInfo/LOADING]: Found valid mod file every-compat-628539-8332989_mapped_parchment_2023.06.26-1.20.1.jar with {everycomp} mods - versions {1.20-2.9.24}
[27Jul2026 19:37:23.134] [main/DEBUG] [net.minecraftforge.fml.loading.moddiscovery.ModFileParser/LOADING]: Considering mod file candidate C:\Users\olige\.gradle\caches\forge_gradle\deobf_dependencies\dev\engine-room\flywheel\flywheel-forge-1.20.1\1.0.5_mapped_parchment_2023.06.26-1.20.1\flywheel-forge-1.20.1-1.0.5_mapped_parchment_2023.06.26-1.20.1.jar
[27Jul2026 19:37:23.136] [main/DEBUG] [net.minecraftforge.fml.loading.moddiscovery.ModFileInfo/LOADING]: Found valid mod file flywheel-forge-1.20.1-1.0.5_mapped_parchment_2023.06.26-1.20.1.jar with {flywheel} mods - versions {1.0.5}
[27Jul2026 19:37:23.146] [main/DEBUG] [net.minecraftforge.fml.loading.UniqueModListBuilder/]: Found 2 mods for first modid moonlight, selecting most recent based on version data
[27Jul2026 19:37:23.148] [main/DEBUG] [net.minecraftforge.fml.loading.UniqueModListBuilder/]: Selected file selene-499980-8261419_mapped_parchment_2023.06.26-1.20.1.jar for modid moonlight with version 1.20-2.16.34
[27Jul2026 19:37:23.149] [main/DEBUG] [net.minecraftforge.fml.loading.UniqueModListBuilder/]: Found 2 mods for first modid flywheel, selecting most recent based on version data
[27Jul2026 19:37:23.149] [main/DEBUG] [net.minecraftforge.fml.loading.UniqueModListBuilder/]: Selected file flywheel-forge-1.20.1-1.0.5_mapped_parchment_2023.06.26-1.20.1.jar for modid flywheel with version 1.0.5
[27Jul2026 19:37:23.149] [main/DEBUG] [net.minecraftforge.fml.loading.UniqueModListBuilder/]: Found 2 mods for first modid create, selecting most recent based on version data
[27Jul2026 19:37:23.149] [main/DEBUG] [net.minecraftforge.fml.loading.UniqueModListBuilder/]: Selected file create-1.20.1-6.0.8-289_mapped_parchment_2023.06.26-1.20.1-slim.jar for modid create with version 6.0.8-289
[27Jul2026 19:37:23.149] [main/DEBUG] [net.minecraftforge.fml.loading.UniqueModListBuilder/]: Found 2 mods for first modid everycomp, selecting most recent based on version data
[27Jul2026 19:37:23.150] [main/DEBUG] [net.minecraftforge.fml.loading.UniqueModListBuilder/]: Selected file every-compat-628539-8332989_mapped_parchment_2023.06.26-1.20.1.jar for modid everycomp with version 1.20-2.9.24
[27Jul2026 19:37:23.150] [main/DEBUG] [net.minecraftforge.fml.loading.UniqueModListBuilder/]: Found 2 mods for first modid ponder, selecting most recent based on version data
[27Jul2026 19:37:23.150] [main/DEBUG] [net.minecraftforge.fml.loading.UniqueModListBuilder/]: Selected file Ponder-Forge-1.20.1-1.0.91_mapped_parchment_2023.06.26-1.20.1.jar for modid ponder with version 1.0.91
[27Jul2026 19:37:23.160] [main/DEBUG] [net.minecraftforge.fml.loading.moddiscovery.AbstractJarFileDependencyLocator/]: Failed to load resource META-INF\jarjar\metadata.json from forge-1.20.1-47.4.21_mapped_parchment_2023.06.26-1.20.1-recomp.jar, it does not contain dependency information.
[27Jul2026 19:37:23.160] [main/DEBUG] [net.minecraftforge.fml.loading.moddiscovery.AbstractJarFileDependencyLocator/]: Failed to load resource META-INF\jarjar\metadata.json from Registrate-MC1.20-1.3.3_mapped_parchment_2023.06.26-1.20.1.jar, it does not contain dependency information.
[27Jul2026 19:37:23.161] [main/DEBUG] [net.minecraftforge.fml.loading.moddiscovery.AbstractJarFileDependencyLocator/]: Failed to load resource META-INF\jarjar\metadata.json from , it does not contain dependency information.
[27Jul2026 19:37:23.162] [main/DEBUG] [net.minecraftforge.fml.loading.moddiscovery.AbstractJarFileDependencyLocator/]: Failed to load resource META-INF\jarjar\metadata.json from flywheel-forge-1.20.1-1.0.5_mapped_parchment_2023.06.26-1.20.1.jar, it does not contain dependency information.
[27Jul2026 19:37:23.162] [main/DEBUG] [net.minecraftforge.fml.loading.moddiscovery.AbstractJarFileDependencyLocator/]: Failed to load resource META-INF\jarjar\metadata.json from create-1.20.1-6.0.8-289_mapped_parchment_2023.06.26-1.20.1-slim.jar, it does not contain dependency information.
[27Jul2026 19:37:23.163] [main/DEBUG] [net.minecraftforge.fml.loading.moddiscovery.AbstractJarFileDependencyLocator/]: Failed to load resource META-INF\jarjar\metadata.json from main, it does not contain dependency information.
[27Jul2026 19:37:23.164] [main/DEBUG] [net.minecraftforge.fml.loading.moddiscovery.AbstractJarFileDependencyLocator/]: Failed to load resource META-INF\jarjar\metadata.json from Ponder-Forge-1.20.1-1.0.91_mapped_parchment_2023.06.26-1.20.1.jar, it does not contain dependency information.
[27Jul2026 19:37:23.164] [main/DEBUG] [net.minecraftforge.fml.loading.moddiscovery.AbstractJarFileDependencyLocator/]: Failed to load resource META-INF\jarjar\metadata.json from mclanguage-1.20.1-47.4.21.jar, it does not contain dependency information.
[27Jul2026 19:37:23.164] [main/DEBUG] [net.minecraftforge.fml.loading.moddiscovery.AbstractJarFileDependencyLocator/]: Failed to load resource META-INF\jarjar\metadata.json from javafmllanguage-1.20.1-47.4.21.jar, it does not contain dependency information.
[27Jul2026 19:37:23.165] [main/DEBUG] [net.minecraftforge.fml.loading.moddiscovery.AbstractJarFileDependencyLocator/]: Failed to load resource META-INF\jarjar\metadata.json from fmlcore-1.20.1-47.4.21.jar, it does not contain dependency information.
[27Jul2026 19:37:23.165] [main/DEBUG] [net.minecraftforge.fml.loading.moddiscovery.AbstractJarFileDependencyLocator/]: Failed to load resource META-INF\jarjar\metadata.json from lowcodelanguage-1.20.1-47.4.21.jar, it does not contain dependency information.
[27Jul2026 19:37:23.247] [main/DEBUG] [net.minecraftforge.fml.loading.moddiscovery.ModFileParser/LOADING]: Considering mod file candidate 
[27Jul2026 19:37:23.249] [main/DEBUG] [net.minecraftforge.fml.loading.moddiscovery.ModFileInfo/LOADING]: Found valid mod file mixinextras-forge-0.3.6.jar with {mixinextras} mods - versions {0.3.6}
[27Jul2026 19:37:23.251] [main/DEBUG] [net.minecraftforge.fml.loading.moddiscovery.ModFileParser/LOADING]: Considering mod file candidate 
[27Jul2026 19:37:23.252] [main/DEBUG] [net.minecraftforge.fml.loading.moddiscovery.ModFileInfo/LOADING]: Found valid mod file mixinsquared-forge-0.1.1.jar with {mixinsquared} mods - versions {0.1.1}
[27Jul2026 19:37:23.256] [main/DEBUG] [net.minecraftforge.fml.loading.moddiscovery.ModFileParser/LOADING]: Considering mod file candidate 
[27Jul2026 19:37:23.257] [main/DEBUG] [net.minecraftforge.fml.loading.moddiscovery.ModFileInfo/LOADING]: Found valid mod file mixinextras-forge-0.4.1.jar with {mixinextras} mods - versions {0.4.1}
[27Jul2026 19:37:23.279] [main/DEBUG] [net.minecraftforge.fml.loading.moddiscovery.AbstractJarFileDependencyLocator/]: Failed to load resource META-INF\jarjar\metadata.json from MixinExtras-0.3.6.jar, it does not contain dependency information.
[27Jul2026 19:37:23.279] [main/DEBUG] [net.minecraftforge.fml.loading.moddiscovery.AbstractJarFileDependencyLocator/]: Failed to load resource META-INF\jarjar\metadata.json from MixinSquared-0.1.1.jar, it does not contain dependency information.
[27Jul2026 19:37:23.279] [main/DEBUG] [net.minecraftforge.fml.loading.moddiscovery.AbstractJarFileDependencyLocator/]: Failed to load resource META-INF\jarjar\metadata.json from MixinExtras-0.4.1.jar, it does not contain dependency information.
[27Jul2026 19:37:23.336] [main/DEBUG] [net.minecraftforge.fml.loading.moddiscovery.ModFileParser/LOADING]: Considering mod file candidate 
[27Jul2026 19:37:23.337] [main/DEBUG] [net.minecraftforge.fml.loading.moddiscovery.ModFileInfo/LOADING]: Found valid mod file mixinsquared-forge-0.1.1.jar with {mixinsquared} mods - versions {0.1.1}
[27Jul2026 19:37:23.341] [main/DEBUG] [net.minecraftforge.fml.loading.moddiscovery.ModFileParser/LOADING]: Considering mod file candidate 
[27Jul2026 19:37:23.342] [main/DEBUG] [net.minecraftforge.fml.loading.moddiscovery.ModFileInfo/LOADING]: Found valid mod file mixinextras-forge-0.4.1.jar with {mixinextras} mods - versions {0.4.1}
[27Jul2026 19:37:23.346] [main/INFO] [net.minecraftforge.fml.loading.moddiscovery.JarInJarDependencyLocator/]: Found 4 dependencies adding them to mods collection
[27Jul2026 19:37:23.350] [main/DEBUG] [net.minecraftforge.fml.loading.moddiscovery.ModFileInfo/LOADING]: Found valid mod file forge-1.20.1-47.4.21_mapped_parchment_2023.06.26-1.20.1-recomp.jar with {minecraft} mods - versions {1.20.1}
[27Jul2026 19:37:23.355] [main/DEBUG] [net.minecraftforge.fml.loading.moddiscovery.ModFile/LOADING]: Loading mod file C:\Users\olige\.gradle\caches\forge_gradle\minecraft_user_repo\net\minecraftforge\forge\1.20.1-47.4.21_mapped_parchment_2023.06.26-1.20.1\forge-1.20.1-47.4.21_mapped_parchment_2023.06.26-1.20.1-recomp.jar with languages [LanguageSpec[languageName=minecraft, acceptedVersions=1]]
[27Jul2026 19:37:23.357] [main/DEBUG] [net.minecraftforge.fml.loading.moddiscovery.ModFileParser/LOADING]: Considering mod file candidate C:\Users\olige\.gradle\caches\forge_gradle\deobf_dependencies\curse\maven\selene-499980\8261419_mapped_parchment_2023.06.26-1.20.1\selene-499980-8261419_mapped_parchment_2023.06.26-1.20.1.jar
[27Jul2026 19:37:23.358] [main/DEBUG] [net.minecraftforge.fml.loading.moddiscovery.ModFileInfo/LOADING]: Found valid mod file selene-499980-8261419_mapped_parchment_2023.06.26-1.20.1.jar with {moonlight} mods - versions {1.20-2.16.34}
[27Jul2026 19:37:23.358] [main/DEBUG] [net.minecraftforge.fml.loading.moddiscovery.ModFile/LOADING]: Loading mod file C:\Users\olige\.gradle\caches\forge_gradle\deobf_dependencies\curse\maven\selene-499980\8261419_mapped_parchment_2023.06.26-1.20.1\selene-499980-8261419_mapped_parchment_2023.06.26-1.20.1.jar with languages [LanguageSpec[languageName=javafml, acceptedVersions=[40,)]]
[27Jul2026 19:37:23.359] [main/DEBUG] [net.minecraftforge.fml.loading.moddiscovery.ModFileParser/LOADING]: Considering mod file candidate /
[27Jul2026 19:37:23.360] [main/DEBUG] [net.minecraftforge.fml.loading.moddiscovery.ModFileInfo/LOADING]: Found valid mod file  with {forge} mods - versions {47.4.21}
[27Jul2026 19:37:23.360] [main/DEBUG] [net.minecraftforge.fml.loading.moddiscovery.ModFile/LOADING]: Loading mod file / with languages [LanguageSpec[languageName=javafml, acceptedVersions=[24,]]]
[27Jul2026 19:37:23.364] [main/DEBUG] [net.minecraftforge.fml.loading.moddiscovery.ModFileParser/LOADING]: Found coremod field_to_method with Javascript path coremods/field_to_method.js
[27Jul2026 19:37:23.365] [main/DEBUG] [net.minecraftforge.fml.loading.moddiscovery.ModFileParser/LOADING]: Found coremod field_to_instanceof with Javascript path coremods/field_to_instanceof.js
[27Jul2026 19:37:23.365] [main/DEBUG] [net.minecraftforge.fml.loading.moddiscovery.ModFileParser/LOADING]: Found coremod add_bouncer_method with Javascript path coremods/add_bouncer_method.js
[27Jul2026 19:37:23.365] [main/DEBUG] [net.minecraftforge.fml.loading.moddiscovery.ModFileParser/LOADING]: Found coremod method_redirector with Javascript path coremods/method_redirector.js
[27Jul2026 19:37:23.365] [main/DEBUG] [net.minecraftforge.fml.loading.moddiscovery.ModFile/LOADING]: Found coremod coremods/field_to_method.js
[27Jul2026 19:37:23.366] [main/DEBUG] [net.minecraftforge.fml.loading.moddiscovery.ModFile/LOADING]: Found coremod coremods/field_to_instanceof.js
[27Jul2026 19:37:23.366] [main/DEBUG] [net.minecraftforge.fml.loading.moddiscovery.ModFile/LOADING]: Found coremod coremods/add_bouncer_method.js
[27Jul2026 19:37:23.366] [main/DEBUG] [net.minecraftforge.fml.loading.moddiscovery.ModFile/LOADING]: Found coremod coremods/method_redirector.js
[27Jul2026 19:37:23.366] [main/DEBUG] [net.minecraftforge.fml.loading.moddiscovery.ModFileParser/LOADING]: Considering mod file candidate C:\Users\olige\.gradle\caches\forge_gradle\deobf_dependencies\dev\engine-room\flywheel\flywheel-forge-1.20.1\1.0.5_mapped_parchment_2023.06.26-1.20.1\flywheel-forge-1.20.1-1.0.5_mapped_parchment_2023.06.26-1.20.1.jar
[27Jul2026 19:37:23.368] [main/DEBUG] [net.minecraftforge.fml.loading.moddiscovery.ModFileInfo/LOADING]: Found valid mod file flywheel-forge-1.20.1-1.0.5_mapped_parchment_2023.06.26-1.20.1.jar with {flywheel} mods - versions {1.0.5}
[27Jul2026 19:37:23.369] [main/DEBUG] [net.minecraftforge.fml.loading.moddiscovery.ModFile/LOADING]: Loading mod file C:\Users\olige\.gradle\caches\forge_gradle\deobf_dependencies\dev\engine-room\flywheel\flywheel-forge-1.20.1\1.0.5_mapped_parchment_2023.06.26-1.20.1\flywheel-forge-1.20.1-1.0.5_mapped_parchment_2023.06.26-1.20.1.jar with languages [LanguageSpec[languageName=javafml, acceptedVersions=[0,)]]
[27Jul2026 19:37:23.369] [main/DEBUG] [net.minecraftforge.fml.loading.moddiscovery.ModFileParser/LOADING]: Considering mod file candidate C:\Users\olige\Desktop\mods\vintage\vintagefurnishings\build\resources\main
[27Jul2026 19:37:23.374] [main/DEBUG] [net.minecraftforge.fml.loading.moddiscovery.ModFileInfo/LOADING]: Found valid mod file main with {vintagefurn} mods - versions {0.0.2-1.20.1}
[27Jul2026 19:37:23.375] [main/DEBUG] [net.minecraftforge.fml.loading.moddiscovery.ModFile/LOADING]: Loading mod file C:\Users\olige\Desktop\mods\vintage\vintagefurnishings\build\resources\main with languages [LanguageSpec[languageName=javafml, acceptedVersions=[47,)]]
[27Jul2026 19:37:23.376] [main/DEBUG] [net.minecraftforge.fml.loading.moddiscovery.ModFileParser/LOADING]: Considering mod file candidate C:\Users\olige\.gradle\caches\forge_gradle\deobf_dependencies\com\simibubi\create\create-1.20.1\6.0.8-289_mapped_parchment_2023.06.26-1.20.1\create-1.20.1-6.0.8-289_mapped_parchment_2023.06.26-1.20.1-slim.jar
[27Jul2026 19:37:23.378] [main/DEBUG] [net.minecraftforge.fml.loading.moddiscovery.ModFileInfo/LOADING]: Found valid mod file create-1.20.1-6.0.8-289_mapped_parchment_2023.06.26-1.20.1-slim.jar with {create} mods - versions {6.0.8-289}
[27Jul2026 19:37:23.379] [main/DEBUG] [net.minecraftforge.fml.loading.moddiscovery.ModFile/LOADING]: Loading mod file C:\Users\olige\.gradle\caches\forge_gradle\deobf_dependencies\com\simibubi\create\create-1.20.1\6.0.8-289_mapped_parchment_2023.06.26-1.20.1\create-1.20.1-6.0.8-289_mapped_parchment_2023.06.26-1.20.1-slim.jar with languages [LanguageSpec[languageName=javafml, acceptedVersions=[47,)]]
[27Jul2026 19:37:23.379] [main/DEBUG] [net.minecraftforge.fml.loading.moddiscovery.ModFileParser/LOADING]: Considering mod file candidate C:\Users\olige\.gradle\caches\forge_gradle\deobf_dependencies\curse\maven\every-compat-628539\8332989_mapped_parchment_2023.06.26-1.20.1\every-compat-628539-8332989_mapped_parchment_2023.06.26-1.20.1.jar
[27Jul2026 19:37:23.382] [main/DEBUG] [net.minecraftforge.fml.loading.moddiscovery.ModFileInfo/LOADING]: Found valid mod file every-compat-628539-8332989_mapped_parchment_2023.06.26-1.20.1.jar with {everycomp} mods - versions {1.20-2.9.24}
[27Jul2026 19:37:23.382] [main/DEBUG] [net.minecraftforge.fml.loading.moddiscovery.ModFile/LOADING]: Loading mod file C:\Users\olige\.gradle\caches\forge_gradle\deobf_dependencies\curse\maven\every-compat-628539\8332989_mapped_parchment_2023.06.26-1.20.1\every-compat-628539-8332989_mapped_parchment_2023.06.26-1.20.1.jar with languages [LanguageSpec[languageName=javafml, acceptedVersions=[40,)]]
[27Jul2026 19:37:23.383] [main/DEBUG] [net.minecraftforge.fml.loading.moddiscovery.ModFileParser/LOADING]: Considering mod file candidate C:\Users\olige\.gradle\caches\forge_gradle\deobf_dependencies\net\createmod\ponder\Ponder-Forge-1.20.1\1.0.91_mapped_parchment_2023.06.26-1.20.1\Ponder-Forge-1.20.1-1.0.91_mapped_parchment_2023.06.26-1.20.1.jar
[27Jul2026 19:37:23.385] [main/DEBUG] [net.minecraftforge.fml.loading.moddiscovery.ModFileInfo/LOADING]: Found valid mod file Ponder-Forge-1.20.1-1.0.91_mapped_parchment_2023.06.26-1.20.1.jar with {ponder} mods - versions {1.0.91}
[27Jul2026 19:37:23.385] [main/DEBUG] [net.minecraftforge.fml.loading.moddiscovery.ModFile/LOADING]: Loading mod file C:\Users\olige\.gradle\caches\forge_gradle\deobf_dependencies\net\createmod\ponder\Ponder-Forge-1.20.1\1.0.91_mapped_parchment_2023.06.26-1.20.1\Ponder-Forge-1.20.1-1.0.91_mapped_parchment_2023.06.26-1.20.1.jar with languages [LanguageSpec[languageName=javafml, acceptedVersions=[47,)]]
[27Jul2026 19:37:23.386] [main/DEBUG] [net.minecraftforge.fml.loading.moddiscovery.ModFile/LOADING]: Loading mod file  with languages []
[27Jul2026 19:37:23.386] [main/DEBUG] [net.minecraftforge.fml.loading.moddiscovery.ModFileParser/LOADING]: Considering mod file candidate 
[27Jul2026 19:37:23.387] [main/DEBUG] [net.minecraftforge.fml.loading.moddiscovery.ModFileInfo/LOADING]: Found valid mod file mixinextras-forge-0.4.1.jar with {mixinextras} mods - versions {0.4.1}
[27Jul2026 19:37:23.388] [main/DEBUG] [net.minecraftforge.fml.loading.moddiscovery.ModFile/LOADING]: Loading mod file  with languages [LanguageSpec[languageName=javafml, acceptedVersions=*]]
[27Jul2026 19:37:23.388] [main/DEBUG] [net.minecraftforge.fml.loading.moddiscovery.ModFile/LOADING]: Loading mod file C:\Users\olige\.gradle\caches\forge_gradle\deobf_dependencies\com\tterrag\registrate\Registrate\MC1.20-1.3.3_mapped_parchment_2023.06.26-1.20.1\Registrate-MC1.20-1.3.3_mapped_parchment_2023.06.26-1.20.1.jar with languages []
[27Jul2026 19:37:23.389] [main/DEBUG] [net.minecraftforge.fml.loading.moddiscovery.ModFile/LOADING]: Loading mod file  with languages []
[27Jul2026 19:37:23.389] [main/DEBUG] [net.minecraftforge.fml.loading.moddiscovery.ModFileParser/LOADING]: Considering mod file candidate 
[27Jul2026 19:37:23.390] [main/DEBUG] [net.minecraftforge.fml.loading.moddiscovery.ModFileInfo/LOADING]: Found valid mod file mixinsquared-forge-0.1.1.jar with {mixinsquared} mods - versions {0.1.1}
[27Jul2026 19:37:23.391] [main/DEBUG] [net.minecraftforge.fml.loading.moddiscovery.ModFile/LOADING]: Loading mod file  with languages [LanguageSpec[languageName=javafml, acceptedVersions=*]]
[27Jul2026 19:37:23.391] [main/DEBUG] [net.minecraftforge.fml.loading.moddiscovery.ModFile/LOADING]: Loading mod file  with languages []
[27Jul2026 19:37:23.392] [main/DEBUG] [net.minecraftforge.fml.loading.moddiscovery.ModFileParser/LOADING]: Considering mod file candidate 
[27Jul2026 19:37:23.393] [main/DEBUG] [net.minecraftforge.fml.loading.moddiscovery.ModFileInfo/LOADING]: Found valid mod file mixinextras-forge-0.4.1.jar with {mixinextras} mods - versions {0.4.1}
[27Jul2026 19:37:23.394] [main/DEBUG] [net.minecraftforge.fml.loading.moddiscovery.ModFile/LOADING]: Loading mod file  with languages [LanguageSpec[languageName=javafml, acceptedVersions=*]]
[27Jul2026 19:37:23.396] [main/DEBUG] [net.minecraftforge.fml.loading.moddiscovery.ModFile/LOADING]: Loading mod file C:\Users\olige\.gradle\caches\forge_gradle\deobf_dependencies\com\tterrag\registrate\Registrate\MC1.20-1.3.3_mapped_parchment_2023.06.26-1.20.1\Registrate-MC1.20-1.3.3_mapped_parchment_2023.06.26-1.20.1.jar with languages []
[27Jul2026 19:37:23.396] [main/DEBUG] [net.minecraftforge.fml.loading.moddiscovery.ModFile/LOADING]: Loading mod file  with languages []
[27Jul2026 19:37:23.397] [main/DEBUG] [net.minecraftforge.fml.loading.moddiscovery.ModFileParser/LOADING]: Considering mod file candidate 
[27Jul2026 19:37:23.398] [main/DEBUG] [net.minecraftforge.fml.loading.moddiscovery.ModFileInfo/LOADING]: Found valid mod file mixinsquared-forge-0.1.1.jar with {mixinsquared} mods - versions {0.1.1}
[27Jul2026 19:37:23.398] [main/DEBUG] [net.minecraftforge.fml.loading.moddiscovery.ModFile/LOADING]: Loading mod file  with languages [LanguageSpec[languageName=javafml, acceptedVersions=*]]
[27Jul2026 19:37:23.400] [main/DEBUG] [cpw.mods.modlauncher.TransformationServiceDecorator/MODLAUNCHER]: End scan trigger - transformation service fml
[27Jul2026 19:37:23.424] [main/DEBUG] [net.minecraftforge.fml.loading.LanguageLoadingProvider/CORE]: Found 3 language providers
[27Jul2026 19:37:23.426] [main/DEBUG] [net.minecraftforge.fml.loading.LanguageLoadingProvider/CORE]: Found language provider minecraft, version 1.0
[27Jul2026 19:37:23.427] [main/DEBUG] [net.minecraftforge.fml.loading.LanguageLoadingProvider/CORE]: Found language provider lowcodefml, version 47
[27Jul2026 19:37:23.427] [main/DEBUG] [net.minecraftforge.fml.loading.LanguageLoadingProvider/CORE]: Found language provider javafml, version 47
[27Jul2026 19:37:23.434] [main/DEBUG] [net.minecraftforge.fml.loading.UniqueModListBuilder/]: Found 2 mods for first modid mixinextras, selecting most recent based on version data
[27Jul2026 19:37:23.434] [main/DEBUG] [net.minecraftforge.fml.loading.UniqueModListBuilder/]: Selected file mixinextras-forge-0.4.1.jar for modid mixinextras with version 0.4.1
[27Jul2026 19:37:23.435] [main/DEBUG] [net.minecraftforge.fml.loading.UniqueModListBuilder/]: Found 2 mods for first modid mixinsquared, selecting most recent based on version data
[27Jul2026 19:37:23.435] [main/DEBUG] [net.minecraftforge.fml.loading.UniqueModListBuilder/]: Selected file mixinsquared-forge-0.1.1.jar for modid mixinsquared with version 0.1.1
[27Jul2026 19:37:23.435] [main/DEBUG] [net.minecraftforge.fml.loading.UniqueModListBuilder/]: Found 2 mods for first modid MixinExtras, selecting most recent based on version data
[27Jul2026 19:37:23.436] [main/DEBUG] [net.minecraftforge.fml.loading.UniqueModListBuilder/]: Selected file MixinExtras-0.4.1.jar for modid MixinExtras with version 0.0NONE
[27Jul2026 19:37:23.436] [main/DEBUG] [net.minecraftforge.fml.loading.UniqueModListBuilder/]: Found 2 mods for first modid Registrate, selecting most recent based on version data
[27Jul2026 19:37:23.436] [main/DEBUG] [net.minecraftforge.fml.loading.UniqueModListBuilder/]: Selected file Registrate-MC1.20-1.3.3_mapped_parchment_2023.06.26-1.20.1.jar for modid Registrate with version 0.0NONE
[27Jul2026 19:37:23.436] [main/DEBUG] [net.minecraftforge.fml.loading.UniqueModListBuilder/]: Found 2 mods for first modid MixinSquared, selecting most recent based on version data
[27Jul2026 19:37:23.437] [main/DEBUG] [net.minecraftforge.fml.loading.UniqueModListBuilder/]: Selected file MixinSquared-0.1.1.jar for modid MixinSquared with version 0.0NONE
[27Jul2026 19:37:23.440] [main/DEBUG] [net.minecraftforge.fml.loading.ModSorter/]: Configured system mods: [minecraft, forge]
[27Jul2026 19:37:23.441] [main/DEBUG] [net.minecraftforge.fml.loading.ModSorter/]: Found system mod: minecraft
[27Jul2026 19:37:23.441] [main/DEBUG] [net.minecraftforge.fml.loading.ModSorter/]: Found system mod: forge
[27Jul2026 19:37:23.446] [main/DEBUG] [net.minecraftforge.fml.loading.ModSorter/LOADING]: Found 28 mod requirements (17 mandatory, 11 optional)
[27Jul2026 19:37:23.449] [main/DEBUG] [net.minecraftforge.fml.loading.ModSorter/LOADING]: Found 0 mod requirements missing (0 mandatory, 0 optional)
[27Jul2026 19:37:24.294] [main/DEBUG] [net.minecraftforge.fml.loading.MCPNamingService/CORE]: Loaded 34315 method mappings from methods.csv
[27Jul2026 19:37:24.340] [main/DEBUG] [net.minecraftforge.fml.loading.MCPNamingService/CORE]: Loaded 31011 field mappings from fields.csv
[27Jul2026 19:37:24.471] [main/DEBUG] [cpw.mods.modlauncher.TransformationServicesHandler/MODLAUNCHER]: Transformation services loading transformers
[27Jul2026 19:37:24.473] [main/DEBUG] [cpw.mods.modlauncher.TransformationServiceDecorator/MODLAUNCHER]: Initializing transformers for transformation service mixin
[27Jul2026 19:37:24.474] [main/DEBUG] [cpw.mods.modlauncher.TransformationServiceDecorator/MODLAUNCHER]: Initialized transformers for transformation service mixin
[27Jul2026 19:37:24.474] [main/DEBUG] [cpw.mods.modlauncher.TransformationServiceDecorator/MODLAUNCHER]: Initializing transformers for transformation service fml
[27Jul2026 19:37:24.474] [main/DEBUG] [net.minecraftforge.fml.loading.FMLServiceProvider/CORE]: Loading coremod transformers
[27Jul2026 19:37:24.475] [main/DEBUG] [net.minecraftforge.coremod.CoreModEngine/COREMOD]: Loading CoreMod from coremods/field_to_method.js
[27Jul2026 19:37:24.815] [main/DEBUG] [net.minecraftforge.coremod.CoreModEngine/COREMOD]: CoreMod loaded successfully
[27Jul2026 19:37:24.816] [main/DEBUG] [net.minecraftforge.coremod.CoreModEngine/COREMOD]: Loading CoreMod from coremods/field_to_instanceof.js
[27Jul2026 19:37:24.959] [main/DEBUG] [net.minecraftforge.coremod.CoreModEngine/COREMOD]: CoreMod loaded successfully
[27Jul2026 19:37:24.960] [main/DEBUG] [net.minecraftforge.coremod.CoreModEngine/COREMOD]: Loading CoreMod from coremods/add_bouncer_method.js
[27Jul2026 19:37:25.031] [main/DEBUG] [net.minecraftforge.coremod.CoreModEngine/COREMOD]: CoreMod loaded successfully
[27Jul2026 19:37:25.031] [main/DEBUG] [net.minecraftforge.coremod.CoreModEngine/COREMOD]: Loading CoreMod from coremods/method_redirector.js
[27Jul2026 19:37:25.149] [main/DEBUG] [net.minecraftforge.coremod.CoreModEngine/COREMOD]: CoreMod loaded successfully
[27Jul2026 19:37:25.182] [main/DEBUG] [cpw.mods.modlauncher.TransformStore/MODLAUNCHER]: Adding transformer net.minecraftforge.coremod.transformer.CoreModClassTransformer@659feb22 to Target : CLASS {Lnet/minecraft/world/level/biome/Biome;} {} {V}
[27Jul2026 19:37:25.184] [main/DEBUG] [cpw.mods.modlauncher.TransformStore/MODLAUNCHER]: Adding transformer net.minecraftforge.coremod.transformer.CoreModClassTransformer@109f8c7e to Target : CLASS {Lnet/minecraft/world/level/levelgen/structure/Structure;} {} {V}
[27Jul2026 19:37:25.184] [main/DEBUG] [cpw.mods.modlauncher.TransformStore/MODLAUNCHER]: Adding transformer net.minecraftforge.coremod.transformer.CoreModClassTransformer@5edacf20 to Target : CLASS {Lnet/minecraft/world/effect/MobEffectInstance;} {} {V}
[27Jul2026 19:37:25.185] [main/DEBUG] [cpw.mods.modlauncher.TransformStore/MODLAUNCHER]: Adding transformer net.minecraftforge.coremod.transformer.CoreModClassTransformer@16a5eb6d to Target : CLASS {Lnet/minecraft/world/level/block/LiquidBlock;} {} {V}
[27Jul2026 19:37:25.185] [main/DEBUG] [cpw.mods.modlauncher.TransformStore/MODLAUNCHER]: Adding transformer net.minecraftforge.coremod.transformer.CoreModClassTransformer@7e307087 to Target : CLASS {Lnet/minecraft/world/item/BucketItem;} {} {V}
[27Jul2026 19:37:25.185] [main/DEBUG] [cpw.mods.modlauncher.TransformStore/MODLAUNCHER]: Adding transformer net.minecraftforge.coremod.transformer.CoreModClassTransformer@1220ef43 to Target : CLASS {Lnet/minecraft/world/level/block/StairBlock;} {} {V}
[27Jul2026 19:37:25.186] [main/DEBUG] [cpw.mods.modlauncher.TransformStore/MODLAUNCHER]: Adding transformer net.minecraftforge.coremod.transformer.CoreModClassTransformer@1a8b81e8 to Target : CLASS {Lnet/minecraft/world/level/block/FlowerPotBlock;} {} {V}
[27Jul2026 19:37:25.186] [main/DEBUG] [cpw.mods.modlauncher.TransformStore/MODLAUNCHER]: Adding transformer net.minecraftforge.coremod.transformer.CoreModClassTransformer@234cff57 to Target : CLASS {Lnet/minecraft/world/item/ItemStack;} {} {V}
[27Jul2026 19:37:25.186] [main/DEBUG] [cpw.mods.modlauncher.TransformStore/MODLAUNCHER]: Adding transformer net.minecraftforge.coremod.transformer.CoreModClassTransformer@5e8507f1 to Target : CLASS {Lnet/minecraft/network/play/client/CClientSettingsPacket;} {} {V}
[27Jul2026 19:37:25.187] [main/DEBUG] [cpw.mods.modlauncher.TransformStore/MODLAUNCHER]: Adding transformer net.minecraftforge.coremod.transformer.CoreModClassTransformer@4bcaa195 to Target : CLASS {Lnet/minecraft/world/entity/EntityType;} {} {V}
[27Jul2026 19:37:25.187] [main/DEBUG] [cpw.mods.modlauncher.TransformStore/MODLAUNCHER]: Adding transformer net.minecraftforge.coremod.transformer.CoreModClassTransformer@4bcaa195 to Target : CLASS {Lnet/minecraft/world/entity/ai/village/VillageSiege;} {} {V}
[27Jul2026 19:37:25.187] [main/DEBUG] [cpw.mods.modlauncher.TransformStore/MODLAUNCHER]: Adding transformer net.minecraftforge.coremod.transformer.CoreModClassTransformer@4bcaa195 to Target : CLASS {Lnet/minecraft/world/level/levelgen/PatrolSpawner;} {} {V}
[27Jul2026 19:37:25.188] [main/DEBUG] [cpw.mods.modlauncher.TransformStore/MODLAUNCHER]: Adding transformer net.minecraftforge.coremod.transformer.CoreModClassTransformer@4bcaa195 to Target : CLASS {Lnet/minecraft/world/level/levelgen/structure/templatesystem/StructureTemplate;} {} {V}
[27Jul2026 19:37:25.188] [main/DEBUG] [cpw.mods.modlauncher.TransformStore/MODLAUNCHER]: Adding transformer net.minecraftforge.coremod.transformer.CoreModClassTransformer@4bcaa195 to Target : CLASS {Lnet/minecraft/world/entity/monster/Spider;} {} {V}
[27Jul2026 19:37:25.188] [main/DEBUG] [cpw.mods.modlauncher.TransformStore/MODLAUNCHER]: Adding transformer net.minecraftforge.coremod.transformer.CoreModClassTransformer@4bcaa195 to Target : CLASS {Lnet/minecraft/world/entity/animal/frog/Tadpole;} {} {V}
[27Jul2026 19:37:25.188] [main/DEBUG] [cpw.mods.modlauncher.TransformStore/MODLAUNCHER]: Adding transformer net.minecraftforge.coremod.transformer.CoreModClassTransformer@4bcaa195 to Target : CLASS {Lnet/minecraft/world/entity/monster/Strider;} {} {V}
[27Jul2026 19:37:25.189] [main/DEBUG] [cpw.mods.modlauncher.TransformStore/MODLAUNCHER]: Adding transformer net.minecraftforge.coremod.transformer.CoreModClassTransformer@4bcaa195 to Target : CLASS {Lnet/minecraft/world/level/levelgen/structure/structures/WoodlandMansionPieces$WoodlandMansionPiece;} {} {V}
[27Jul2026 19:37:25.189] [main/DEBUG] [cpw.mods.modlauncher.TransformStore/MODLAUNCHER]: Adding transformer net.minecraftforge.coremod.transformer.CoreModClassTransformer@4bcaa195 to Target : CLASS {Lnet/minecraft/world/entity/raid/Raid;} {} {V}
[27Jul2026 19:37:25.190] [main/DEBUG] [cpw.mods.modlauncher.TransformStore/MODLAUNCHER]: Adding transformer net.minecraftforge.coremod.transformer.CoreModClassTransformer@4bcaa195 to Target : CLASS {Lnet/minecraft/world/level/levelgen/structure/structures/OceanMonumentPieces$OceanMonumentPiece;} {} {V}
[27Jul2026 19:37:25.191] [main/DEBUG] [cpw.mods.modlauncher.TransformStore/MODLAUNCHER]: Adding transformer net.minecraftforge.coremod.transformer.CoreModClassTransformer@4bcaa195 to Target : CLASS {Lnet/minecraft/world/level/levelgen/structure/structures/OceanRuinPieces$OceanRuinPiece;} {} {V}
[27Jul2026 19:37:25.191] [main/DEBUG] [cpw.mods.modlauncher.TransformStore/MODLAUNCHER]: Adding transformer net.minecraftforge.coremod.transformer.CoreModClassTransformer@4bcaa195 to Target : CLASS {Lnet/minecraft/world/entity/npc/CatSpawner;} {} {V}
[27Jul2026 19:37:25.191] [main/DEBUG] [cpw.mods.modlauncher.TransformStore/MODLAUNCHER]: Adding transformer net.minecraftforge.coremod.transformer.CoreModClassTransformer@4bcaa195 to Target : CLASS {Lnet/minecraft/world/level/NaturalSpawner;} {} {V}
[27Jul2026 19:37:25.191] [main/DEBUG] [cpw.mods.modlauncher.TransformStore/MODLAUNCHER]: Adding transformer net.minecraftforge.coremod.transformer.CoreModClassTransformer@4bcaa195 to Target : CLASS {Lnet/minecraft/server/commands/RaidCommand;} {} {V}
[27Jul2026 19:37:25.191] [main/DEBUG] [cpw.mods.modlauncher.TransformStore/MODLAUNCHER]: Adding transformer net.minecraftforge.coremod.transformer.CoreModClassTransformer@4bcaa195 to Target : CLASS {Lnet/minecraft/world/entity/monster/Evoker$EvokerSummonSpellGoal;} {} {V}
[27Jul2026 19:37:25.192] [main/DEBUG] [cpw.mods.modlauncher.TransformStore/MODLAUNCHER]: Adding transformer net.minecraftforge.coremod.transformer.CoreModClassTransformer@4bcaa195 to Target : CLASS {Lnet/minecraft/world/entity/npc/Villager;} {} {V}
[27Jul2026 19:37:25.192] [main/DEBUG] [cpw.mods.modlauncher.TransformStore/MODLAUNCHER]: Adding transformer net.minecraftforge.coremod.transformer.CoreModClassTransformer@4bcaa195 to Target : CLASS {Lnet/minecraft/world/entity/monster/Zombie;} {} {V}
[27Jul2026 19:37:25.192] [main/DEBUG] [cpw.mods.modlauncher.TransformStore/MODLAUNCHER]: Adding transformer net.minecraftforge.coremod.transformer.CoreModClassTransformer@4bcaa195 to Target : CLASS {Lnet/minecraft/world/entity/monster/ZombieVillager;} {} {V}
[27Jul2026 19:37:25.194] [main/DEBUG] [cpw.mods.modlauncher.TransformStore/MODLAUNCHER]: Adding transformer net.minecraftforge.coremod.transformer.CoreModClassTransformer@4bcaa195 to Target : CLASS {Lnet/minecraft/server/commands/SummonCommand;} {} {V}
[27Jul2026 19:37:25.195] [main/DEBUG] [cpw.mods.modlauncher.TransformStore/MODLAUNCHER]: Adding transformer net.minecraftforge.coremod.transformer.CoreModClassTransformer@4bcaa195 to Target : CLASS {Lnet/minecraft/world/entity/animal/horse/SkeletonTrapGoal;} {} {V}
[27Jul2026 19:37:25.195] [main/DEBUG] [cpw.mods.modlauncher.TransformStore/MODLAUNCHER]: Adding transformer net.minecraftforge.coremod.transformer.CoreModClassTransformer@4bcaa195 to Target : CLASS {Lnet/minecraft/world/level/levelgen/PhantomSpawner;} {} {V}
[27Jul2026 19:37:25.196] [main/DEBUG] [cpw.mods.modlauncher.TransformStore/MODLAUNCHER]: Adding transformer net.minecraftforge.coremod.transformer.CoreModClassTransformer@4bcaa195 to Target : CLASS {Lnet/minecraft/world/level/levelgen/structure/structures/SwampHutPiece;} {} {V}
[27Jul2026 19:37:25.196] [main/DEBUG] [cpw.mods.modlauncher.TransformationServiceDecorator/MODLAUNCHER]: Initialized transformers for transformation service fml
[27Jul2026 19:37:29.372] [main/DEBUG] [mixin/]: Processing prepare() for PlatformAgent[MixinPlatformAgentDefault:ModLauncher Root Container(ModLauncher:4f56a0a2)]
[27Jul2026 19:37:29.372] [main/DEBUG] [mixin/]: Processing launch tasks for PlatformAgent[MixinPlatformAgentDefault:ModLauncher Root Container(ModLauncher:4f56a0a2)]
[27Jul2026 19:37:29.373] [main/DEBUG] [mixin/]: Adding mixin platform agents for container SecureJarResource(minecraft)
[27Jul2026 19:37:29.373] [main/DEBUG] [mixin/]: Instancing new MixinPlatformAgentMinecraftForge for SecureJarResource(minecraft)
[27Jul2026 19:37:29.373] [main/DEBUG] [mixin/]: MixinPlatformAgentMinecraftForge rejected container SecureJarResource(minecraft)
[27Jul2026 19:37:29.373] [main/DEBUG] [mixin/]: Instancing new MixinPlatformAgentDefault for SecureJarResource(minecraft)
[27Jul2026 19:37:29.373] [main/DEBUG] [mixin/]: MixinPlatformAgentDefault accepted container SecureJarResource(minecraft)
[27Jul2026 19:37:29.374] [main/DEBUG] [mixin/]: Processing prepare() for PlatformAgent[MixinPlatformAgentDefault:SecureJarResource(minecraft)]
[27Jul2026 19:37:29.374] [main/DEBUG] [mixin/]: Adding mixin platform agents for container SecureJarResource(mixinextras)
[27Jul2026 19:37:29.374] [main/DEBUG] [mixin/]: Instancing new MixinPlatformAgentMinecraftForge for SecureJarResource(mixinextras)
[27Jul2026 19:37:29.374] [main/DEBUG] [mixin/]: MixinPlatformAgentMinecraftForge rejected container SecureJarResource(mixinextras)
[27Jul2026 19:37:29.374] [main/DEBUG] [mixin/]: Instancing new MixinPlatformAgentDefault for SecureJarResource(mixinextras)
[27Jul2026 19:37:29.375] [main/DEBUG] [mixin/]: MixinPlatformAgentDefault accepted container SecureJarResource(mixinextras)
[27Jul2026 19:37:29.375] [main/DEBUG] [mixin/]: Processing prepare() for PlatformAgent[MixinPlatformAgentDefault:SecureJarResource(mixinextras)]
[27Jul2026 19:37:29.375] [main/DEBUG] [mixin/]: Registering mixin config: mixinextras.init.mixins.json
[27Jul2026 19:37:29.397] [main/DEBUG] [mixin/]: Adding mixin platform agents for container SecureJarResource(moonlight)
[27Jul2026 19:37:29.397] [main/DEBUG] [mixin/]: Instancing new MixinPlatformAgentMinecraftForge for SecureJarResource(moonlight)
[27Jul2026 19:37:29.397] [main/DEBUG] [mixin/]: MixinPlatformAgentMinecraftForge rejected container SecureJarResource(moonlight)
[27Jul2026 19:37:29.398] [main/DEBUG] [mixin/]: Instancing new MixinPlatformAgentDefault for SecureJarResource(moonlight)
[27Jul2026 19:37:29.398] [main/DEBUG] [mixin/]: MixinPlatformAgentDefault accepted container SecureJarResource(moonlight)
[27Jul2026 19:37:29.398] [main/DEBUG] [mixin/]: Processing prepare() for PlatformAgent[MixinPlatformAgentDefault:SecureJarResource(moonlight)]
[27Jul2026 19:37:29.398] [main/DEBUG] [mixin/]: Registering mixin config: moonlight-common.mixins.json
[27Jul2026 19:37:29.402] [main/DEBUG] [mixin/]: Compatibility level JAVA_17 specified by moonlight-common.mixins.json is higher than the maximum level supported by this version of mixin (JAVA_13).
[27Jul2026 19:37:29.407] [main/INFO] [mixin/]: Compatibility level set to JAVA_17
[27Jul2026 19:37:29.408] [main/DEBUG] [mixin/]: Registering mixin config: moonlight.mixins.json
[27Jul2026 19:37:29.411] [main/DEBUG] [mixin/]: Adding mixin platform agents for container SecureJarResource(mixinsquared)
[27Jul2026 19:37:29.411] [main/DEBUG] [mixin/]: Instancing new MixinPlatformAgentMinecraftForge for SecureJarResource(mixinsquared)
[27Jul2026 19:37:29.411] [main/DEBUG] [mixin/]: MixinPlatformAgentMinecraftForge rejected container SecureJarResource(mixinsquared)
[27Jul2026 19:37:29.412] [main/DEBUG] [mixin/]: Instancing new MixinPlatformAgentDefault for SecureJarResource(mixinsquared)
[27Jul2026 19:37:29.412] [main/DEBUG] [mixin/]: MixinPlatformAgentDefault accepted container SecureJarResource(mixinsquared)
[27Jul2026 19:37:29.412] [main/DEBUG] [mixin/]: Processing prepare() for PlatformAgent[MixinPlatformAgentDefault:SecureJarResource(mixinsquared)]
[27Jul2026 19:37:29.412] [main/DEBUG] [mixin/]: Registering mixin config: mixinsquared.init.mixins.json
[27Jul2026 19:37:29.416] [main/DEBUG] [mixin/]: Adding mixin platform agents for container SecureJarResource(vintagefurn)
[27Jul2026 19:37:29.417] [main/DEBUG] [mixin/]: Instancing new MixinPlatformAgentMinecraftForge for SecureJarResource(vintagefurn)
[27Jul2026 19:37:29.417] [main/DEBUG] [mixin/]: MixinPlatformAgentMinecraftForge rejected container SecureJarResource(vintagefurn)
[27Jul2026 19:37:29.417] [main/DEBUG] [mixin/]: Instancing new MixinPlatformAgentDefault for SecureJarResource(vintagefurn)
[27Jul2026 19:37:29.417] [main/DEBUG] [mixin/]: MixinPlatformAgentDefault accepted container SecureJarResource(vintagefurn)
[27Jul2026 19:37:29.417] [main/DEBUG] [mixin/]: Processing prepare() for PlatformAgent[MixinPlatformAgentDefault:SecureJarResource(vintagefurn)]
[27Jul2026 19:37:29.418] [main/DEBUG] [mixin/]: Adding mixin platform agents for container SecureJarResource(forge)
[27Jul2026 19:37:29.418] [main/DEBUG] [mixin/]: Instancing new MixinPlatformAgentMinecraftForge for SecureJarResource(forge)
[27Jul2026 19:37:29.418] [main/DEBUG] [mixin/]: MixinPlatformAgentMinecraftForge rejected container SecureJarResource(forge)
[27Jul2026 19:37:29.418] [main/DEBUG] [mixin/]: Instancing new MixinPlatformAgentDefault for SecureJarResource(forge)
[27Jul2026 19:37:29.418] [main/DEBUG] [mixin/]: MixinPlatformAgentDefault accepted container SecureJarResource(forge)
[27Jul2026 19:37:29.419] [main/DEBUG] [mixin/]: Processing prepare() for PlatformAgent[MixinPlatformAgentDefault:SecureJarResource(forge)]
[27Jul2026 19:37:29.419] [main/DEBUG] [mixin/]: Adding mixin platform agents for container SecureJarResource(flywheel)
[27Jul2026 19:37:29.419] [main/DEBUG] [mixin/]: Instancing new MixinPlatformAgentMinecraftForge for SecureJarResource(flywheel)
[27Jul2026 19:37:29.419] [main/DEBUG] [mixin/]: MixinPlatformAgentMinecraftForge rejected container SecureJarResource(flywheel)
[27Jul2026 19:37:29.420] [main/DEBUG] [mixin/]: Instancing new MixinPlatformAgentDefault for SecureJarResource(flywheel)
[27Jul2026 19:37:29.420] [main/DEBUG] [mixin/]: MixinPlatformAgentDefault accepted container SecureJarResource(flywheel)
[27Jul2026 19:37:29.421] [main/DEBUG] [mixin/]: Processing prepare() for PlatformAgent[MixinPlatformAgentDefault:SecureJarResource(flywheel)]
[27Jul2026 19:37:29.421] [main/DEBUG] [mixin/]: Registering mixin config: flywheel.backend.mixins.json
[27Jul2026 19:37:29.425] [main/DEBUG] [mixin/]: Registering mixin config: flywheel.impl.mixins.json
[27Jul2026 19:37:29.429] [main/DEBUG] [mixin/]: Adding mixin platform agents for container SecureJarResource(ponder)
[27Jul2026 19:37:29.429] [main/DEBUG] [mixin/]: Instancing new MixinPlatformAgentMinecraftForge for SecureJarResource(ponder)
[27Jul2026 19:37:29.430] [main/DEBUG] [mixin/]: MixinPlatformAgentMinecraftForge rejected container SecureJarResource(ponder)
[27Jul2026 19:37:29.430] [main/DEBUG] [mixin/]: Instancing new MixinPlatformAgentDefault for SecureJarResource(ponder)
[27Jul2026 19:37:29.430] [main/DEBUG] [mixin/]: MixinPlatformAgentDefault accepted container SecureJarResource(ponder)
[27Jul2026 19:37:29.431] [main/DEBUG] [mixin/]: Processing prepare() for PlatformAgent[MixinPlatformAgentDefault:SecureJarResource(ponder)]
[27Jul2026 19:37:29.432] [main/DEBUG] [mixin/]: Registering mixin config: ponder.mixins.json
[27Jul2026 19:37:29.435] [main/DEBUG] [mixin/]: Registering mixin config: ponder-common.mixins.json
[27Jul2026 19:37:29.437] [main/DEBUG] [mixin/]: Adding mixin platform agents for container SecureJarResource(create)
[27Jul2026 19:37:29.437] [main/DEBUG] [mixin/]: Instancing new MixinPlatformAgentMinecraftForge for SecureJarResource(create)
[27Jul2026 19:37:29.437] [main/DEBUG] [mixin/]: MixinPlatformAgentMinecraftForge rejected container SecureJarResource(create)
[27Jul2026 19:37:29.438] [main/DEBUG] [mixin/]: Instancing new MixinPlatformAgentDefault for SecureJarResource(create)
[27Jul2026 19:37:29.438] [main/DEBUG] [mixin/]: MixinPlatformAgentDefault accepted container SecureJarResource(create)
[27Jul2026 19:37:29.438] [main/DEBUG] [mixin/]: Processing prepare() for PlatformAgent[MixinPlatformAgentDefault:SecureJarResource(create)]
[27Jul2026 19:37:29.438] [main/DEBUG] [mixin/]: Registering mixin config: create.mixins.json
[27Jul2026 19:37:29.441] [main/DEBUG] [mixin/]: Adding mixin platform agents for container SecureJarResource(everycomp)
[27Jul2026 19:37:29.442] [main/DEBUG] [mixin/]: Instancing new MixinPlatformAgentMinecraftForge for SecureJarResource(everycomp)
[27Jul2026 19:37:29.442] [main/DEBUG] [mixin/]: MixinPlatformAgentMinecraftForge rejected container SecureJarResource(everycomp)
[27Jul2026 19:37:29.442] [main/DEBUG] [mixin/]: Instancing new MixinPlatformAgentDefault for SecureJarResource(everycomp)
[27Jul2026 19:37:29.442] [main/DEBUG] [mixin/]: MixinPlatformAgentDefault accepted container SecureJarResource(everycomp)
[27Jul2026 19:37:29.442] [main/DEBUG] [mixin/]: Processing prepare() for PlatformAgent[MixinPlatformAgentDefault:SecureJarResource(everycomp)]
[27Jul2026 19:37:29.443] [main/DEBUG] [mixin/]: Registering mixin config: everycomp-common.mixins.json
[27Jul2026 19:37:29.445] [main/DEBUG] [mixin/]: Adding mixin platform agents for container SecureJarResource(MixinExtras)
[27Jul2026 19:37:29.446] [main/DEBUG] [mixin/]: Instancing new MixinPlatformAgentMinecraftForge for SecureJarResource(MixinExtras)
[27Jul2026 19:37:29.446] [main/DEBUG] [mixin/]: MixinPlatformAgentMinecraftForge rejected container SecureJarResource(MixinExtras)
[27Jul2026 19:37:29.446] [main/DEBUG] [mixin/]: Instancing new MixinPlatformAgentDefault for SecureJarResource(MixinExtras)
[27Jul2026 19:37:29.446] [main/DEBUG] [mixin/]: MixinPlatformAgentDefault accepted container SecureJarResource(MixinExtras)
[27Jul2026 19:37:29.446] [main/DEBUG] [mixin/]: Processing prepare() for PlatformAgent[MixinPlatformAgentDefault:SecureJarResource(MixinExtras)]
[27Jul2026 19:37:29.446] [main/DEBUG] [mixin/]: Adding mixin platform agents for container SecureJarResource(Registrate)
[27Jul2026 19:37:29.447] [main/DEBUG] [mixin/]: Instancing new MixinPlatformAgentMinecraftForge for SecureJarResource(Registrate)
[27Jul2026 19:37:29.447] [main/DEBUG] [mixin/]: MixinPlatformAgentMinecraftForge rejected container SecureJarResource(Registrate)
[27Jul2026 19:37:29.447] [main/DEBUG] [mixin/]: Instancing new MixinPlatformAgentDefault for SecureJarResource(Registrate)
[27Jul2026 19:37:29.447] [main/DEBUG] [mixin/]: MixinPlatformAgentDefault accepted container SecureJarResource(Registrate)
[27Jul2026 19:37:29.447] [main/DEBUG] [mixin/]: Processing prepare() for PlatformAgent[MixinPlatformAgentDefault:SecureJarResource(Registrate)]
[27Jul2026 19:37:29.447] [main/DEBUG] [mixin/]: Adding mixin platform agents for container SecureJarResource(MixinSquared)
[27Jul2026 19:37:29.447] [main/DEBUG] [mixin/]: Instancing new MixinPlatformAgentMinecraftForge for SecureJarResource(MixinSquared)
[27Jul2026 19:37:29.448] [main/DEBUG] [mixin/]: MixinPlatformAgentMinecraftForge rejected container SecureJarResource(MixinSquared)
[27Jul2026 19:37:29.448] [main/DEBUG] [mixin/]: Instancing new MixinPlatformAgentDefault for SecureJarResource(MixinSquared)
[27Jul2026 19:37:29.448] [main/DEBUG] [mixin/]: MixinPlatformAgentDefault accepted container SecureJarResource(MixinSquared)
[27Jul2026 19:37:29.448] [main/DEBUG] [mixin/]: Processing prepare() for PlatformAgent[MixinPlatformAgentDefault:SecureJarResource(MixinSquared)]
[27Jul2026 19:37:29.448] [main/DEBUG] [mixin/]: inject() running with 14 agents
[27Jul2026 19:37:29.449] [main/DEBUG] [mixin/]: Processing inject() for PlatformAgent[MixinPlatformAgentDefault:ModLauncher Root Container(ModLauncher:4f56a0a2)]
[27Jul2026 19:37:29.449] [main/DEBUG] [mixin/]: Processing inject() for PlatformAgent[MixinPlatformAgentDefault:SecureJarResource(minecraft)]
[27Jul2026 19:37:29.449] [main/DEBUG] [mixin/]: Processing inject() for PlatformAgent[MixinPlatformAgentDefault:SecureJarResource(mixinextras)]
[27Jul2026 19:37:29.449] [main/DEBUG] [mixin/]: Processing inject() for PlatformAgent[MixinPlatformAgentDefault:SecureJarResource(moonlight)]
[27Jul2026 19:37:29.449] [main/DEBUG] [mixin/]: Processing inject() for PlatformAgent[MixinPlatformAgentDefault:SecureJarResource(mixinsquared)]
[27Jul2026 19:37:29.449] [main/DEBUG] [mixin/]: Processing inject() for PlatformAgent[MixinPlatformAgentDefault:SecureJarResource(vintagefurn)]
[27Jul2026 19:37:29.450] [main/DEBUG] [mixin/]: Processing inject() for PlatformAgent[MixinPlatformAgentDefault:SecureJarResource(forge)]
[27Jul2026 19:37:29.450] [main/DEBUG] [mixin/]: Processing inject() for PlatformAgent[MixinPlatformAgentDefault:SecureJarResource(flywheel)]
[27Jul2026 19:37:29.450] [main/DEBUG] [mixin/]: Processing inject() for PlatformAgent[MixinPlatformAgentDefault:SecureJarResource(ponder)]
[27Jul2026 19:37:29.450] [main/DEBUG] [mixin/]: Processing inject() for PlatformAgent[MixinPlatformAgentDefault:SecureJarResource(create)]
[27Jul2026 19:37:29.450] [main/DEBUG] [mixin/]: Processing inject() for PlatformAgent[MixinPlatformAgentDefault:SecureJarResource(everycomp)]
[27Jul2026 19:37:29.450] [main/DEBUG] [mixin/]: Processing inject() for PlatformAgent[MixinPlatformAgentDefault:SecureJarResource(MixinExtras)]
[27Jul2026 19:37:29.451] [main/DEBUG] [mixin/]: Processing inject() for PlatformAgent[MixinPlatformAgentDefault:SecureJarResource(Registrate)]
[27Jul2026 19:37:29.451] [main/DEBUG] [mixin/]: Processing inject() for PlatformAgent[MixinPlatformAgentDefault:SecureJarResource(MixinSquared)]
[27Jul2026 19:37:29.452] [main/INFO] [cpw.mods.modlauncher.LaunchServiceHandler/MODLAUNCHER]: Launching target 'forgedatauserdev' with arguments [--gameDir, ., --assetsDir, C:\Users\olige\.gradle\caches\forge_gradle\assets, --assetIndex, 5, --mod, vintagefurn, --all, --output, C:\Users\olige\Desktop\mods\vintage\vintagefurnishings\src\generated\resources, --existing, C:\Users\olige\Desktop\mods\vintage\vintagefurnishings\src\main\resources]
[27Jul2026 19:37:29.633] [main/DEBUG] [mixin/]: Error cleaning class output directory: .mixin.out
[27Jul2026 19:37:29.636] [main/DEBUG] [mixin/]: Preparing mixins for MixinEnvironment[DEFAULT]
[27Jul2026 19:37:29.636] [main/DEBUG] [mixin/]: Selecting config mixinextras.init.mixins.json
[27Jul2026 19:37:29.709] [main/DEBUG] [MixinExtras|Service/]: com.llamalad7.mixinextras.service.MixinExtrasServiceImpl(version=0.4.1) is taking over from null
[27Jul2026 19:37:29.772] [main/DEBUG] [mixin/]: Registering new injector for @Inject with org.spongepowered.asm.mixin.injection.struct.CallbackInjectionInfo
[27Jul2026 19:37:29.775] [main/DEBUG] [mixin/]: Registering new injector for @ModifyArg with org.spongepowered.asm.mixin.injection.struct.ModifyArgInjectionInfo
[27Jul2026 19:37:29.777] [main/DEBUG] [mixin/]: Registering new injector for @ModifyArgs with org.spongepowered.asm.mixin.injection.struct.ModifyArgsInjectionInfo
[27Jul2026 19:37:29.779] [main/DEBUG] [mixin/]: Registering new injector for @Redirect with org.spongepowered.asm.mixin.injection.struct.RedirectInjectionInfo
[27Jul2026 19:37:29.782] [main/DEBUG] [mixin/]: Registering new injector for @ModifyVariable with org.spongepowered.asm.mixin.injection.struct.ModifyVariableInjectionInfo
[27Jul2026 19:37:29.785] [main/DEBUG] [mixin/]: Registering new injector for @ModifyConstant with org.spongepowered.asm.mixin.injection.struct.ModifyConstantInjectionInfo
[27Jul2026 19:37:29.815] [main/DEBUG] [mixin/]: Selecting config moonlight-common.mixins.json
[27Jul2026 19:37:30.652] [main/INFO] [mixin/]: Remapping refMap moonlight-common-refmap.json using C:\Users\olige\Desktop\mods\vintage\vintagefurnishings\build\createSrgToMcp\output.srg
[27Jul2026 19:37:30.652] [main/DEBUG] [mixin/]: Selecting config moonlight.mixins.json
[27Jul2026 19:37:30.654] [main/INFO] [mixin/]: Remapping refMap moonlight-forge-refmap.json using C:\Users\olige\Desktop\mods\vintage\vintagefurnishings\build\createSrgToMcp\output.srg
[27Jul2026 19:37:30.655] [main/DEBUG] [mixin/]: Selecting config mixinsquared.init.mixins.json
[27Jul2026 19:37:30.671] [main/DEBUG] [mixin/]: Registering new target selector for @mixinsquared:handler with com.bawnorton.mixinsquared.selector.DynamicSelectorHandler
[27Jul2026 19:37:30.680] [main/DEBUG] [mixin/]: Selecting config flywheel.backend.mixins.json
[27Jul2026 19:37:30.682] [main/INFO] [mixin/]: Remapping refMap backend-flywheel.refmap.json using C:\Users\olige\Desktop\mods\vintage\vintagefurnishings\build\createSrgToMcp\output.srg
[27Jul2026 19:37:30.683] [main/DEBUG] [mixin/]: Selecting config flywheel.impl.mixins.json
[27Jul2026 19:37:30.685] [main/INFO] [mixin/]: Remapping refMap flywheel.refmap.json using C:\Users\olige\Desktop\mods\vintage\vintagefurnishings\build\createSrgToMcp\output.srg
[27Jul2026 19:37:30.685] [main/DEBUG] [mixin/]: Selecting config ponder.mixins.json
[27Jul2026 19:37:30.687] [main/INFO] [mixin/]: Remapping refMap ponder.refmap.json using C:\Users\olige\Desktop\mods\vintage\vintagefurnishings\build\createSrgToMcp\output.srg
[27Jul2026 19:37:30.688] [main/DEBUG] [mixin/]: Selecting config ponder-common.mixins.json
[27Jul2026 19:37:30.690] [main/INFO] [mixin/]: Remapping refMap ponder.refmap.json using C:\Users\olige\Desktop\mods\vintage\vintagefurnishings\build\createSrgToMcp\output.srg
[27Jul2026 19:37:30.691] [main/DEBUG] [mixin/]: Selecting config create.mixins.json
[27Jul2026 19:37:30.699] [main/INFO] [mixin/]: Remapping refMap create.refmap.json using C:\Users\olige\Desktop\mods\vintage\vintagefurnishings\build\createSrgToMcp\output.srg
[27Jul2026 19:37:30.700] [main/DEBUG] [mixin/]: Selecting config everycomp-common.mixins.json
[27Jul2026 19:37:30.703] [main/INFO] [mixin/]: Remapping refMap everycomp-common-refmap.json using C:\Users\olige\Desktop\mods\vintage\vintagefurnishings\build\createSrgToMcp\output.srg
[27Jul2026 19:37:30.703] [main/DEBUG] [mixin/]: Preparing mixinextras.init.mixins.json (0)
[27Jul2026 19:37:30.704] [main/DEBUG] [mixin/]: Preparing moonlight-common.mixins.json (40)
[27Jul2026 19:37:31.071] [main/DEBUG] [net.minecraftforge.coremod.transformer.CoreModBaseTransformer/COREMOD]: Transforming net/minecraft/world/entity/npc/Villager
[27Jul2026 19:37:31.705] [main/DEBUG] [mixin/]: Preparing moonlight.mixins.json (13)
[27Jul2026 19:37:31.741] [main/DEBUG] [mixin/]: Preparing mixinsquared.init.mixins.json (0)
[27Jul2026 19:37:31.742] [main/DEBUG] [mixin/]: Preparing flywheel.backend.mixins.json (9)
[27Jul2026 19:37:31.827] [main/DEBUG] [mixin/]: Preparing flywheel.impl.mixins.json (15)
[27Jul2026 19:37:31.869] [main/DEBUG] [net.minecraftforge.coremod.transformer.CoreModBaseTransformer/COREMOD]: Transforming net/minecraft/world/entity/EntityType
[27Jul2026 19:37:32.043] [main/DEBUG] [mixin/]: Preparing ponder.mixins.json (1)
[27Jul2026 19:37:32.050] [main/DEBUG] [mixin/]: Preparing ponder-common.mixins.json (6)
[27Jul2026 19:37:32.085] [main/DEBUG] [mixin/]: Preparing everycomp-common.mixins.json (1)
[27Jul2026 19:37:32.088] [main/DEBUG] [mixin/]: Preparing create.mixins.json (57)
[27Jul2026 19:37:32.193] [main/DEBUG] [net.minecraftforge.coremod.transformer.CoreModBaseTransformer/COREMOD]: Transforming net/minecraft/world/effect/MobEffectInstance
[27Jul2026 19:37:32.258] [main/WARN] [mixin/]: Error loading class: xaero/map/gui/GuiMap (java.lang.ClassNotFoundException: xaero.map.gui.GuiMap)
[27Jul2026 19:37:32.259] [main/WARN] [mixin/]: @Mixin target xaero.map.gui.GuiMap was not found create.mixins.json:compat.xaeros.XaeroFullscreenMapAccessor
[27Jul2026 19:37:32.261] [main/WARN] [mixin/]: Error loading class: xaero/map/gui/GuiMap (java.lang.ClassNotFoundException: xaero.map.gui.GuiMap)
[27Jul2026 19:37:32.261] [main/WARN] [mixin/]: @Mixin target xaero.map.gui.GuiMap was not found create.mixins.json:compat.xaeros.XaeroFullscreenMapMixin
[27Jul2026 19:37:32.312] [main/DEBUG] [mixin/]: Inner class net/mehvahdjukaar/moonlight/core/mixins/forge/ItemMixin$1 in net/mehvahdjukaar/moonlight/core/mixins/forge/ItemMixin on net/minecraft/world/item/Item gets unique name net/minecraft/world/item/Item$Anonymous$8fd0dcb11f0e4079a56a4a6585a7559b
[27Jul2026 19:37:32.350] [main/DEBUG] [mixin/]: Prepared 138 mixins in 2.713 sec (19.7ms avg) (0ms load, 0ms transform, 0ms plugin)
[27Jul2026 19:37:32.607] [main/DEBUG] [io.netty.util.internal.logging.InternalLoggerFactory/]: Using SLF4J as the default logging framework
[27Jul2026 19:37:32.611] [main/DEBUG] [io.netty.util.ResourceLeakDetector/]: -Dio.netty.leakDetection.level: simple
[27Jul2026 19:37:32.612] [main/DEBUG] [io.netty.util.ResourceLeakDetector/]: -Dio.netty.leakDetection.targetRecords: 4
[27Jul2026 19:37:32.801] [main/INFO] [net.minecraftforge.data.loading.DatagenModLoader/]: Initializing Data Gatherer for mods [vintagefurn]
[27Jul2026 19:37:32.811] [main/INFO] [MixinExtras|Service/]: Initializing MixinExtras via com.llamalad7.mixinextras.service.MixinExtrasServiceImpl(version=0.4.1).
[27Jul2026 19:37:32.814] [main/DEBUG] [mixin/]: Registering new injector for @SugarWrapper with com.llamalad7.mixinextras.sugar.impl.SugarWrapperInjectionInfo
[27Jul2026 19:37:32.815] [main/DEBUG] [mixin/]: Registering new injector for @FactoryRedirectWrapper with com.llamalad7.mixinextras.wrapper.factory.FactoryRedirectWrapperInjectionInfo
[27Jul2026 19:37:32.820] [main/DEBUG] [mixin/]: Mixing BuiltInRegistriesMixin from create.mixins.json into net.minecraft.core.registries.BuiltInRegistries
[27Jul2026 19:37:32.826] [main/DEBUG] [mixin/]: Renaming synthetic method lambda$create$ourRegistriesAreNotEmpty$0(Ljava/util/function/Consumer;Lnet/minecraft/core/Registry;)V to mdf074c6$lambda$create$ourRegistriesAreNotEmpty$0$0 in create.mixins.json:BuiltInRegistriesMixin
[27Jul2026 19:37:32.846] [main/DEBUG] [mixin/]: Mixing accessor.BuiltInRegistriesAccessor from create.mixins.json into net.minecraft.core.registries.BuiltInRegistries
[27Jul2026 19:37:32.847] [main/DEBUG] [mixin/]: Renaming @Accessor method create$getWRITABLE_REGISTRY()Lnet/minecraft/core/WritableRegistry; to create$getWRITABLE_REGISTRY_$md$f074c6$1 in create.mixins.json:accessor.BuiltInRegistriesAccessor
[27Jul2026 19:37:33.132] [main/DEBUG] [mixin/]: Mixing BlockMixin from create.mixins.json into net.minecraft.world.level.block.Block
[27Jul2026 19:37:33.199] [main/DEBUG] [mixin/]: Mixing LootTablesHackMixin from everycomp-common.mixins.json into net.minecraft.world.level.block.state.BlockBehaviour
[27Jul2026 19:37:33.274] [main/DEBUG] [mixin/]: Mixing accessor.StateHolderAccessor from create.mixins.json into net.minecraft.world.level.block.state.StateHolder
[27Jul2026 19:37:33.328] [main/DEBUG] [mixin/]: Mixing accessor.EntityAccessor from ponder-common.mixins.json into net.minecraft.world.entity.Entity
[27Jul2026 19:37:33.338] [main/DEBUG] [mixin/]: Mixing client.EntityContraptionInteractionMixin from create.mixins.json into net.minecraft.world.entity.Entity
[27Jul2026 19:37:33.341] [main/DEBUG] [mixin/]: Renaming synthetic method lambda$create$onSpawnSprintParticle$4(Lnet/minecraft/world/entity/Entity;Lnet/minecraft/core/BlockPos;Lcom/simibubi/create/content/contraptions/Contraption;Lnet/minecraft/world/level/block/state/BlockState;Lnet/minecraft/core/BlockPos;)V to mdf074c6$lambda$create$onSpawnSprintParticle$4$0 in create.mixins.json:client.EntityContraptionInteractionMixin
[27Jul2026 19:37:33.342] [main/DEBUG] [mixin/]: Renaming synthetic method lambda$create$onMove$3(Lnet/minecraft/world/phys/Vec3;Lnet/minecraft/world/entity/Entity;Lcom/simibubi/create/content/contraptions/AbstractContraptionEntity;)Z to mdf074c6$lambda$create$onMove$3$1 in create.mixins.json:client.EntityContraptionInteractionMixin
[27Jul2026 19:37:33.342] [main/DEBUG] [mixin/]: Renaming synthetic method lambda$create$contraptionStepSounds$2(Lorg/apache/commons/lang3/mutable/MutableBoolean;Lcom/simibubi/create/content/contraptions/Contraption;Lnet/minecraft/world/level/block/state/BlockState;Lnet/minecraft/core/BlockPos;)V to mdf074c6$lambda$create$contraptionStepSounds$2$2 in create.mixins.json:client.EntityContraptionInteractionMixin
[27Jul2026 19:37:33.343] [main/DEBUG] [mixin/]: Renaming synthetic method lambda$create$forCollision$1(Lnet/minecraft/world/phys/Vec3;Lorg/apache/logging/log4j/util/TriConsumer;Lcom/simibubi/create/content/contraptions/AbstractContraptionEntity;)V to mdf074c6$lambda$create$forCollision$1$3 in create.mixins.json:client.EntityContraptionInteractionMixin
[27Jul2026 19:37:33.343] [main/DEBUG] [mixin/]: Renaming synthetic method lambda$create$getIntersectionContraptionsStream$0(Lcom/simibubi/create/content/contraptions/AbstractContraptionEntity;)Z to mdf074c6$lambda$create$getIntersectionContraptionsStream$0$4 in create.mixins.json:client.EntityContraptionInteractionMixin
[27Jul2026 19:37:33.436] [main/DEBUG] [mixin/]: Mixing EntityMixin from create.mixins.json into net.minecraft.world.entity.Entity
[27Jul2026 19:37:33.629] [main/DEBUG] [mixin/]: Mixing CustomItemUseEffectsMixin from create.mixins.json into net.minecraft.world.entity.LivingEntity
[27Jul2026 19:37:33.636] [main/DEBUG] [net.minecraftforge.coremod.transformer.CoreModBaseTransformer/COREMOD]: Transforming net/minecraft/world/item/ItemStack
[27Jul2026 19:37:33.664] [main/DEBUG] [mixin/]: Mixing LavaSwimmingMixin from create.mixins.json into net.minecraft.world.entity.LivingEntity
[27Jul2026 19:37:33.679] [main/DEBUG] [mixin/]: Mixing accessor.LivingEntityAccessor from create.mixins.json into net.minecraft.world.entity.LivingEntity
[27Jul2026 19:37:33.788] [main/DEBUG] [mixin/]: Mixing PlayerMixin from create.mixins.json into net.minecraft.world.entity.player.Player
[27Jul2026 19:37:33.825] [main/DEBUG] [mixin/]: Mixing LevelMixin from flywheel.impl.mixins.json into net.minecraft.world.level.Level
[27Jul2026 19:37:33.848] [main/DEBUG] [mixin/]: Mixing ServerLevelMixin from moonlight-common.mixins.json into net.minecraft.server.level.ServerLevel
[27Jul2026 19:37:33.859] [main/DEBUG] [mixin/]: Mixing accessor.ServerLevelAccessor from create.mixins.json into net.minecraft.server.level.ServerLevel
[27Jul2026 19:37:33.980] [main/DEBUG] [mixin/]: Mixing ItemMixin from moonlight-common.mixins.json into net.minecraft.world.item.Item
[27Jul2026 19:37:33.984] [main/DEBUG] [mixin/]: Mixing ItemMixin from moonlight.mixins.json into net.minecraft.world.item.Item
[27Jul2026 19:37:34.015] [main/DEBUG] [net.minecraftforge.coremod.transformer.CoreModBaseTransformer/COREMOD]: Transforming net/minecraft/world/entity/EntityType
[27Jul2026 19:37:34.106] [main/DEBUG] [mixin/]: Mixing EntityTypeMixin from flywheel.impl.mixins.json into net.minecraft.world.entity.EntityType
[27Jul2026 19:37:34.131] [main/DEBUG] [mixin/]: Mixing BlockEntityTypeMixin from flywheel.impl.mixins.json into net.minecraft.world.level.block.entity.BlockEntityType
[27Jul2026 19:37:34.165] [main/DEBUG] [mixin/]: Mixing accessor.PoiTypeAccessor from moonlight-common.mixins.json into net.minecraft.world.entity.ai.village.poi.PoiType
[27Jul2026 19:37:34.173] [main/DEBUG] [mixin/]: Mixing PoiMixin from moonlight-common.mixins.json into net.minecraft.world.entity.ai.village.poi.PoiType
[27Jul2026 19:37:34.327] [main/DEBUG] [mixin/]: Mixing ServerPlayerMixin from moonlight-common.mixins.json into net.minecraft.server.level.ServerPlayer
[27Jul2026 19:37:34.376] [main/DEBUG] [mixin/]: Mixing FireBlockMixin from moonlight.mixins.json into net.minecraft.world.level.block.FireBlock
[27Jul2026 19:37:34.725] [main/DEBUG] [net.minecraftforge.coremod.transformer.CoreModBaseTransformer/COREMOD]: Transforming net/minecraft/world/level/block/LiquidBlock
[27Jul2026 19:37:34.744] [main/DEBUG] [mixin/]: Mixing accessor.DispenserBlockAccessor from moonlight-common.mixins.json into net.minecraft.world.level.block.DispenserBlock
[27Jul2026 19:37:34.746] [main/DEBUG] [mixin/]: Renaming @Accessor method getDispenserRegistry()Ljava/util/Map; to getDispenserRegistry_$md$f074c6$0 in moonlight-common.mixins.json:accessor.DispenserBlockAccessor
[27Jul2026 19:37:34.750] [main/DEBUG] [mixin/]: Mixing accessor.DispenserBlockAccessor from create.mixins.json into net.minecraft.world.level.block.DispenserBlock
[27Jul2026 19:37:34.780] [main/DEBUG] [net.minecraftforge.coremod.transformer.CoreModBaseTransformer/COREMOD]: Transforming net/minecraft/world/level/block/StairBlock
[27Jul2026 19:37:34.793] [main/DEBUG] [mixin/]: Mixing accessor.CropBlockAccessor from create.mixins.json into net.minecraft.world.level.block.CropBlock
[27Jul2026 19:37:34.877] [main/DEBUG] [net.minecraftforge.coremod.transformer.CoreModBaseTransformer/COREMOD]: Transforming net/minecraft/world/level/block/FlowerPotBlock
[27Jul2026 19:37:34.916] [main/DEBUG] [mixin/]: Mixing ShulkerBoxBlockMixin from create.mixins.json into net.minecraft.world.level.block.ShulkerBoxBlock
[27Jul2026 19:37:34.933] [main/DEBUG] [mixin/]: Mixing accessor.ConcretePowderBlockAccessor from create.mixins.json into net.minecraft.world.level.block.ConcretePowderBlock
[27Jul2026 19:37:34.977] [main/DEBUG] [mixin/]: Mixing BeehiveBlockMixin from create.mixins.json into net.minecraft.world.level.block.BeehiveBlock
[27Jul2026 19:37:35.081] [main/DEBUG] [mixin/]: Mixing WaterWheelFluidSpreadMixin from create.mixins.json into net.minecraft.world.level.material.FlowingFluid
[27Jul2026 19:37:35.094] [main/DEBUG] [mixin/]: Mixing accessor.FlowingFluidAccessor from create.mixins.json into net.minecraft.world.level.material.FlowingFluid
[27Jul2026 19:37:35.216] [main/DEBUG] [mixin/]: Mixing accessor.FallingBlockEntityAccessor from create.mixins.json into net.minecraft.world.entity.item.FallingBlockEntity
[27Jul2026 19:37:35.216] [main/DEBUG] [mixin/]: Renaming @Invoker method create$callInit(Lnet/minecraft/world/level/Level;DDDLnet/minecraft/world/level/block/state/BlockState;)Lnet/minecraft/world/entity/item/FallingBlockEntity; to create$callInit_$md$f074c6$0 in create.mixins.json:accessor.FallingBlockEntityAccessor
[27Jul2026 19:37:35.225] [main/DEBUG] [mixin/]: Mixing visualmanage.BlockEntityMixin from flywheel.impl.mixins.json into net.minecraft.world.level.block.entity.BlockEntity
[27Jul2026 19:37:35.293] [main/DEBUG] [mixin/]: Mixing accessor.DispenserBlockEntityAccessor from moonlight-common.mixins.json into net.minecraft.world.level.block.entity.DispenserBlockEntity
[27Jul2026 19:37:35.487] [main/DEBUG] [mixin/]: Mixing PistonBlockEntityMixin from moonlight-common.mixins.json into net.minecraft.world.level.block.piston.PistonMovingBlockEntity
[27Jul2026 19:37:35.919] [main/DEBUG] [mixin/]: Mixing EntityMixin from moonlight-common.mixins.json into net.minecraft.world.entity.Mob
[27Jul2026 19:37:36.044] [main/DEBUG] [net.minecraftforge.coremod.transformer.CoreModBaseTransformer/COREMOD]: Transforming net/minecraft/world/item/ItemStack
[27Jul2026 19:37:36.548] [main/DEBUG] [mixin/]: Mixing GrindstoneMenuMixin from moonlight-common.mixins.json into net.minecraft.world.inventory.GrindstoneMenu
[27Jul2026 19:37:36.572] [main/DEBUG] [mixin/]: Mixing SmithingMenuMixin from create.mixins.json into net.minecraft.world.inventory.SmithingMenu
[27Jul2026 19:37:36.573] [main/DEBUG] [mixin/]: Renaming synthetic method lambda$create$preventUnbreakingOnBacktanks$0(Lnet/minecraft/world/item/ItemStack;Ljava/util/Map;Lnet/minecraft/world/item/enchantment/Enchantment;Ljava/lang/Integer;)V to mdf074c6$lambda$create$preventUnbreakingOnBacktanks$0$0 in create.mixins.json:SmithingMenuMixin
[27Jul2026 19:37:36.792] [main/DEBUG] [mixin/]: Mixing LightningEntityMixin from moonlight-common.mixins.json into net.minecraft.world.entity.LightningBolt
[27Jul2026 19:37:36.888] [main/DEBUG] [net.minecraftforge.coremod.transformer.CoreModBaseTransformer/COREMOD]: Transforming net/minecraft/world/entity/animal/frog/Tadpole
[27Jul2026 19:37:36.928] [main/DEBUG] [mixin/]: Mixing BlockItemMixin from moonlight-common.mixins.json into net.minecraft.world.item.BlockItem
[27Jul2026 19:37:36.929] [main/DEBUG] [mixin/]: Mixing BlockItemMixin from create.mixins.json into net.minecraft.world.item.BlockItem
[27Jul2026 19:37:36.982] [main/DEBUG] [net.minecraftforge.coremod.transformer.CoreModBaseTransformer/COREMOD]: Transforming net/minecraft/world/item/BucketItem
[27Jul2026 19:37:36.999] [main/DEBUG] [mixin/]: Mixing MapItemMixin from moonlight-common.mixins.json into net.minecraft.world.item.MapItem
[27Jul2026 19:37:37.001] [main/DEBUG] [mixin/]: Renaming synthetic method lambda$update$1(Lnet/minecraft/world/level/saveddata/maps/MapItemSavedData;Lnet/minecraft/world/entity/Entity;Ljava/util/concurrent/atomic/AtomicBoolean;Lnet/minecraft/resources/ResourceLocation;Lnet/mehvahdjukaar/moonlight/api/map/CustomMapData;)V to mdf074c6$lambda$update$1$0 in moonlight-common.mixins.json:MapItemMixin
[27Jul2026 19:37:37.001] [main/DEBUG] [mixin/]: Renaming synthetic method lambda$appendHoverText$0(Lnet/minecraft/world/level/saveddata/maps/MapItemSavedData;Lnet/minecraft/world/item/ItemStack;Ljava/util/List;Lnet/minecraft/resources/ResourceLocation;Lnet/mehvahdjukaar/moonlight/api/map/CustomMapData;)V to mdf074c6$lambda$appendHoverText$0$1 in moonlight-common.mixins.json:MapItemMixin
[27Jul2026 19:37:37.027] [main/DEBUG] [mixin/]: Mixing ShearItemMixin from moonlight-common.mixins.json into net.minecraft.world.item.ShearsItem
[27Jul2026 19:37:37.069] [main/DEBUG] [mixin/]: Mixing accessor.SuspiciousStewItemAccessor from create.mixins.json into net.minecraft.world.item.SuspiciousStewItem
[27Jul2026 19:37:37.070] [main/DEBUG] [mixin/]: Renaming @Invoker method create$listPotionEffects(Lnet/minecraft/world/item/ItemStack;Ljava/util/function/Consumer;)V to create$listPotionEffects_$md$f074c6$0 in create.mixins.json:accessor.SuspiciousStewItemAccessor
[27Jul2026 19:37:38.038] [main/DEBUG] [mixin/]: Mixing BeeGoalMixin from moonlight-common.mixins.json into net.minecraft.world.entity.animal.Bee$BeeGrowCropGoal
[27Jul2026 19:37:38.097] [main/DEBUG] [net.minecraftforge.coremod.transformer.CoreModBaseTransformer/COREMOD]: Transforming net/minecraft/world/entity/monster/Spider
[27Jul2026 19:37:38.156] [main/DEBUG] [net.minecraftforge.coremod.transformer.CoreModBaseTransformer/COREMOD]: Transforming net/minecraft/world/entity/monster/Zombie
[27Jul2026 19:37:38.219] [main/DEBUG] [net.minecraftforge.coremod.transformer.CoreModBaseTransformer/COREMOD]: Transforming net/minecraft/world/entity/monster/ZombieVillager
[27Jul2026 19:37:38.305] [main/DEBUG] [net.minecraftforge.coremod.transformer.CoreModBaseTransformer/COREMOD]: Transforming net/minecraft/world/entity/monster/Evoker$EvokerSummonSpellGoal
[27Jul2026 19:37:38.325] [main/DEBUG] [mixin/]: Mixing FixBlockPlaceContextMixin from moonlight-common.mixins.json into net.minecraft.world.item.context.BlockPlaceContext
[27Jul2026 19:37:38.348] [main/DEBUG] [mixin/]: Mixing accessor.UseOnContextAccessor from create.mixins.json into net.minecraft.world.item.context.UseOnContext
[27Jul2026 19:37:38.379] [main/DEBUG] [mixin/]: Mixing accessor.ItemFrameAccessor from create.mixins.json into net.minecraft.world.entity.decoration.ItemFrame
[27Jul2026 19:37:38.503] [main/DEBUG] [mixin/]: Mixing ThrownPotionMixin from moonlight-common.mixins.json into net.minecraft.world.entity.projectile.ThrownPotion
[27Jul2026 19:37:38.552] [main/DEBUG] [net.minecraftforge.coremod.transformer.CoreModBaseTransformer/COREMOD]: Transforming net/minecraft/world/entity/animal/horse/SkeletonTrapGoal
[27Jul2026 19:37:38.582] [main/DEBUG] [net.minecraftforge.coremod.transformer.CoreModBaseTransformer/COREMOD]: Transforming net/minecraft/world/entity/monster/Strider
[27Jul2026 19:37:38.723] [main/DEBUG] [mixin/]: Mixing LevelChunkMixin from moonlight-common.mixins.json into net.minecraft.world.level.chunk.LevelChunk
[27Jul2026 19:37:38.743] [main/DEBUG] [mixin/]: Mixing visualmanage.LevelChunkMixin from flywheel.impl.mixins.json into net.minecraft.world.level.chunk.LevelChunk
[27Jul2026 19:37:38.794] [main/DEBUG] [net.minecraftforge.coremod.transformer.CoreModBaseTransformer/COREMOD]: Transforming net/minecraft/world/entity/npc/Villager
[27Jul2026 19:37:38.944] [main/DEBUG] [mixin/]: Mixing VillagerMixin from moonlight-common.mixins.json into net.minecraft.world.entity.npc.Villager
[27Jul2026 19:37:39.030] [main/DEBUG] [net.minecraftforge.coremod.transformer.CoreModBaseTransformer/COREMOD]: Transforming net/minecraft/world/effect/MobEffectInstance
[27Jul2026 19:37:39.031] [main/DEBUG] [mixin/]: Mixing accessor.MobEffectInstanceAccessor from create.mixins.json into net.minecraft.world.effect.MobEffectInstance
[27Jul2026 19:37:39.147] [main/DEBUG] [mixin/]: Mixing accessor.AbstractProjectileDispenseBehaviorAccessor from create.mixins.json into net.minecraft.core.dispenser.AbstractProjectileDispenseBehavior
[27Jul2026 19:37:39.289] [main/DEBUG] [mixin/]: Mixing InventoryMixin from moonlight-common.mixins.json into net.minecraft.world.entity.player.Inventory
[27Jul2026 19:37:39.321] [main/DEBUG] [mixin/]: Mixing GrindstoneMenuSlotMixin from moonlight-common.mixins.json into net.minecraft.world.inventory.GrindstoneMenu$4
[27Jul2026 19:37:39.345] [main/DEBUG] [mixin/]: Mixing MapExtendingRecipeMixin from moonlight-common.mixins.json into net.minecraft.world.item.crafting.MapExtendingRecipe
[27Jul2026 19:37:39.488] [main/DEBUG] [mixin/]: Mixing LootingEnchantFunctionMixin from create.mixins.json into net.minecraft.world.level.storage.loot.functions.LootingEnchantFunction
[27Jul2026 19:37:39.791] [main/DEBUG] [net.minecraftforge.coremod.transformer.CoreModBaseTransformer/COREMOD]: Transforming net/minecraft/world/level/levelgen/structure/Structure
[27Jul2026 19:37:39.841] [main/DEBUG] [net.minecraftforge.coremod.transformer.CoreModBaseTransformer/COREMOD]: Transforming net/minecraft/world/level/levelgen/structure/structures/OceanRuinPieces$OceanRuinPiece
[27Jul2026 19:37:39.856] [main/DEBUG] [net.minecraftforge.coremod.transformer.CoreModBaseTransformer/COREMOD]: Transforming net/minecraft/world/level/levelgen/structure/structures/SwampHutPiece
[27Jul2026 19:37:39.869] [main/DEBUG] [net.minecraftforge.coremod.transformer.CoreModBaseTransformer/COREMOD]: Transforming net/minecraft/world/level/levelgen/structure/structures/OceanMonumentPieces$OceanMonumentPiece
[27Jul2026 19:37:39.896] [main/DEBUG] [net.minecraftforge.coremod.transformer.CoreModBaseTransformer/COREMOD]: Transforming net/minecraft/world/level/levelgen/structure/structures/WoodlandMansionPieces$WoodlandMansionPiece
[27Jul2026 19:37:40.065] [main/DEBUG] [net.minecraftforge.coremod.transformer.CoreModBaseTransformer/COREMOD]: Transforming net/minecraft/world/level/biome/Biome
[27Jul2026 19:37:40.336] [main/DEBUG] [net.minecraftforge.registries.GameData/REGISTRIES]: Creating vanilla freeze snapshot
[27Jul2026 19:37:40.339] [main/DEBUG] [net.minecraftforge.registries.ForgeRegistry/REGISTRIES]: Registry minecraft:block Sync: VANILLA -> ACTIVE
[27Jul2026 19:37:40.366] [main/DEBUG] [net.minecraftforge.registries.ForgeRegistry/REGISTRIES]: Registry minecraft:fluid Sync: VANILLA -> ACTIVE
[27Jul2026 19:37:40.366] [main/DEBUG] [net.minecraftforge.registries.ForgeRegistry/REGISTRIES]: Registry minecraft:item Sync: VANILLA -> ACTIVE
[27Jul2026 19:37:40.384] [main/DEBUG] [net.minecraftforge.registries.ForgeRegistry/REGISTRIES]: Registry minecraft:mob_effect Sync: VANILLA -> ACTIVE
[27Jul2026 19:37:40.385] [main/DEBUG] [net.minecraftforge.registries.ForgeRegistry/REGISTRIES]: Registry minecraft:sound_event Sync: VANILLA -> ACTIVE
[27Jul2026 19:37:40.404] [main/DEBUG] [net.minecraftforge.registries.ForgeRegistry/REGISTRIES]: Registry minecraft:potion Sync: VANILLA -> ACTIVE
[27Jul2026 19:37:40.405] [main/DEBUG] [net.minecraftforge.registries.ForgeRegistry/REGISTRIES]: Registry minecraft:enchantment Sync: VANILLA -> ACTIVE
[27Jul2026 19:37:40.406] [main/DEBUG] [net.minecraftforge.registries.ForgeRegistry/REGISTRIES]: Registry minecraft:entity_type Sync: VANILLA -> ACTIVE
[27Jul2026 19:37:40.408] [main/DEBUG] [net.minecraftforge.registries.ForgeRegistry/REGISTRIES]: Registry minecraft:block_entity_type Sync: VANILLA -> ACTIVE
[27Jul2026 19:37:40.409] [main/DEBUG] [net.minecraftforge.registries.ForgeRegistry/REGISTRIES]: Registry minecraft:particle_type Sync: VANILLA -> ACTIVE
[27Jul2026 19:37:40.411] [main/DEBUG] [net.minecraftforge.registries.ForgeRegistry/REGISTRIES]: Registry minecraft:menu Sync: VANILLA -> ACTIVE
[27Jul2026 19:37:40.411] [main/DEBUG] [net.minecraftforge.registries.ForgeRegistry/REGISTRIES]: Registry minecraft:painting_variant Sync: VANILLA -> ACTIVE
[27Jul2026 19:37:40.412] [main/DEBUG] [net.minecraftforge.registries.ForgeRegistry/REGISTRIES]: Registry minecraft:recipe_type Sync: VANILLA -> ACTIVE
[27Jul2026 19:37:40.412] [main/DEBUG] [net.minecraftforge.registries.ForgeRegistry/REGISTRIES]: Registry minecraft:recipe_serializer Sync: VANILLA -> ACTIVE
[27Jul2026 19:37:40.413] [main/DEBUG] [net.minecraftforge.registries.ForgeRegistry/REGISTRIES]: Registry minecraft:attribute Sync: VANILLA -> ACTIVE
[27Jul2026 19:37:40.413] [main/DEBUG] [net.minecraftforge.registries.ForgeRegistry/REGISTRIES]: Registry minecraft:stat_type Sync: VANILLA -> ACTIVE
[27Jul2026 19:37:40.414] [main/DEBUG] [net.minecraftforge.registries.ForgeRegistry/REGISTRIES]: Registry minecraft:command_argument_type Sync: VANILLA -> ACTIVE
[27Jul2026 19:37:40.414] [main/DEBUG] [net.minecraftforge.registries.ForgeRegistry/REGISTRIES]: Registry minecraft:villager_profession Sync: VANILLA -> ACTIVE
[27Jul2026 19:37:40.415] [main/DEBUG] [net.minecraftforge.registries.ForgeRegistry/REGISTRIES]: Registry minecraft:point_of_interest_type Sync: VANILLA -> ACTIVE
[27Jul2026 19:37:40.418] [main/DEBUG] [net.minecraftforge.registries.ForgeRegistry/REGISTRIES]: Registry minecraft:memory_module_type Sync: VANILLA -> ACTIVE
[27Jul2026 19:37:40.420] [main/DEBUG] [net.minecraftforge.registries.ForgeRegistry/REGISTRIES]: Registry minecraft:sensor_type Sync: VANILLA -> ACTIVE
[27Jul2026 19:37:40.420] [main/DEBUG] [net.minecraftforge.registries.ForgeRegistry/REGISTRIES]: Registry minecraft:schedule Sync: VANILLA -> ACTIVE
[27Jul2026 19:37:40.420] [main/DEBUG] [net.minecraftforge.registries.ForgeRegistry/REGISTRIES]: Registry minecraft:activity Sync: VANILLA -> ACTIVE
[27Jul2026 19:37:40.421] [main/DEBUG] [net.minecraftforge.registries.ForgeRegistry/REGISTRIES]: Registry minecraft:worldgen/carver Sync: VANILLA -> ACTIVE
[27Jul2026 19:37:40.421] [main/DEBUG] [net.minecraftforge.registries.ForgeRegistry/REGISTRIES]: Registry minecraft:worldgen/feature Sync: VANILLA -> ACTIVE
[27Jul2026 19:37:40.422] [main/DEBUG] [net.minecraftforge.registries.ForgeRegistry/REGISTRIES]: Registry minecraft:chunk_status Sync: VANILLA -> ACTIVE
[27Jul2026 19:37:40.423] [main/DEBUG] [net.minecraftforge.registries.ForgeRegistry/REGISTRIES]: Registry minecraft:worldgen/block_state_provider_type Sync: VANILLA -> ACTIVE
[27Jul2026 19:37:40.423] [main/DEBUG] [net.minecraftforge.registries.ForgeRegistry/REGISTRIES]: Registry minecraft:worldgen/foliage_placer_type Sync: VANILLA -> ACTIVE
[27Jul2026 19:37:40.423] [main/DEBUG] [net.minecraftforge.registries.ForgeRegistry/REGISTRIES]: Registry minecraft:worldgen/tree_decorator_type Sync: VANILLA -> ACTIVE
[27Jul2026 19:37:40.423] [main/DEBUG] [net.minecraftforge.registries.ForgeRegistry/REGISTRIES]: Registry minecraft:worldgen/biome Sync: VANILLA -> ACTIVE
[27Jul2026 19:37:40.430] [main/DEBUG] [net.minecraftforge.registries.GameData/REGISTRIES]: Vanilla freeze snapshot created
[27Jul2026 19:37:40.453] [main/DEBUG] [io.netty.util.internal.PlatformDependent0/]: -Dio.netty.noUnsafe: false
[27Jul2026 19:37:40.454] [main/DEBUG] [io.netty.util.internal.PlatformDependent0/]: Java version: 17
[27Jul2026 19:37:40.455] [main/DEBUG] [io.netty.util.internal.PlatformDependent0/]: sun.misc.Unsafe.theUnsafe: available
[27Jul2026 19:37:40.456] [main/DEBUG] [io.netty.util.internal.PlatformDependent0/]: sun.misc.Unsafe.copyMemory: available
[27Jul2026 19:37:40.456] [main/DEBUG] [io.netty.util.internal.PlatformDependent0/]: sun.misc.Unsafe.storeFence: available
[27Jul2026 19:37:40.457] [main/DEBUG] [io.netty.util.internal.PlatformDependent0/]: java.nio.Buffer.address: available
[27Jul2026 19:37:40.457] [main/DEBUG] [io.netty.util.internal.PlatformDependent0/]: direct buffer constructor: unavailable
java.lang.UnsupportedOperationException: Reflective setAccessible(true) disabled
	at io.netty.util.internal.ReflectionUtil.trySetAccessible(ReflectionUtil.java:31) ~[netty-common-4.1.82.Final.jar:4.1.82.Final]
	at io.netty.util.internal.PlatformDependent0$5.run(PlatformDependent0.java:288) ~[netty-common-4.1.82.Final.jar:4.1.82.Final]
	at java.security.AccessController.doPrivileged(AccessController.java:318) ~[?:?]
	at io.netty.util.internal.PlatformDependent0.<clinit>(PlatformDependent0.java:282) ~[netty-common-4.1.82.Final.jar:4.1.82.Final]
	at io.netty.util.internal.PlatformDependent.isAndroid(PlatformDependent.java:333) ~[netty-common-4.1.82.Final.jar:4.1.82.Final]
	at io.netty.util.internal.PlatformDependent.<clinit>(PlatformDependent.java:88) ~[netty-common-4.1.82.Final.jar:4.1.82.Final]
	at io.netty.util.ConstantPool.<init>(ConstantPool.java:34) ~[netty-common-4.1.82.Final.jar:4.1.82.Final]
	at io.netty.util.AttributeKey$1.<init>(AttributeKey.java:27) ~[netty-common-4.1.82.Final.jar:4.1.82.Final]
	at io.netty.util.AttributeKey.<clinit>(AttributeKey.java:27) ~[netty-common-4.1.82.Final.jar:4.1.82.Final]
	at net.minecraftforge.network.NetworkConstants.<clinit>(NetworkConstants.java:34) ~[forge-1.20.1-47.4.21_mapped_parchment_2023.06.26-1.20.1-recomp.jar:?]
	at net.minecraftforge.network.NetworkHooks.init(NetworkHooks.java:52) ~[forge-1.20.1-47.4.21_mapped_parchment_2023.06.26-1.20.1-recomp.jar:?]
	at net.minecraft.server.Bootstrap.bootStrap(Bootstrap.java:66) ~[forge-1.20.1-47.4.21_mapped_parchment_2023.06.26-1.20.1-recomp.jar:?]
	at net.minecraftforge.data.loading.DatagenModLoader.begin(DatagenModLoader.java:42) ~[forge-1.20.1-47.4.21_mapped_parchment_2023.06.26-1.20.1-recomp.jar:?]
	at net.minecraft.data.Main.main(Main.java:90) ~[forge-1.20.1-47.4.21_mapped_parchment_2023.06.26-1.20.1-recomp.jar:?]
	at jdk.internal.reflect.NativeMethodAccessorImpl.invoke0(Native Method) ~[?:?]
	at jdk.internal.reflect.NativeMethodAccessorImpl.invoke(NativeMethodAccessorImpl.java:77) ~[?:?]
	at jdk.internal.reflect.DelegatingMethodAccessorImpl.invoke(DelegatingMethodAccessorImpl.java:43) ~[?:?]
	at java.lang.reflect.Method.invoke(Method.java:568) ~[?:?]
	at net.minecraftforge.fml.loading.targets.CommonLaunchHandler.runTarget(CommonLaunchHandler.java:111) ~[fmlloader-1.20.1-47.4.21.jar:?]
	at net.minecraftforge.fml.loading.targets.CommonLaunchHandler.dataService(CommonLaunchHandler.java:107) ~[fmlloader-1.20.1-47.4.21.jar:?]
	at net.minecraftforge.fml.loading.targets.ForgeDataUserdevLaunchHandler.devService(ForgeDataUserdevLaunchHandler.java:22) ~[fmlloader-1.20.1-47.4.21.jar:?]
	at net.minecraftforge.fml.loading.targets.CommonDevLaunchHandler.lambda$makeService$7(CommonDevLaunchHandler.java:135) ~[fmlloader-1.20.1-47.4.21.jar:?]
	at cpw.mods.modlauncher.LaunchServiceHandlerDecorator.launch(LaunchServiceHandlerDecorator.java:30) ~[modlauncher-10.0.9.jar:?]
	at cpw.mods.modlauncher.LaunchServiceHandler.launch(LaunchServiceHandler.java:53) ~[modlauncher-10.0.9.jar:?]
	at cpw.mods.modlauncher.LaunchServiceHandler.launch(LaunchServiceHandler.java:71) ~[modlauncher-10.0.9.jar:?]
	at cpw.mods.modlauncher.Launcher.run(Launcher.java:108) ~[modlauncher-10.0.9.jar:?]
	at cpw.mods.modlauncher.Launcher.main(Launcher.java:78) ~[modlauncher-10.0.9.jar:?]
	at cpw.mods.modlauncher.BootstrapLaunchConsumer.accept(BootstrapLaunchConsumer.java:26) ~[modlauncher-10.0.9.jar:?]
	at cpw.mods.modlauncher.BootstrapLaunchConsumer.accept(BootstrapLaunchConsumer.java:23) ~[modlauncher-10.0.9.jar:?]
	at cpw.mods.bootstraplauncher.BootstrapLauncher.main(BootstrapLauncher.java:141) ~[bootstraplauncher-1.1.2.jar:?]
[27Jul2026 19:37:40.491] [main/DEBUG] [io.netty.util.internal.PlatformDependent0/]: java.nio.Bits.unaligned: available, true
[27Jul2026 19:37:40.493] [main/DEBUG] [io.netty.util.internal.PlatformDependent0/]: jdk.internal.misc.Unsafe.allocateUninitializedArray(int): unavailable
java.lang.IllegalAccessException: class io.netty.util.internal.PlatformDependent0$7 (in module io.netty.common) cannot access class jdk.internal.misc.Unsafe (in module java.base) because module java.base does not export jdk.internal.misc to module io.netty.common
	at jdk.internal.reflect.Reflection.newIllegalAccessException(Reflection.java:392) ~[?:?]
	at java.lang.reflect.AccessibleObject.checkAccess(AccessibleObject.java:674) ~[?:?]
	at java.lang.reflect.Method.invoke(Method.java:560) ~[?:?]
	at io.netty.util.internal.PlatformDependent0$7.run(PlatformDependent0.java:410) ~[netty-common-4.1.82.Final.jar:4.1.82.Final]
	at java.security.AccessController.doPrivileged(AccessController.java:318) ~[?:?]
	at io.netty.util.internal.PlatformDependent0.<clinit>(PlatformDependent0.java:401) ~[netty-common-4.1.82.Final.jar:4.1.82.Final]
	at io.netty.util.internal.PlatformDependent.isAndroid(PlatformDependent.java:333) ~[netty-common-4.1.82.Final.jar:4.1.82.Final]
	at io.netty.util.internal.PlatformDependent.<clinit>(PlatformDependent.java:88) ~[netty-common-4.1.82.Final.jar:4.1.82.Final]
	at io.netty.util.ConstantPool.<init>(ConstantPool.java:34) ~[netty-common-4.1.82.Final.jar:4.1.82.Final]
	at io.netty.util.AttributeKey$1.<init>(AttributeKey.java:27) ~[netty-common-4.1.82.Final.jar:4.1.82.Final]
	at io.netty.util.AttributeKey.<clinit>(AttributeKey.java:27) ~[netty-common-4.1.82.Final.jar:4.1.82.Final]
	at net.minecraftforge.network.NetworkConstants.<clinit>(NetworkConstants.java:34) ~[forge-1.20.1-47.4.21_mapped_parchment_2023.06.26-1.20.1-recomp.jar:?]
	at net.minecraftforge.network.NetworkHooks.init(NetworkHooks.java:52) ~[forge-1.20.1-47.4.21_mapped_parchment_2023.06.26-1.20.1-recomp.jar:?]
	at net.minecraft.server.Bootstrap.bootStrap(Bootstrap.java:66) ~[forge-1.20.1-47.4.21_mapped_parchment_2023.06.26-1.20.1-recomp.jar:?]
	at net.minecraftforge.data.loading.DatagenModLoader.begin(DatagenModLoader.java:42) ~[forge-1.20.1-47.4.21_mapped_parchment_2023.06.26-1.20.1-recomp.jar:?]
	at net.minecraft.data.Main.main(Main.java:90) ~[forge-1.20.1-47.4.21_mapped_parchment_2023.06.26-1.20.1-recomp.jar:?]
	at jdk.internal.reflect.NativeMethodAccessorImpl.invoke0(Native Method) ~[?:?]
	at jdk.internal.reflect.NativeMethodAccessorImpl.invoke(NativeMethodAccessorImpl.java:77) ~[?:?]
	at jdk.internal.reflect.DelegatingMethodAccessorImpl.invoke(DelegatingMethodAccessorImpl.java:43) ~[?:?]
	at java.lang.reflect.Method.invoke(Method.java:568) ~[?:?]
	at net.minecraftforge.fml.loading.targets.CommonLaunchHandler.runTarget(CommonLaunchHandler.java:111) ~[fmlloader-1.20.1-47.4.21.jar:?]
	at net.minecraftforge.fml.loading.targets.CommonLaunchHandler.dataService(CommonLaunchHandler.java:107) ~[fmlloader-1.20.1-47.4.21.jar:?]
	at net.minecraftforge.fml.loading.targets.ForgeDataUserdevLaunchHandler.devService(ForgeDataUserdevLaunchHandler.java:22) ~[fmlloader-1.20.1-47.4.21.jar:?]
	at net.minecraftforge.fml.loading.targets.CommonDevLaunchHandler.lambda$makeService$7(CommonDevLaunchHandler.java:135) ~[fmlloader-1.20.1-47.4.21.jar:?]
	at cpw.mods.modlauncher.LaunchServiceHandlerDecorator.launch(LaunchServiceHandlerDecorator.java:30) ~[modlauncher-10.0.9.jar:?]
	at cpw.mods.modlauncher.LaunchServiceHandler.launch(LaunchServiceHandler.java:53) ~[modlauncher-10.0.9.jar:?]
	at cpw.mods.modlauncher.LaunchServiceHandler.launch(LaunchServiceHandler.java:71) ~[modlauncher-10.0.9.jar:?]
	at cpw.mods.modlauncher.Launcher.run(Launcher.java:108) ~[modlauncher-10.0.9.jar:?]
	at cpw.mods.modlauncher.Launcher.main(Launcher.java:78) ~[modlauncher-10.0.9.jar:?]
	at cpw.mods.modlauncher.BootstrapLaunchConsumer.accept(BootstrapLaunchConsumer.java:26) ~[modlauncher-10.0.9.jar:?]
	at cpw.mods.modlauncher.BootstrapLaunchConsumer.accept(BootstrapLaunchConsumer.java:23) ~[modlauncher-10.0.9.jar:?]
	at cpw.mods.bootstraplauncher.BootstrapLauncher.main(BootstrapLauncher.java:141) ~[bootstraplauncher-1.1.2.jar:?]
[27Jul2026 19:37:40.497] [main/DEBUG] [io.netty.util.internal.PlatformDependent0/]: java.nio.DirectByteBuffer.<init>(long, int): unavailable
[27Jul2026 19:37:40.498] [main/DEBUG] [io.netty.util.internal.PlatformDependent/]: sun.misc.Unsafe: available
[27Jul2026 19:37:40.498] [main/DEBUG] [io.netty.util.internal.PlatformDependent/]: maxDirectMemory: 4286578688 bytes (maybe)
[27Jul2026 19:37:40.499] [main/DEBUG] [io.netty.util.internal.PlatformDependent/]: -Dio.netty.tmpdir: C:\Users\olige\AppData\Local\Temp (java.io.tmpdir)
[27Jul2026 19:37:40.499] [main/DEBUG] [io.netty.util.internal.PlatformDependent/]: -Dio.netty.bitMode: 64 (sun.arch.data.model)
[27Jul2026 19:37:40.499] [main/DEBUG] [io.netty.util.internal.PlatformDependent/]: Platform: Windows
[27Jul2026 19:37:40.500] [main/DEBUG] [io.netty.util.internal.PlatformDependent/]: -Dio.netty.maxDirectMemory: -1 bytes
[27Jul2026 19:37:40.500] [main/DEBUG] [io.netty.util.internal.PlatformDependent/]: -Dio.netty.uninitializedArrayAllocationThreshold: -1
[27Jul2026 19:37:40.502] [main/DEBUG] [io.netty.util.internal.CleanerJava9/]: java.nio.ByteBuffer.cleaner(): available
[27Jul2026 19:37:40.503] [main/DEBUG] [io.netty.util.internal.PlatformDependent/]: -Dio.netty.noPreferDirect: false
[27Jul2026 19:37:40.580] [main/DEBUG] [net.minecraftforge.network.NetworkHooks/]: Loading Network data for FML net version: FML3
[27Jul2026 19:37:40.615] [main/DEBUG] [net.minecraftforge.fml.ModWorkManager/LOADING]: Using 8 threads for parallel mod-loading
[27Jul2026 19:37:40.629] [main/DEBUG] [net.minecraftforge.fml.javafmlmod.FMLJavaModLanguageProvider/LOADING]: Loading FMLModContainer from classloader cpw.mods.modlauncher.TransformingClassLoader@188598ad - got cpw.mods.cl.ModuleClassLoader@1bcf67e8
[27Jul2026 19:37:40.632] [main/DEBUG] [net.minecraftforge.fml.javafmlmod.FMLModContainer/LOADING]: Creating FMLModContainer instance for com.llamalad7.mixinextras.platform.forge.MixinExtrasMod
[27Jul2026 19:37:40.635] [main/DEBUG] [net.minecraftforge.fml.javafmlmod.FMLJavaModLanguageProvider/LOADING]: Loading FMLModContainer from classloader cpw.mods.modlauncher.TransformingClassLoader@188598ad - got cpw.mods.cl.ModuleClassLoader@1bcf67e8
[27Jul2026 19:37:40.635] [main/DEBUG] [net.minecraftforge.fml.javafmlmod.FMLModContainer/LOADING]: Creating FMLModContainer instance for net.mehvahdjukaar.moonlight.forge.MoonlightForge
[27Jul2026 19:37:40.638] [main/DEBUG] [net.minecraftforge.fml.javafmlmod.FMLJavaModLanguageProvider/LOADING]: Loading FMLModContainer from classloader cpw.mods.modlauncher.TransformingClassLoader@188598ad - got cpw.mods.cl.ModuleClassLoader@1bcf67e8
[27Jul2026 19:37:40.638] [main/DEBUG] [net.minecraftforge.fml.javafmlmod.FMLModContainer/LOADING]: Creating FMLModContainer instance for com.bawnorton.mixinsquared.platform.forge.MixinSquaredMod
[27Jul2026 19:37:40.639] [main/DEBUG] [net.minecraftforge.fml.javafmlmod.FMLJavaModLanguageProvider/LOADING]: Loading FMLModContainer from classloader cpw.mods.modlauncher.TransformingClassLoader@188598ad - got cpw.mods.cl.ModuleClassLoader@1bcf67e8
[27Jul2026 19:37:40.639] [main/DEBUG] [net.minecraftforge.fml.javafmlmod.FMLModContainer/LOADING]: Creating FMLModContainer instance for net.cf.vintageefurn.VintageFurn
[27Jul2026 19:37:40.642] [main/DEBUG] [net.minecraftforge.fml.javafmlmod.FMLJavaModLanguageProvider/LOADING]: Loading FMLModContainer from classloader cpw.mods.modlauncher.TransformingClassLoader@188598ad - got cpw.mods.cl.ModuleClassLoader@1bcf67e8
[27Jul2026 19:37:40.642] [main/DEBUG] [net.minecraftforge.fml.javafmlmod.FMLModContainer/LOADING]: Creating FMLModContainer instance for net.minecraftforge.common.ForgeMod
[27Jul2026 19:37:40.646] [main/DEBUG] [net.minecraftforge.fml.javafmlmod.FMLJavaModLanguageProvider/LOADING]: Loading FMLModContainer from classloader cpw.mods.modlauncher.TransformingClassLoader@188598ad - got cpw.mods.cl.ModuleClassLoader@1bcf67e8
[27Jul2026 19:37:40.646] [main/DEBUG] [net.minecraftforge.fml.javafmlmod.FMLModContainer/LOADING]: Creating FMLModContainer instance for dev.engine_room.flywheel.impl.FlywheelForge
[27Jul2026 19:37:40.648] [main/DEBUG] [net.minecraftforge.fml.javafmlmod.FMLJavaModLanguageProvider/LOADING]: Loading FMLModContainer from classloader cpw.mods.modlauncher.TransformingClassLoader@188598ad - got cpw.mods.cl.ModuleClassLoader@1bcf67e8
[27Jul2026 19:37:40.648] [main/DEBUG] [net.minecraftforge.fml.javafmlmod.FMLModContainer/LOADING]: Creating FMLModContainer instance for net.createmod.ponder.ForgePonder
[27Jul2026 19:37:40.650] [main/DEBUG] [net.minecraftforge.fml.javafmlmod.FMLJavaModLanguageProvider/LOADING]: Loading FMLModContainer from classloader cpw.mods.modlauncher.TransformingClassLoader@188598ad - got cpw.mods.cl.ModuleClassLoader@1bcf67e8
[27Jul2026 19:37:40.650] [main/DEBUG] [net.minecraftforge.fml.javafmlmod.FMLModContainer/LOADING]: Creating FMLModContainer instance for com.simibubi.create.Create
[27Jul2026 19:37:40.650] [main/DEBUG] [net.minecraftforge.fml.javafmlmod.FMLJavaModLanguageProvider/LOADING]: Loading FMLModContainer from classloader cpw.mods.modlauncher.TransformingClassLoader@188598ad - got cpw.mods.cl.ModuleClassLoader@1bcf67e8
[27Jul2026 19:37:40.650] [main/DEBUG] [net.minecraftforge.fml.javafmlmod.FMLModContainer/LOADING]: Creating FMLModContainer instance for net.mehvahdjukaar.every_compat.forge.EveryCompatForge
[27Jul2026 19:37:40.680] [modloading-worker-0/DEBUG] [net.minecraftforge.fml.javafmlmod.AutomaticEventSubscriber/LOADING]: Attempting to inject @EventBusSubscriber classes into the eventbus for mixinsquared
[27Jul2026 19:37:40.680] [modloading-worker-0/DEBUG] [net.minecraftforge.fml.javafmlmod.AutomaticEventSubscriber/LOADING]: Attempting to inject @EventBusSubscriber classes into the eventbus for mixinextras
[27Jul2026 19:37:40.687] [modloading-worker-0/INFO] [com.simibubi.create.Create/]: Create 6.0.8 initializing! Commit hash: 1a1a9a2819b4f89f78caec41b55ed8cb222fa24b
[27Jul2026 19:37:40.733] [modloading-worker-0/DEBUG] [net.minecraftforge.versions.forge.ForgeVersion/CORE]: Forge Version package package net.minecraftforge.versions.forge, Forge, version 47.4 from cpw.mods.modlauncher.TransformingClassLoader@188598ad
[27Jul2026 19:37:40.733] [modloading-worker-0/DEBUG] [net.minecraftforge.versions.forge.ForgeVersion/CORE]: Found Forge version 47.4.21
[27Jul2026 19:37:40.734] [modloading-worker-0/DEBUG] [net.minecraftforge.versions.forge.ForgeVersion/CORE]: Found Forge spec 47.4
[27Jul2026 19:37:40.734] [modloading-worker-0/DEBUG] [net.minecraftforge.versions.forge.ForgeVersion/CORE]: Found Forge group net.minecraftforge
[27Jul2026 19:37:40.735] [modloading-worker-0/DEBUG] [net.minecraftforge.versions.mcp.MCPVersion/CORE]: MCP Version package package net.minecraftforge.versions.mcp, Minecraft, version 1.20.1 from cpw.mods.modlauncher.TransformingClassLoader@188598ad
[27Jul2026 19:37:40.736] [modloading-worker-0/DEBUG] [net.minecraftforge.versions.mcp.MCPVersion/CORE]: Found MC version information 1.20.1
[27Jul2026 19:37:40.736] [modloading-worker-0/DEBUG] [net.minecraftforge.versions.mcp.MCPVersion/CORE]: Found MCP version information 20230612.114412
[27Jul2026 19:37:40.736] [modloading-worker-0/INFO] [net.minecraftforge.common.ForgeMod/FORGEMOD]: Forge mod loading, version 47.4.21, for MC 1.20.1 with MCP 20230612.114412
[27Jul2026 19:37:40.738] [modloading-worker-0/INFO] [net.minecraftforge.common.MinecraftForge/FORGE]: MinecraftForge v47.4.21 Initialized
[27Jul2026 19:37:40.749] [modloading-worker-0/DEBUG] [net.minecraftforge.fml.config.ConfigTracker/CONFIG]: Config file everycomp-client.toml for everycomp tracking
[27Jul2026 19:37:40.749] [modloading-worker-0/DEBUG] [net.minecraftforge.fml.config.ConfigTracker/CONFIG]: Config file moonlight-common.toml for moonlight tracking
[27Jul2026 19:37:40.749] [modloading-worker-0/DEBUG] [net.minecraftforge.fml.config.ConfigTracker/CONFIG]: Config file flywheel-client.toml for flywheel tracking
[27Jul2026 19:37:40.751] [modloading-worker-0/DEBUG] [net.minecraftforge.fml.config.ConfigTracker/CONFIG]: Config file ponder-client.toml for ponder tracking
[27Jul2026 19:37:40.751] [modloading-worker-0/DEBUG] [net.minecraftforge.fml.javafmlmod.AutomaticEventSubscriber/LOADING]: Attempting to inject @EventBusSubscriber classes into the eventbus for ponder
[27Jul2026 19:37:40.758] [modloading-worker-0/DEBUG] [net.minecraftforge.fml.javafmlmod.AutomaticEventSubscriber/LOADING]: Auto-subscribing net.createmod.ponder.ForgePonderClient$ModBusClientEvents to MOD
[27Jul2026 19:37:40.762] [modloading-worker-0/DEBUG] [mixin/]: Mixing compat.xaeros.XaeroPauseScreenOverrideMixin from create.mixins.json into net.minecraft.client.gui.screens.Screen
[27Jul2026 19:37:40.774] [modloading-worker-0/DEBUG] [mixin/]: Mixing client.HeavyBootsOnPlayerMixin from create.mixins.json into net.minecraft.client.player.LocalPlayer
[27Jul2026 19:37:40.777] [modloading-worker-0/DEBUG] [net.minecraftforge.fml.config.ConfigTracker/CONFIG]: Config file everycomp-common.toml for everycomp tracking
[27Jul2026 19:37:40.790] [modloading-worker-0/DEBUG] [mixin/]: Mixing AbstractClientPlayerAccessor from flywheel.backend.mixins.json into net.minecraft.client.player.AbstractClientPlayer
[27Jul2026 19:37:40.792] [modloading-worker-0/DEBUG] [net.minecraftforge.fml.config.ConfigTracker/CONFIG]: Config file everycomp-hazardous.toml for everycomp tracking
[27Jul2026 19:37:40.837] [modloading-worker-0/DEBUG] [mixin/]: Mixing OptionsMixin from flywheel.backend.mixins.json into net.minecraft.client.Options
[27Jul2026 19:37:40.875] [modloading-worker-0/DEBUG] [mixin/]: Mixing MinecraftServerMixin from moonlight.mixins.json into net.minecraft.server.MinecraftServer
[27Jul2026 19:37:40.968] [modloading-worker-0/DEBUG] [com.tterrag.registrate.AbstractRegistrate/REGISTRATE.REGISTER]: Captured registration for entry death_count of type create:display_source
[27Jul2026 19:37:40.970] [modloading-worker-0/DEBUG] [com.tterrag.registrate.AbstractRegistrate/REGISTRATE.REGISTER]: Captured registration for entry scoreboard of type create:display_source
[27Jul2026 19:37:40.974] [modloading-worker-0/DEBUG] [mixin/]: Mixing MinecraftMixin from moonlight-common.mixins.json into net.minecraft.client.Minecraft
[27Jul2026 19:37:40.977] [modloading-worker-0/DEBUG] [mixin/]: Mixing MinecraftMixin from flywheel.impl.mixins.json into net.minecraft.client.Minecraft
[27Jul2026 19:37:40.981] [modloading-worker-0/DEBUG] [mixin/]: Mixing client.WindowResizeMixin from ponder-common.mixins.json into net.minecraft.client.Minecraft
[27Jul2026 19:37:41.046] [modloading-worker-0/DEBUG] [mixin/]: Mixing ReloadableClientResourcesMixin from moonlight-common.mixins.json into net.minecraft.server.packs.resources.ReloadableResourceManager
[27Jul2026 19:37:41.047] [modloading-worker-0/DEBUG] [mixin/]: Renaming synthetic method lambda$moonlight$clientDynamicPackEarlyReload$0(Lcom/llamalad7/mixinextras/injector/wrapoperation/Operation;Lnet/minecraft/server/packs/resources/ResourceManager;Ljava/util/List;Ljava/util/concurrent/Executor;Ljava/util/concurrent/Executor;Ljava/util/concurrent/CompletableFuture;Z)Lnet/minecraft/server/packs/resources/ReloadInstance; to mdf074c6$lambda$moonlight$clientDynamicPackEarlyReload$0$0 in moonlight-common.mixins.json:ReloadableClientResourcesMixin
[27Jul2026 19:37:41.083] [modloading-worker-0/DEBUG] [com.tterrag.registrate.AbstractRegistrate/REGISTRATE.REGISTER]: Captured registration for entry enchant_power of type create:display_source
[27Jul2026 19:37:41.088] [modloading-worker-0/DEBUG] [net.minecraftforge.fml.config.ConfigTracker/CONFIG]: Config file vintagefurn-client.toml for vintagefurn tracking
[27Jul2026 19:37:41.090] [modloading-worker-0/DEBUG] [com.tterrag.registrate.AbstractRegistrate/REGISTRATE.REGISTER]: Captured registration for entry redstone_power of type create:display_source
[27Jul2026 19:37:41.093] [modloading-worker-0/DEBUG] [net.minecraftforge.fml.javafmlmod.AutomaticEventSubscriber/LOADING]: Auto-subscribing net.createmod.ponder.ForgePonderClient$ClientEvents to FORGE
[27Jul2026 19:37:41.095] [modloading-worker-0/DEBUG] [com.tterrag.registrate.AbstractRegistrate/REGISTRATE.REGISTER]: Captured registration for entry nixie_tube of type create:display_source
[27Jul2026 19:37:41.099] [modloading-worker-0/DEBUG] [net.minecraftforge.fml.config.ConfigTracker/CONFIG]: Config file forge-client.toml for forge tracking
[27Jul2026 19:37:41.100] [modloading-worker-0/DEBUG] [net.minecraftforge.fml.config.ConfigTracker/CONFIG]: Config file forge-server.toml for forge tracking
[27Jul2026 19:37:41.100] [modloading-worker-0/DEBUG] [net.minecraftforge.fml.ModLoadingContext/]: Attempted to register an empty config for type COMMON on mod forge
[27Jul2026 19:37:41.103] [modloading-worker-0/DEBUG] [com.tterrag.registrate.AbstractRegistrate/REGISTRATE.REGISTER]: Captured registration for entry item_names of type create:display_source
[27Jul2026 19:37:41.109] [modloading-worker-0/DEBUG] [com.tterrag.registrate.AbstractRegistrate/REGISTRATE.REGISTER]: Captured registration for entry boiler of type create:display_source
[27Jul2026 19:37:41.112] [modloading-worker-0/DEBUG] [com.tterrag.registrate.AbstractRegistrate/REGISTRATE.REGISTER]: Captured registration for entry current_floor of type create:display_source
[27Jul2026 19:37:41.116] [modloading-worker-0/DEBUG] [com.tterrag.registrate.AbstractRegistrate/REGISTRATE.REGISTER]: Captured registration for entry fill_level of type create:display_source
[27Jul2026 19:37:41.120] [modloading-worker-0/DEBUG] [com.tterrag.registrate.AbstractRegistrate/REGISTRATE.REGISTER]: Captured registration for entry gauge_status of type create:display_source
[27Jul2026 19:37:41.121] [modloading-worker-0/DEBUG] [mixin/]: Mixing accessor.FontAccessor from create.mixins.json into net.minecraft.client.gui.Font
[27Jul2026 19:37:41.122] [modloading-worker-0/DEBUG] [com.tterrag.registrate.AbstractRegistrate/REGISTRATE.REGISTER]: Captured registration for entry entity_name of type create:display_source
[27Jul2026 19:37:41.132] [modloading-worker-0/DEBUG] [com.tterrag.registrate.AbstractRegistrate/REGISTRATE.REGISTER]: Captured registration for entry time_of_day of type create:display_source
[27Jul2026 19:37:41.138] [modloading-worker-0/DEBUG] [com.tterrag.registrate.AbstractRegistrate/REGISTRATE.REGISTER]: Captured registration for entry stopwatch of type create:display_source
[27Jul2026 19:37:41.142] [modloading-worker-0/DEBUG] [com.tterrag.registrate.AbstractRegistrate/REGISTRATE.REGISTER]: Captured registration for entry kinetic_speed of type create:display_source
[27Jul2026 19:37:41.147] [modloading-worker-0/DEBUG] [mixin/]: Mixing ReloadableServerResourcesMixin from moonlight-common.mixins.json into net.minecraft.server.ReloadableServerResources
[27Jul2026 19:37:41.150] [modloading-worker-0/DEBUG] [com.tterrag.registrate.AbstractRegistrate/REGISTRATE.REGISTER]: Captured registration for entry kinetic_stress of type create:display_source
[27Jul2026 19:37:41.172] [modloading-worker-0/DEBUG] [com.tterrag.registrate.AbstractRegistrate/REGISTRATE.REGISTER]: Captured registration for entry station_summary of type create:display_source
[27Jul2026 19:37:41.178] [modloading-worker-0/DEBUG] [com.tterrag.registrate.AbstractRegistrate/REGISTRATE.REGISTER]: Captured registration for entry train_status of type create:display_source
[27Jul2026 19:37:41.178] [modloading-worker-0/DEBUG] [mixin/]: Mixing LevelRendererAccessor from flywheel.backend.mixins.json into net.minecraft.client.renderer.LevelRenderer
[27Jul2026 19:37:41.186] [modloading-worker-0/DEBUG] [mixin/]: Mixing fix.FixFabulousDepthMixin from flywheel.impl.mixins.json into net.minecraft.client.renderer.LevelRenderer
[27Jul2026 19:37:41.188] [modloading-worker-0/DEBUG] [mixin/]: Mixing visualmanage.LevelRendererMixin from flywheel.impl.mixins.json into net.minecraft.client.renderer.LevelRenderer
[27Jul2026 19:37:41.189] [modloading-worker-0/DEBUG] [mixin/]: Mixing accessor.LevelRendererAccessor from create.mixins.json into net.minecraft.client.renderer.LevelRenderer
[27Jul2026 19:37:41.215] [modloading-worker-0/DEBUG] [mixin/]: Mixing client.LevelRendererMixin from create.mixins.json into net.minecraft.client.renderer.LevelRenderer
[27Jul2026 19:37:41.216] [modloading-worker-0/DEBUG] [mixin/]: Renaming synthetic method lambda$create$onDestroyBlockProgress$0(J)Ljava/util/SortedSet; to mdf074c6$lambda$create$onDestroyBlockProgress$0$0 in create.mixins.json:client.LevelRendererMixin
[27Jul2026 19:37:41.222] [modloading-worker-0/DEBUG] [mixin/]: Mixing LevelRendererMixin from flywheel.impl.mixins.json into net.minecraft.client.renderer.LevelRenderer
[27Jul2026 19:37:41.341] [modloading-worker-0/DEBUG] [com.tterrag.registrate.AbstractRegistrate/REGISTRATE.REGISTER]: Captured registration for entry observed_train_name of type create:display_source
[27Jul2026 19:37:41.343] [modloading-worker-0/DEBUG] [com.tterrag.registrate.AbstractRegistrate/REGISTRATE.REGISTER]: Captured registration for entry accumulate_items of type create:display_source
[27Jul2026 19:37:41.346] [modloading-worker-0/DEBUG] [com.tterrag.registrate.AbstractRegistrate/REGISTRATE.REGISTER]: Captured registration for entry item_throughput of type create:display_source
[27Jul2026 19:37:41.349] [modloading-worker-0/DEBUG] [com.tterrag.registrate.AbstractRegistrate/REGISTRATE.REGISTER]: Captured registration for entry count_items of type create:display_source
[27Jul2026 19:37:41.351] [modloading-worker-0/DEBUG] [com.tterrag.registrate.AbstractRegistrate/REGISTRATE.REGISTER]: Captured registration for entry list_items of type create:display_source
[27Jul2026 19:37:41.353] [modloading-worker-0/DEBUG] [net.minecraftforge.fml.javafmlmod.AutomaticEventSubscriber/LOADING]: Attempting to inject @EventBusSubscriber classes into the eventbus for forge
[27Jul2026 19:37:41.354] [modloading-worker-0/DEBUG] [com.tterrag.registrate.AbstractRegistrate/REGISTRATE.REGISTER]: Captured registration for entry count_fluids of type create:display_source
[27Jul2026 19:37:41.354] [modloading-worker-0/DEBUG] [net.minecraftforge.fml.javafmlmod.AutomaticEventSubscriber/LOADING]: Auto-subscribing net.minecraftforge.common.ForgeSpawnEggItem$CommonHandler to MOD
[27Jul2026 19:37:41.357] [modloading-worker-0/DEBUG] [net.minecraftforge.fml.javafmlmod.AutomaticEventSubscriber/LOADING]: Auto-subscribing net.minecraftforge.common.ForgeSpawnEggItem$ColorRegisterHandler to MOD
[27Jul2026 19:37:41.357] [modloading-worker-0/DEBUG] [com.tterrag.registrate.AbstractRegistrate/REGISTRATE.REGISTER]: Captured registration for entry list_fluids of type create:display_source
[27Jul2026 19:37:41.359] [modloading-worker-0/DEBUG] [com.tterrag.registrate.AbstractRegistrate/REGISTRATE.REGISTER]: Captured registration for entry read_package_address of type create:display_source
[27Jul2026 19:37:41.365] [modloading-worker-0/DEBUG] [com.tterrag.registrate.AbstractRegistrate/REGISTRATE.REGISTER]: Captured registration for entry computer of type create:display_source
[27Jul2026 19:37:41.369] [modloading-worker-0/DEBUG] [net.minecraftforge.fml.javafmlmod.AutomaticEventSubscriber/LOADING]: Auto-subscribing net.minecraftforge.client.model.data.ModelDataManager to FORGE
[27Jul2026 19:37:41.372] [modloading-worker-0/DEBUG] [net.minecraftforge.fml.javafmlmod.AutomaticEventSubscriber/LOADING]: Auto-subscribing net.minecraftforge.client.ForgeHooksClient$ClientEvents to MOD
[27Jul2026 19:37:41.372] [modloading-worker-0/DEBUG] [mixin/]: Mixing PoseStackAccessor from flywheel.impl.mixins.json into com.mojang.blaze3d.vertex.PoseStack
[27Jul2026 19:37:41.377] [modloading-worker-0/DEBUG] [mixin/]: Mixing PoseStackMixin from flywheel.impl.mixins.json into com.mojang.blaze3d.vertex.PoseStack
[27Jul2026 19:37:41.381] [modloading-worker-0/DEBUG] [mixin/]: Mixing fix.FixNormalScalingMixin from flywheel.impl.mixins.json into com.mojang.blaze3d.vertex.PoseStack
[27Jul2026 19:37:41.401] [modloading-worker-0/DEBUG] [net.minecraftforge.fml.config.ConfigTracker/CONFIG]: Config file moonlight-client.toml for vintagefurn tracking
[27Jul2026 19:37:41.404] [modloading-worker-0/DEBUG] [com.tterrag.registrate.AbstractRegistrate/REGISTRATE.REGISTER]: Captured registration for entry sign of type create:display_target
[27Jul2026 19:37:41.408] [modloading-worker-0/DEBUG] [com.tterrag.registrate.AbstractRegistrate/REGISTRATE.REGISTER]: Captured registration for entry lectern of type create:display_target
[27Jul2026 19:37:41.410] [modloading-worker-0/DEBUG] [mixin/]: Mixing client.CameraMixin from create.mixins.json into net.minecraft.client.Camera
[27Jul2026 19:37:41.413] [modloading-worker-0/DEBUG] [net.minecraftforge.fml.javafmlmod.AutomaticEventSubscriber/LOADING]: Attempting to inject @EventBusSubscriber classes into the eventbus for vintagefurn
[27Jul2026 19:37:41.413] [modloading-worker-0/DEBUG] [net.minecraftforge.fml.javafmlmod.AutomaticEventSubscriber/LOADING]: Auto-subscribing net.cf.vintageefurn.client.BeamsClientSetup to MOD
[27Jul2026 19:37:41.428] [modloading-worker-0/DEBUG] [net.minecraftforge.fml.javafmlmod.AutomaticEventSubscriber/LOADING]: Attempting to inject @EventBusSubscriber classes into the eventbus for flywheel
[27Jul2026 19:37:41.430] [modloading-worker-0/DEBUG] [net.minecraftforge.fml.javafmlmod.AutomaticEventSubscriber/LOADING]: Auto-subscribing net.minecraftforge.client.ClientForgeMod to MOD
[27Jul2026 19:37:41.434] [modloading-worker-0/DEBUG] [net.minecraftforge.fml.javafmlmod.AutomaticEventSubscriber/LOADING]: Auto-subscribing net.cf.vintageefurn.client.event.BeamBreakInputHandler to FORGE
[27Jul2026 19:37:41.436] [modloading-worker-0/DEBUG] [net.minecraftforge.fml.javafmlmod.AutomaticEventSubscriber/LOADING]: Auto-subscribing net.createmod.ponder.ForgePonder$ModBusEvents to MOD
[27Jul2026 19:37:41.437] [modloading-worker-0/DEBUG] [com.tterrag.registrate.AbstractRegistrate/REGISTRATE.REGISTER]: Captured registration for entry display_board of type create:display_target
[27Jul2026 19:37:41.439] [modloading-worker-0/DEBUG] [net.minecraftforge.fml.javafmlmod.AutomaticEventSubscriber/LOADING]: Auto-subscribing net.createmod.ponder.ForgePonder$Events to FORGE
[27Jul2026 19:37:41.443] [modloading-worker-0/DEBUG] [com.tterrag.registrate.AbstractRegistrate/REGISTRATE.REGISTER]: Captured registration for entry nixie_tube of type create:display_target
[27Jul2026 19:37:41.444] [modloading-worker-0/DEBUG] [net.minecraftforge.fml.javafmlmod.AutomaticEventSubscriber/LOADING]: Auto-subscribing net.cf.vintageefurn.client.event.BeamCancelInputHandler to FORGE
[27Jul2026 19:37:41.448] [modloading-worker-0/DEBUG] [net.minecraftforge.fml.javafmlmod.AutomaticEventSubscriber/LOADING]: Auto-subscribing net.cf.vintageefurn.client.event.BeamHighlightRenderer to FORGE
[27Jul2026 19:37:41.462] [modloading-worker-0/DEBUG] [net.minecraftforge.fml.javafmlmod.AutomaticEventSubscriber/LOADING]: Auto-subscribing net.cf.vintageefurn.client.event.BeamMiningHandler to FORGE
[27Jul2026 19:37:41.467] [modloading-worker-0/DEBUG] [net.minecraftforge.fml.javafmlmod.AutomaticEventSubscriber/LOADING]: Auto-subscribing net.cf.vintageefurn.client.event.BeamResourceReloadHandler to MOD
[27Jul2026 19:37:41.472] [modloading-worker-0/DEBUG] [net.minecraftforge.fml.javafmlmod.AutomaticEventSubscriber/LOADING]: Auto-subscribing net.cf.vintageefurn.client.renderer.beam.BeamGhostRenderer to FORGE
[27Jul2026 19:37:41.475] [modloading-worker-0/DEBUG] [net.minecraftforge.fml.javafmlmod.AutomaticEventSubscriber/LOADING]: Auto-subscribing net.cf.vintageefurn.datagen.DataGenerators to MOD
[27Jul2026 19:37:41.479] [modloading-worker-0/DEBUG] [net.minecraftforge.fml.javafmlmod.AutomaticEventSubscriber/LOADING]: Auto-subscribing net.cf.vintageefurn.event.BeamBreakHandler to FORGE
[27Jul2026 19:37:41.481] [modloading-worker-0/DEBUG] [mixin/]: Mixing ConditionHackMixin from moonlight.mixins.json into net.minecraft.server.packs.resources.SimplePreparableReloadListener
[27Jul2026 19:37:41.514] [modloading-worker-0/DEBUG] [net.minecraftforge.fml.javafmlmod.AutomaticEventSubscriber/LOADING]: Auto-subscribing net.cf.vintageefurn.event.BeamHeldItemWatcher to FORGE
[27Jul2026 19:37:41.519] [modloading-worker-0/DEBUG] [net.minecraftforge.fml.javafmlmod.AutomaticEventSubscriber/LOADING]: Auto-subscribing net.cf.vintageefurn.VintageFurn$ClientModEvents to MOD
[27Jul2026 19:37:41.546] [modloading-worker-0/DEBUG] [net.minecraftforge.fml.javafmlmod.AutomaticEventSubscriber/LOADING]: Attempting to inject @EventBusSubscriber classes into the eventbus for everycomp
[27Jul2026 19:37:41.596] [modloading-worker-0/DEBUG] [mixin/]: Mixing accessor.BlockLootSubProviderAccessor from create.mixins.json into net.minecraft.data.loot.BlockLootSubProvider
[27Jul2026 19:37:41.597] [modloading-worker-0/DEBUG] [mixin/]: Renaming @Accessor method create$HAS_SILK_TOUCH()Lnet/minecraft/world/level/storage/loot/predicates/LootItemCondition$Builder; to create$HAS_SILK_TOUCH_$md$f074c6$0 in create.mixins.json:accessor.BlockLootSubProviderAccessor
[27Jul2026 19:37:41.607] [modloading-worker-0/DEBUG] [net.minecraftforge.fml.javafmlmod.AutomaticEventSubscriber/LOADING]: Attempting to inject @EventBusSubscriber classes into the eventbus for moonlight
[27Jul2026 19:37:41.608] [modloading-worker-0/DEBUG] [net.minecraftforge.fml.javafmlmod.AutomaticEventSubscriber/LOADING]: Auto-subscribing net.mehvahdjukaar.moonlight.forge.MoonlightForgeClient to FORGE
[27Jul2026 19:37:41.658] [modloading-worker-0/DEBUG] [com.tterrag.registrate.AbstractRegistrate/REGISTRATE.REGISTER]: Captured registration for entry schematicannon of type minecraft:item
[27Jul2026 19:37:41.659] [modloading-worker-0/DEBUG] [com.tterrag.registrate.AbstractRegistrate/REGISTRATE.REGISTER]: Captured registration for entry schematicannon of type minecraft:block
[27Jul2026 19:37:41.665] [modloading-worker-0/DEBUG] [com.tterrag.registrate.AbstractRegistrate/REGISTRATE.REGISTER]: Captured registration for entry schematic_table of type minecraft:item
[27Jul2026 19:37:41.665] [modloading-worker-0/DEBUG] [com.tterrag.registrate.AbstractRegistrate/REGISTRATE.REGISTER]: Captured registration for entry schematic_table of type minecraft:block
[27Jul2026 19:37:41.715] [modloading-worker-0/DEBUG] [com.tterrag.registrate.AbstractRegistrate/REGISTRATE.REGISTER]: Captured registration for entry shaft of type minecraft:item
[27Jul2026 19:37:41.715] [modloading-worker-0/DEBUG] [com.tterrag.registrate.AbstractRegistrate/REGISTRATE.REGISTER]: Captured registration for entry shaft of type minecraft:block
[27Jul2026 19:37:41.724] [modloading-worker-0/DEBUG] [com.tterrag.registrate.AbstractRegistrate/REGISTRATE.REGISTER]: Captured registration for entry cogwheel of type minecraft:item
[27Jul2026 19:37:41.725] [modloading-worker-0/DEBUG] [com.tterrag.registrate.AbstractRegistrate/REGISTRATE.REGISTER]: Captured registration for entry cogwheel of type minecraft:block
[27Jul2026 19:37:41.727] [modloading-worker-0/DEBUG] [com.tterrag.registrate.AbstractRegistrate/REGISTRATE.REGISTER]: Captured registration for entry large_cogwheel of type minecraft:item
[27Jul2026 19:37:41.727] [modloading-worker-0/DEBUG] [com.tterrag.registrate.AbstractRegistrate/REGISTRATE.REGISTER]: Captured registration for entry large_cogwheel of type minecraft:block
[27Jul2026 19:37:41.758] [modloading-worker-0/DEBUG] [com.tterrag.registrate.AbstractRegistrate/REGISTRATE.REGISTER]: Captured registration for entry andesite_encased_shaft of type minecraft:item
[27Jul2026 19:37:41.760] [modloading-worker-0/DEBUG] [com.tterrag.registrate.AbstractRegistrate/REGISTRATE.REGISTER]: Captured registration for entry andesite_encased_shaft of type minecraft:block
[27Jul2026 19:37:41.762] [modloading-worker-0/DEBUG] [com.tterrag.registrate.AbstractRegistrate/REGISTRATE.REGISTER]: Captured registration for entry brass_encased_shaft of type minecraft:item
[27Jul2026 19:37:41.762] [modloading-worker-0/DEBUG] [com.tterrag.registrate.AbstractRegistrate/REGISTRATE.REGISTER]: Captured registration for entry brass_encased_shaft of type minecraft:block
[27Jul2026 19:37:41.766] [modloading-worker-0/DEBUG] [mixin/]: Mixing client.accessor.RenderTypeAccessor from ponder-common.mixins.json into net.minecraft.client.renderer.RenderType
[27Jul2026 19:37:41.770] [modloading-worker-0/DEBUG] [mixin/]: Renaming @Invoker method catnip$create(Ljava/lang/String;Lcom/mojang/blaze3d/vertex/VertexFormat;Lcom/mojang/blaze3d/vertex/VertexFormat$Mode;IZZLnet/minecraft/client/renderer/RenderType$CompositeState;)Lnet/minecraft/client/renderer/RenderType$CompositeRenderType; to catnip$create_$md$f074c6$0 in ponder-common.mixins.json:client.accessor.RenderTypeAccessor
[27Jul2026 19:37:41.832] [modloading-worker-0/DEBUG] [mixin/]: Mixing GameRendererMixin from moonlight-common.mixins.json into net.minecraft.client.renderer.GameRenderer
[27Jul2026 19:37:41.834] [modloading-worker-0/DEBUG] [mixin/]: Mixing client.accessor.GameRendererAccessor from ponder-common.mixins.json into net.minecraft.client.renderer.GameRenderer
[27Jul2026 19:37:41.842] [modloading-worker-0/DEBUG] [mixin/]: Mixing client.GameRendererMixin from create.mixins.json into net.minecraft.client.renderer.GameRenderer
[27Jul2026 19:37:42.071] [modloading-worker-0/DEBUG] [com.tterrag.registrate.AbstractRegistrate/REGISTRATE.REGISTER]: Captured registration for entry andesite_encased_cogwheel of type minecraft:item
[27Jul2026 19:37:42.072] [modloading-worker-0/DEBUG] [com.tterrag.registrate.AbstractRegistrate/REGISTRATE.REGISTER]: Captured registration for entry andesite_encased_cogwheel of type minecraft:block
[27Jul2026 19:37:42.073] [modloading-worker-0/DEBUG] [com.tterrag.registrate.AbstractRegistrate/REGISTRATE.REGISTER]: Captured registration for entry brass_encased_cogwheel of type minecraft:item
[27Jul2026 19:37:42.073] [modloading-worker-0/DEBUG] [com.tterrag.registrate.AbstractRegistrate/REGISTRATE.REGISTER]: Captured registration for entry brass_encased_cogwheel of type minecraft:block
[27Jul2026 19:37:42.075] [modloading-worker-0/DEBUG] [com.tterrag.registrate.AbstractRegistrate/REGISTRATE.REGISTER]: Captured registration for entry andesite_encased_large_cogwheel of type minecraft:item
[27Jul2026 19:37:42.075] [modloading-worker-0/DEBUG] [com.tterrag.registrate.AbstractRegistrate/REGISTRATE.REGISTER]: Captured registration for entry andesite_encased_large_cogwheel of type minecraft:block
[27Jul2026 19:37:42.076] [modloading-worker-0/DEBUG] [com.tterrag.registrate.AbstractRegistrate/REGISTRATE.REGISTER]: Captured registration for entry brass_encased_large_cogwheel of type minecraft:item
[27Jul2026 19:37:42.077] [modloading-worker-0/DEBUG] [com.tterrag.registrate.AbstractRegistrate/REGISTRATE.REGISTER]: Captured registration for entry brass_encased_large_cogwheel of type minecraft:block
[27Jul2026 19:37:42.079] [modloading-worker-0/DEBUG] [com.tterrag.registrate.AbstractRegistrate/REGISTRATE.REGISTER]: Captured registration for entry gearbox of type minecraft:item
[27Jul2026 19:37:42.079] [modloading-worker-0/DEBUG] [com.tterrag.registrate.AbstractRegistrate/REGISTRATE.REGISTER]: Captured registration for entry gearbox of type minecraft:block
[27Jul2026 19:37:42.112] [modloading-worker-0/DEBUG] [com.tterrag.registrate.AbstractRegistrate/REGISTRATE.REGISTER]: Captured registration for entry clutch of type minecraft:item
[27Jul2026 19:37:42.113] [modloading-worker-0/DEBUG] [com.tterrag.registrate.AbstractRegistrate/REGISTRATE.REGISTER]: Captured registration for entry clutch of type minecraft:block
[27Jul2026 19:37:42.115] [modloading-worker-0/DEBUG] [com.tterrag.registrate.AbstractRegistrate/REGISTRATE.REGISTER]: Captured registration for entry gearshift of type minecraft:item
[27Jul2026 19:37:42.115] [modloading-worker-0/DEBUG] [com.tterrag.registrate.AbstractRegistrate/REGISTRATE.REGISTER]: Captured registration for entry gearshift of type minecraft:block
[27Jul2026 19:37:42.121] [modloading-worker-0/DEBUG] [com.tterrag.registrate.AbstractRegistrate/REGISTRATE.REGISTER]: Captured registration for entry encased_chain_drive of type minecraft:item
[27Jul2026 19:37:42.121] [modloading-worker-0/DEBUG] [com.tterrag.registrate.AbstractRegistrate/REGISTRATE.REGISTER]: Captured registration for entry encased_chain_drive of type minecraft:block
[27Jul2026 19:37:42.125] [modloading-worker-0/DEBUG] [com.tterrag.registrate.AbstractRegistrate/REGISTRATE.REGISTER]: Captured registration for entry adjustable_chain_gearshift of type minecraft:item
[27Jul2026 19:37:42.126] [modloading-worker-0/DEBUG] [com.tterrag.registrate.AbstractRegistrate/REGISTRATE.REGISTER]: Captured registration for entry adjustable_chain_gearshift of type minecraft:block
[27Jul2026 19:37:42.141] [modloading-worker-0/DEBUG] [com.tterrag.registrate.AbstractRegistrate/REGISTRATE.REGISTER]: Captured registration for entry belt of type minecraft:block
[27Jul2026 19:37:42.145] [modloading-worker-0/DEBUG] [com.tterrag.registrate.AbstractRegistrate/REGISTRATE.REGISTER]: Captured registration for entry chain_conveyor of type minecraft:item
[27Jul2026 19:37:42.146] [modloading-worker-0/DEBUG] [com.tterrag.registrate.AbstractRegistrate/REGISTRATE.REGISTER]: Captured registration for entry chain_conveyor of type minecraft:block
[27Jul2026 19:37:42.170] [modloading-worker-0/DEBUG] [com.tterrag.registrate.AbstractRegistrate/REGISTRATE.REGISTER]: Captured registration for entry creative_motor of type minecraft:item
[27Jul2026 19:37:42.170] [modloading-worker-0/DEBUG] [com.tterrag.registrate.AbstractRegistrate/REGISTRATE.REGISTER]: Captured registration for entry creative_motor of type minecraft:block
[27Jul2026 19:37:42.177] [modloading-worker-0/DEBUG] [com.tterrag.registrate.AbstractRegistrate/REGISTRATE.REGISTER]: Captured registration for entry water_wheel of type minecraft:item
[27Jul2026 19:37:42.177] [modloading-worker-0/DEBUG] [com.tterrag.registrate.AbstractRegistrate/REGISTRATE.REGISTER]: Captured registration for entry water_wheel of type minecraft:block
[27Jul2026 19:37:42.195] [modloading-worker-0/DEBUG] [com.tterrag.registrate.AbstractRegistrate/REGISTRATE.REGISTER]: Captured registration for entry large_water_wheel of type minecraft:item
[27Jul2026 19:37:42.195] [modloading-worker-0/DEBUG] [com.tterrag.registrate.AbstractRegistrate/REGISTRATE.REGISTER]: Captured registration for entry large_water_wheel of type minecraft:block
[27Jul2026 19:37:42.201] [modloading-worker-0/DEBUG] [com.tterrag.registrate.AbstractRegistrate/REGISTRATE.REGISTER]: Captured registration for entry water_wheel_structure of type minecraft:block
[27Jul2026 19:37:42.205] [modloading-worker-0/DEBUG] [com.tterrag.registrate.AbstractRegistrate/REGISTRATE.REGISTER]: Captured registration for entry encased_fan of type minecraft:item
[27Jul2026 19:37:42.205] [modloading-worker-0/DEBUG] [com.tterrag.registrate.AbstractRegistrate/REGISTRATE.REGISTER]: Captured registration for entry encased_fan of type minecraft:block
[27Jul2026 19:37:42.208] [modloading-worker-0/DEBUG] [com.tterrag.registrate.AbstractRegistrate/REGISTRATE.REGISTER]: Captured registration for entry nozzle of type minecraft:item
[27Jul2026 19:37:42.209] [modloading-worker-0/DEBUG] [com.tterrag.registrate.AbstractRegistrate/REGISTRATE.REGISTER]: Captured registration for entry nozzle of type minecraft:block
[27Jul2026 19:37:42.212] [modloading-worker-0/DEBUG] [com.tterrag.registrate.AbstractRegistrate/REGISTRATE.REGISTER]: Captured registration for entry turntable of type minecraft:item
[27Jul2026 19:37:42.213] [modloading-worker-0/DEBUG] [com.tterrag.registrate.AbstractRegistrate/REGISTRATE.REGISTER]: Captured registration for entry turntable of type minecraft:block
[27Jul2026 19:37:42.218] [modloading-worker-0/DEBUG] [com.tterrag.registrate.AbstractRegistrate/REGISTRATE.REGISTER]: Captured registration for entry hand_crank of type minecraft:item
[27Jul2026 19:37:42.218] [modloading-worker-0/DEBUG] [com.tterrag.registrate.AbstractRegistrate/REGISTRATE.REGISTER]: Captured registration for entry hand_crank of type minecraft:block
[27Jul2026 19:37:42.223] [modloading-worker-0/DEBUG] [com.tterrag.registrate.AbstractRegistrate/REGISTRATE.REGISTER]: Captured registration for entry cuckoo_clock of type minecraft:item
[27Jul2026 19:37:42.224] [modloading-worker-0/DEBUG] [com.tterrag.registrate.AbstractRegistrate/REGISTRATE.REGISTER]: Captured registration for entry cuckoo_clock of type minecraft:block
[27Jul2026 19:37:42.225] [modloading-worker-0/DEBUG] [com.tterrag.registrate.AbstractRegistrate/REGISTRATE.REGISTER]: Captured registration for entry mysterious_cuckoo_clock of type minecraft:item
[27Jul2026 19:37:42.225] [modloading-worker-0/DEBUG] [com.tterrag.registrate.AbstractRegistrate/REGISTRATE.REGISTER]: Captured registration for entry mysterious_cuckoo_clock of type minecraft:block
[27Jul2026 19:37:42.229] [modloading-worker-0/DEBUG] [com.tterrag.registrate.AbstractRegistrate/REGISTRATE.REGISTER]: Captured registration for entry millstone of type minecraft:item
[27Jul2026 19:37:42.229] [modloading-worker-0/DEBUG] [com.tterrag.registrate.AbstractRegistrate/REGISTRATE.REGISTER]: Captured registration for entry millstone of type minecraft:block
[27Jul2026 19:37:42.234] [modloading-worker-0/DEBUG] [com.tterrag.registrate.AbstractRegistrate/REGISTRATE.REGISTER]: Captured registration for entry crushing_wheel of type minecraft:item
[27Jul2026 19:37:42.234] [modloading-worker-0/DEBUG] [com.tterrag.registrate.AbstractRegistrate/REGISTRATE.REGISTER]: Captured registration for entry crushing_wheel of type minecraft:block
[27Jul2026 19:37:42.238] [modloading-worker-0/DEBUG] [com.tterrag.registrate.AbstractRegistrate/REGISTRATE.REGISTER]: Captured registration for entry crushing_wheel_controller of type minecraft:block
[27Jul2026 19:37:42.243] [modloading-worker-0/DEBUG] [com.tterrag.registrate.AbstractRegistrate/REGISTRATE.REGISTER]: Captured registration for entry mechanical_press of type minecraft:item
[27Jul2026 19:37:42.244] [modloading-worker-0/DEBUG] [com.tterrag.registrate.AbstractRegistrate/REGISTRATE.REGISTER]: Captured registration for entry mechanical_press of type minecraft:block
[27Jul2026 19:37:42.247] [modloading-worker-0/DEBUG] [com.tterrag.registrate.AbstractRegistrate/REGISTRATE.REGISTER]: Captured registration for entry mechanical_mixer of type minecraft:item
[27Jul2026 19:37:42.248] [modloading-worker-0/DEBUG] [com.tterrag.registrate.AbstractRegistrate/REGISTRATE.REGISTER]: Captured registration for entry mechanical_mixer of type minecraft:block
[27Jul2026 19:37:42.258] [modloading-worker-0/DEBUG] [com.tterrag.registrate.AbstractRegistrate/REGISTRATE.REGISTER]: Captured registration for entry basin of type minecraft:item
[27Jul2026 19:37:42.258] [modloading-worker-0/DEBUG] [com.tterrag.registrate.AbstractRegistrate/REGISTRATE.REGISTER]: Captured registration for entry basin of type minecraft:block
[27Jul2026 19:37:42.264] [modloading-worker-0/DEBUG] [com.tterrag.registrate.AbstractRegistrate/REGISTRATE.REGISTER]: Captured registration for entry blaze_burner of type minecraft:item
[27Jul2026 19:37:42.264] [modloading-worker-0/DEBUG] [com.tterrag.registrate.AbstractRegistrate/REGISTRATE.REGISTER]: Captured registration for entry blaze_burner of type minecraft:block
[27Jul2026 19:37:42.266] [modloading-worker-0/DEBUG] [com.tterrag.registrate.AbstractRegistrate/REGISTRATE.REGISTER]: Captured registration for entry lit_blaze_burner of type minecraft:block
[27Jul2026 19:37:42.277] [modloading-worker-0/DEBUG] [com.tterrag.registrate.AbstractRegistrate/REGISTRATE.REGISTER]: Captured registration for entry fallback of type create:mounted_item_storage_type
[27Jul2026 19:37:42.278] [modloading-worker-0/DEBUG] [com.tterrag.registrate.AbstractRegistrate/REGISTRATE.REGISTER]: Captured registration for entry creative_crate of type create:mounted_item_storage_type
[27Jul2026 19:37:42.280] [modloading-worker-0/DEBUG] [com.tterrag.registrate.AbstractRegistrate/REGISTRATE.REGISTER]: Captured registration for entry vault of type create:mounted_item_storage_type
[27Jul2026 19:37:42.282] [modloading-worker-0/DEBUG] [com.tterrag.registrate.AbstractRegistrate/REGISTRATE.REGISTER]: Captured registration for entry toolbox of type create:mounted_item_storage_type
[27Jul2026 19:37:42.285] [modloading-worker-0/DEBUG] [com.tterrag.registrate.AbstractRegistrate/REGISTRATE.REGISTER]: Captured registration for entry depot of type create:mounted_item_storage_type
[27Jul2026 19:37:42.290] [modloading-worker-0/DEBUG] [com.tterrag.registrate.AbstractRegistrate/REGISTRATE.REGISTER]: Captured registration for entry fluid_tank of type create:mounted_fluid_storage_type
[27Jul2026 19:37:42.292] [modloading-worker-0/DEBUG] [com.tterrag.registrate.AbstractRegistrate/REGISTRATE.REGISTER]: Captured registration for entry creative_fluid_tank of type create:mounted_fluid_storage_type
[27Jul2026 19:37:42.293] [modloading-worker-0/DEBUG] [com.tterrag.registrate.AbstractRegistrate/REGISTRATE.REGISTER]: Captured registration for entry simple of type create:mounted_item_storage_type
[27Jul2026 19:37:42.296] [modloading-worker-0/DEBUG] [com.tterrag.registrate.AbstractRegistrate/REGISTRATE.REGISTER]: Captured registration for entry chest of type create:mounted_item_storage_type
[27Jul2026 19:37:42.298] [modloading-worker-0/DEBUG] [com.tterrag.registrate.AbstractRegistrate/REGISTRATE.REGISTER]: Captured registration for entry dispenser of type create:mounted_item_storage_type
[27Jul2026 19:37:42.299] [modloading-worker-0/DEBUG] [com.tterrag.registrate.AbstractRegistrate/REGISTRATE.REGISTER]: Captured registration for entry depot of type minecraft:item
[27Jul2026 19:37:42.300] [modloading-worker-0/DEBUG] [com.tterrag.registrate.AbstractRegistrate/REGISTRATE.REGISTER]: Captured registration for entry depot of type minecraft:block
[27Jul2026 19:37:42.305] [modloading-worker-0/DEBUG] [com.tterrag.registrate.AbstractRegistrate/REGISTRATE.REGISTER]: Captured registration for entry weighted_ejector of type minecraft:item
[27Jul2026 19:37:42.305] [modloading-worker-0/DEBUG] [com.tterrag.registrate.AbstractRegistrate/REGISTRATE.REGISTER]: Captured registration for entry weighted_ejector of type minecraft:block
[27Jul2026 19:37:42.311] [modloading-worker-0/DEBUG] [com.tterrag.registrate.AbstractRegistrate/REGISTRATE.REGISTER]: Captured registration for entry chute of type minecraft:item
[27Jul2026 19:37:42.312] [modloading-worker-0/DEBUG] [com.tterrag.registrate.AbstractRegistrate/REGISTRATE.REGISTER]: Captured registration for entry chute of type minecraft:block
[27Jul2026 19:37:42.314] [modloading-worker-0/DEBUG] [com.tterrag.registrate.AbstractRegistrate/REGISTRATE.REGISTER]: Captured registration for entry smart_chute of type minecraft:item
[27Jul2026 19:37:42.314] [modloading-worker-0/DEBUG] [com.tterrag.registrate.AbstractRegistrate/REGISTRATE.REGISTER]: Captured registration for entry smart_chute of type minecraft:block
[27Jul2026 19:37:42.323] [modloading-worker-0/DEBUG] [com.tterrag.registrate.AbstractRegistrate/REGISTRATE.REGISTER]: Captured registration for entry speedometer of type minecraft:item
[27Jul2026 19:37:42.323] [modloading-worker-0/DEBUG] [com.tterrag.registrate.AbstractRegistrate/REGISTRATE.REGISTER]: Captured registration for entry speedometer of type minecraft:block
[27Jul2026 19:37:42.325] [modloading-worker-0/DEBUG] [com.tterrag.registrate.AbstractRegistrate/REGISTRATE.REGISTER]: Captured registration for entry stressometer of type minecraft:item
[27Jul2026 19:37:42.325] [modloading-worker-0/DEBUG] [com.tterrag.registrate.AbstractRegistrate/REGISTRATE.REGISTER]: Captured registration for entry stressometer of type minecraft:block
[27Jul2026 19:37:42.336] [modloading-worker-0/DEBUG] [com.tterrag.registrate.AbstractRegistrate/REGISTRATE.REGISTER]: Captured registration for entry wooden_bracket of type minecraft:item
[27Jul2026 19:37:42.336] [modloading-worker-0/DEBUG] [com.tterrag.registrate.AbstractRegistrate/REGISTRATE.REGISTER]: Captured registration for entry wooden_bracket of type minecraft:block
[27Jul2026 19:37:42.339] [modloading-worker-0/DEBUG] [com.tterrag.registrate.AbstractRegistrate/REGISTRATE.REGISTER]: Captured registration for entry metal_bracket of type minecraft:item
[27Jul2026 19:37:42.339] [modloading-worker-0/DEBUG] [com.tterrag.registrate.AbstractRegistrate/REGISTRATE.REGISTER]: Captured registration for entry metal_bracket of type minecraft:block
[27Jul2026 19:37:42.344] [modloading-worker-0/DEBUG] [com.tterrag.registrate.AbstractRegistrate/REGISTRATE.REGISTER]: Captured registration for entry fluid_pipe of type minecraft:item
[27Jul2026 19:37:42.344] [modloading-worker-0/DEBUG] [com.tterrag.registrate.AbstractRegistrate/REGISTRATE.REGISTER]: Captured registration for entry fluid_pipe of type minecraft:block
[27Jul2026 19:37:42.347] [modloading-worker-0/DEBUG] [com.tterrag.registrate.AbstractRegistrate/REGISTRATE.REGISTER]: Captured registration for entry encased_fluid_pipe of type minecraft:block
[27Jul2026 19:37:42.350] [modloading-worker-0/DEBUG] [com.tterrag.registrate.AbstractRegistrate/REGISTRATE.REGISTER]: Captured registration for entry glass_fluid_pipe of type minecraft:block
[27Jul2026 19:37:42.355] [modloading-worker-0/DEBUG] [com.tterrag.registrate.AbstractRegistrate/REGISTRATE.REGISTER]: Captured registration for entry mechanical_pump of type minecraft:item
[27Jul2026 19:37:42.355] [modloading-worker-0/DEBUG] [com.tterrag.registrate.AbstractRegistrate/REGISTRATE.REGISTER]: Captured registration for entry mechanical_pump of type minecraft:block
[27Jul2026 19:37:42.360] [modloading-worker-0/DEBUG] [com.tterrag.registrate.AbstractRegistrate/REGISTRATE.REGISTER]: Captured registration for entry smart_fluid_pipe of type minecraft:item
[27Jul2026 19:37:42.360] [modloading-worker-0/DEBUG] [com.tterrag.registrate.AbstractRegistrate/REGISTRATE.REGISTER]: Captured registration for entry smart_fluid_pipe of type minecraft:block
[27Jul2026 19:37:42.364] [modloading-worker-0/DEBUG] [com.tterrag.registrate.AbstractRegistrate/REGISTRATE.REGISTER]: Captured registration for entry fluid_valve of type minecraft:item
[27Jul2026 19:37:42.365] [modloading-worker-0/DEBUG] [com.tterrag.registrate.AbstractRegistrate/REGISTRATE.REGISTER]: Captured registration for entry fluid_valve of type minecraft:block
[27Jul2026 19:37:42.367] [modloading-worker-0/DEBUG] [com.tterrag.registrate.AbstractRegistrate/REGISTRATE.REGISTER]: Captured registration for entry copper_valve_handle of type minecraft:item
[27Jul2026 19:37:42.368] [modloading-worker-0/DEBUG] [com.tterrag.registrate.AbstractRegistrate/REGISTRATE.REGISTER]: Captured registration for entry copper_valve_handle of type minecraft:block
[27Jul2026 19:37:42.371] [modloading-worker-0/DEBUG] [com.tterrag.registrate.AbstractRegistrate/REGISTRATE.REGISTER]: Captured registration for entry white_valve_handle of type minecraft:item
[27Jul2026 19:37:42.372] [modloading-worker-0/DEBUG] [com.tterrag.registrate.AbstractRegistrate/REGISTRATE.REGISTER]: Captured registration for entry white_valve_handle of type minecraft:block
[27Jul2026 19:37:42.373] [modloading-worker-0/DEBUG] [com.tterrag.registrate.AbstractRegistrate/REGISTRATE.REGISTER]: Captured registration for entry orange_valve_handle of type minecraft:item
[27Jul2026 19:37:42.373] [modloading-worker-0/DEBUG] [com.tterrag.registrate.AbstractRegistrate/REGISTRATE.REGISTER]: Captured registration for entry orange_valve_handle of type minecraft:block
[27Jul2026 19:37:42.373] [modloading-worker-0/DEBUG] [com.tterrag.registrate.AbstractRegistrate/REGISTRATE.REGISTER]: Captured registration for entry magenta_valve_handle of type minecraft:item
[27Jul2026 19:37:42.373] [modloading-worker-0/DEBUG] [com.tterrag.registrate.AbstractRegistrate/REGISTRATE.REGISTER]: Captured registration for entry magenta_valve_handle of type minecraft:block
[27Jul2026 19:37:42.373] [modloading-worker-0/DEBUG] [com.tterrag.registrate.AbstractRegistrate/REGISTRATE.REGISTER]: Captured registration for entry light_blue_valve_handle of type minecraft:item
[27Jul2026 19:37:42.374] [modloading-worker-0/DEBUG] [com.tterrag.registrate.AbstractRegistrate/REGISTRATE.REGISTER]: Captured registration for entry light_blue_valve_handle of type minecraft:block
[27Jul2026 19:37:42.374] [modloading-worker-0/DEBUG] [com.tterrag.registrate.AbstractRegistrate/REGISTRATE.REGISTER]: Captured registration for entry yellow_valve_handle of type minecraft:item
[27Jul2026 19:37:42.374] [modloading-worker-0/DEBUG] [com.tterrag.registrate.AbstractRegistrate/REGISTRATE.REGISTER]: Captured registration for entry yellow_valve_handle of type minecraft:block
[27Jul2026 19:37:42.374] [modloading-worker-0/DEBUG] [com.tterrag.registrate.AbstractRegistrate/REGISTRATE.REGISTER]: Captured registration for entry lime_valve_handle of type minecraft:item
[27Jul2026 19:37:42.374] [modloading-worker-0/DEBUG] [com.tterrag.registrate.AbstractRegistrate/REGISTRATE.REGISTER]: Captured registration for entry lime_valve_handle of type minecraft:block
[27Jul2026 19:37:42.375] [modloading-worker-0/DEBUG] [com.tterrag.registrate.AbstractRegistrate/REGISTRATE.REGISTER]: Captured registration for entry pink_valve_handle of type minecraft:item
[27Jul2026 19:37:42.375] [modloading-worker-0/DEBUG] [com.tterrag.registrate.AbstractRegistrate/REGISTRATE.REGISTER]: Captured registration for entry pink_valve_handle of type minecraft:block
[27Jul2026 19:37:42.375] [modloading-worker-0/DEBUG] [com.tterrag.registrate.AbstractRegistrate/REGISTRATE.REGISTER]: Captured registration for entry gray_valve_handle of type minecraft:item
[27Jul2026 19:37:42.375] [modloading-worker-0/DEBUG] [com.tterrag.registrate.AbstractRegistrate/REGISTRATE.REGISTER]: Captured registration for entry gray_valve_handle of type minecraft:block
[27Jul2026 19:37:42.375] [modloading-worker-0/DEBUG] [com.tterrag.registrate.AbstractRegistrate/REGISTRATE.REGISTER]: Captured registration for entry light_gray_valve_handle of type minecraft:item
[27Jul2026 19:37:42.376] [modloading-worker-0/DEBUG] [com.tterrag.registrate.AbstractRegistrate/REGISTRATE.REGISTER]: Captured registration for entry light_gray_valve_handle of type minecraft:block
[27Jul2026 19:37:42.376] [modloading-worker-0/DEBUG] [com.tterrag.registrate.AbstractRegistrate/REGISTRATE.REGISTER]: Captured registration for entry cyan_valve_handle of type minecraft:item
[27Jul2026 19:37:42.376] [modloading-worker-0/DEBUG] [com.tterrag.registrate.AbstractRegistrate/REGISTRATE.REGISTER]: Captured registration for entry cyan_valve_handle of type minecraft:block
[27Jul2026 19:37:42.377] [modloading-worker-0/DEBUG] [com.tterrag.registrate.AbstractRegistrate/REGISTRATE.REGISTER]: Captured registration for entry purple_valve_handle of type minecraft:item
[27Jul2026 19:37:42.377] [modloading-worker-0/DEBUG] [com.tterrag.registrate.AbstractRegistrate/REGISTRATE.REGISTER]: Captured registration for entry purple_valve_handle of type minecraft:block
[27Jul2026 19:37:42.377] [modloading-worker-0/DEBUG] [com.tterrag.registrate.AbstractRegistrate/REGISTRATE.REGISTER]: Captured registration for entry blue_valve_handle of type minecraft:item
[27Jul2026 19:37:42.377] [modloading-worker-0/DEBUG] [com.tterrag.registrate.AbstractRegistrate/REGISTRATE.REGISTER]: Captured registration for entry blue_valve_handle of type minecraft:block
[27Jul2026 19:37:42.378] [modloading-worker-0/DEBUG] [com.tterrag.registrate.AbstractRegistrate/REGISTRATE.REGISTER]: Captured registration for entry brown_valve_handle of type minecraft:item
[27Jul2026 19:37:42.378] [modloading-worker-0/DEBUG] [com.tterrag.registrate.AbstractRegistrate/REGISTRATE.REGISTER]: Captured registration for entry brown_valve_handle of type minecraft:block
[27Jul2026 19:37:42.378] [modloading-worker-0/DEBUG] [com.tterrag.registrate.AbstractRegistrate/REGISTRATE.REGISTER]: Captured registration for entry green_valve_handle of type minecraft:item
[27Jul2026 19:37:42.378] [modloading-worker-0/DEBUG] [com.tterrag.registrate.AbstractRegistrate/REGISTRATE.REGISTER]: Captured registration for entry green_valve_handle of type minecraft:block
[27Jul2026 19:37:42.378] [modloading-worker-0/DEBUG] [com.tterrag.registrate.AbstractRegistrate/REGISTRATE.REGISTER]: Captured registration for entry red_valve_handle of type minecraft:item
[27Jul2026 19:37:42.379] [modloading-worker-0/DEBUG] [com.tterrag.registrate.AbstractRegistrate/REGISTRATE.REGISTER]: Captured registration for entry red_valve_handle of type minecraft:block
[27Jul2026 19:37:42.379] [modloading-worker-0/DEBUG] [com.tterrag.registrate.AbstractRegistrate/REGISTRATE.REGISTER]: Captured registration for entry black_valve_handle of type minecraft:item
[27Jul2026 19:37:42.379] [modloading-worker-0/DEBUG] [com.tterrag.registrate.AbstractRegistrate/REGISTRATE.REGISTER]: Captured registration for entry black_valve_handle of type minecraft:block
[27Jul2026 19:37:42.393] [modloading-worker-0/DEBUG] [com.tterrag.registrate.AbstractRegistrate/REGISTRATE.REGISTER]: Captured registration for entry fluid_tank of type minecraft:item
[27Jul2026 19:37:42.394] [modloading-worker-0/DEBUG] [com.tterrag.registrate.AbstractRegistrate/REGISTRATE.REGISTER]: Captured registration for entry fluid_tank of type minecraft:block
[27Jul2026 19:37:42.398] [modloading-worker-0/DEBUG] [com.tterrag.registrate.AbstractRegistrate/REGISTRATE.REGISTER]: Captured registration for entry creative_fluid_tank of type minecraft:item
[27Jul2026 19:37:42.398] [modloading-worker-0/DEBUG] [com.tterrag.registrate.AbstractRegistrate/REGISTRATE.REGISTER]: Captured registration for entry creative_fluid_tank of type minecraft:block
[27Jul2026 19:37:42.401] [modloading-worker-0/DEBUG] [com.tterrag.registrate.AbstractRegistrate/REGISTRATE.REGISTER]: Captured registration for entry hose_pulley of type minecraft:item
[27Jul2026 19:37:42.401] [modloading-worker-0/DEBUG] [com.tterrag.registrate.AbstractRegistrate/REGISTRATE.REGISTER]: Captured registration for entry hose_pulley of type minecraft:block
[27Jul2026 19:37:42.407] [modloading-worker-0/DEBUG] [com.tterrag.registrate.AbstractRegistrate/REGISTRATE.REGISTER]: Captured registration for entry item_drain of type minecraft:item
[27Jul2026 19:37:42.407] [modloading-worker-0/DEBUG] [com.tterrag.registrate.AbstractRegistrate/REGISTRATE.REGISTER]: Captured registration for entry item_drain of type minecraft:block
[27Jul2026 19:37:42.411] [modloading-worker-0/DEBUG] [com.tterrag.registrate.AbstractRegistrate/REGISTRATE.REGISTER]: Captured registration for entry spout of type minecraft:item
[27Jul2026 19:37:42.412] [modloading-worker-0/DEBUG] [com.tterrag.registrate.AbstractRegistrate/REGISTRATE.REGISTER]: Captured registration for entry spout of type minecraft:block
[27Jul2026 19:37:42.418] [modloading-worker-0/DEBUG] [com.tterrag.registrate.AbstractRegistrate/REGISTRATE.REGISTER]: Captured registration for entry portable_fluid_interface of type minecraft:item
[27Jul2026 19:37:42.418] [modloading-worker-0/DEBUG] [com.tterrag.registrate.AbstractRegistrate/REGISTRATE.REGISTER]: Captured registration for entry portable_fluid_interface of type minecraft:block
[27Jul2026 19:37:42.422] [modloading-worker-0/DEBUG] [com.tterrag.registrate.AbstractRegistrate/REGISTRATE.REGISTER]: Captured registration for entry steam_engine of type minecraft:item
[27Jul2026 19:37:42.422] [modloading-worker-0/DEBUG] [com.tterrag.registrate.AbstractRegistrate/REGISTRATE.REGISTER]: Captured registration for entry steam_engine of type minecraft:block
[27Jul2026 19:37:42.426] [modloading-worker-0/DEBUG] [com.tterrag.registrate.AbstractRegistrate/REGISTRATE.REGISTER]: Captured registration for entry steam_whistle of type minecraft:item
[27Jul2026 19:37:42.426] [modloading-worker-0/DEBUG] [com.tterrag.registrate.AbstractRegistrate/REGISTRATE.REGISTER]: Captured registration for entry steam_whistle of type minecraft:block
[27Jul2026 19:37:42.429] [modloading-worker-0/DEBUG] [com.tterrag.registrate.AbstractRegistrate/REGISTRATE.REGISTER]: Captured registration for entry steam_whistle_extension of type minecraft:block
[27Jul2026 19:37:42.430] [modloading-worker-0/DEBUG] [com.tterrag.registrate.AbstractRegistrate/REGISTRATE.REGISTER]: Captured registration for entry powered_shaft of type minecraft:block
[27Jul2026 19:37:42.434] [modloading-worker-0/DEBUG] [com.tterrag.registrate.AbstractRegistrate/REGISTRATE.REGISTER]: Captured registration for entry mechanical_piston of type minecraft:item
[27Jul2026 19:37:42.434] [modloading-worker-0/DEBUG] [com.tterrag.registrate.AbstractRegistrate/REGISTRATE.REGISTER]: Captured registration for entry mechanical_piston of type minecraft:block
[27Jul2026 19:37:42.434] [modloading-worker-0/DEBUG] [com.tterrag.registrate.AbstractRegistrate/REGISTRATE.REGISTER]: Captured registration for entry sticky_mechanical_piston of type minecraft:item
[27Jul2026 19:37:42.434] [modloading-worker-0/DEBUG] [com.tterrag.registrate.AbstractRegistrate/REGISTRATE.REGISTER]: Captured registration for entry sticky_mechanical_piston of type minecraft:block
[27Jul2026 19:37:42.436] [modloading-worker-0/DEBUG] [com.tterrag.registrate.AbstractRegistrate/REGISTRATE.REGISTER]: Captured registration for entry piston_extension_pole of type minecraft:item
[27Jul2026 19:37:42.436] [modloading-worker-0/DEBUG] [com.tterrag.registrate.AbstractRegistrate/REGISTRATE.REGISTER]: Captured registration for entry piston_extension_pole of type minecraft:block
[27Jul2026 19:37:42.438] [modloading-worker-0/DEBUG] [com.tterrag.registrate.AbstractRegistrate/REGISTRATE.REGISTER]: Captured registration for entry mechanical_piston_head of type minecraft:block
[27Jul2026 19:37:42.440] [modloading-worker-0/DEBUG] [com.tterrag.registrate.AbstractRegistrate/REGISTRATE.REGISTER]: Captured registration for entry gantry_carriage of type minecraft:item
[27Jul2026 19:37:42.440] [modloading-worker-0/DEBUG] [com.tterrag.registrate.AbstractRegistrate/REGISTRATE.REGISTER]: Captured registration for entry gantry_carriage of type minecraft:block
[27Jul2026 19:37:42.443] [modloading-worker-0/DEBUG] [com.tterrag.registrate.AbstractRegistrate/REGISTRATE.REGISTER]: Captured registration for entry gantry_shaft of type minecraft:item
[27Jul2026 19:37:42.443] [modloading-worker-0/DEBUG] [com.tterrag.registrate.AbstractRegistrate/REGISTRATE.REGISTER]: Captured registration for entry gantry_shaft of type minecraft:block
[27Jul2026 19:37:42.446] [modloading-worker-0/DEBUG] [com.tterrag.registrate.AbstractRegistrate/REGISTRATE.REGISTER]: Captured registration for entry windmill_bearing of type minecraft:item
[27Jul2026 19:37:42.446] [modloading-worker-0/DEBUG] [com.tterrag.registrate.AbstractRegistrate/REGISTRATE.REGISTER]: Captured registration for entry windmill_bearing of type minecraft:block
[27Jul2026 19:37:42.447] [modloading-worker-0/DEBUG] [com.tterrag.registrate.AbstractRegistrate/REGISTRATE.REGISTER]: Captured registration for entry mechanical_bearing of type minecraft:item
[27Jul2026 19:37:42.449] [modloading-worker-0/DEBUG] [com.tterrag.registrate.AbstractRegistrate/REGISTRATE.REGISTER]: Captured registration for entry mechanical_bearing of type minecraft:block
[27Jul2026 19:37:42.450] [modloading-worker-0/DEBUG] [com.tterrag.registrate.AbstractRegistrate/REGISTRATE.REGISTER]: Captured registration for entry clockwork_bearing of type minecraft:item
[27Jul2026 19:37:42.451] [modloading-worker-0/DEBUG] [com.tterrag.registrate.AbstractRegistrate/REGISTRATE.REGISTER]: Captured registration for entry clockwork_bearing of type minecraft:block
[27Jul2026 19:37:42.453] [modloading-worker-0/DEBUG] [com.tterrag.registrate.AbstractRegistrate/REGISTRATE.REGISTER]: Captured registration for entry rope_pulley of type minecraft:item
[27Jul2026 19:37:42.454] [modloading-worker-0/DEBUG] [com.tterrag.registrate.AbstractRegistrate/REGISTRATE.REGISTER]: Captured registration for entry rope_pulley of type minecraft:block
[27Jul2026 19:37:42.457] [modloading-worker-0/DEBUG] [com.tterrag.registrate.AbstractRegistrate/REGISTRATE.REGISTER]: Captured registration for entry rope of type minecraft:block
[27Jul2026 19:37:42.459] [modloading-worker-0/DEBUG] [com.tterrag.registrate.AbstractRegistrate/REGISTRATE.REGISTER]: Captured registration for entry pulley_magnet of type minecraft:block
[27Jul2026 19:37:42.461] [modloading-worker-0/DEBUG] [com.tterrag.registrate.AbstractRegistrate/REGISTRATE.REGISTER]: Captured registration for entry elevator_pulley of type minecraft:item
[27Jul2026 19:37:42.461] [modloading-worker-0/DEBUG] [com.tterrag.registrate.AbstractRegistrate/REGISTRATE.REGISTER]: Captured registration for entry elevator_pulley of type minecraft:block
[27Jul2026 19:37:42.467] [modloading-worker-0/DEBUG] [com.tterrag.registrate.AbstractRegistrate/REGISTRATE.REGISTER]: Captured registration for entry cart_assembler of type minecraft:item
[27Jul2026 19:37:42.467] [modloading-worker-0/DEBUG] [com.tterrag.registrate.AbstractRegistrate/REGISTRATE.REGISTER]: Captured registration for entry cart_assembler of type minecraft:block
[27Jul2026 19:37:42.474] [modloading-worker-0/DEBUG] [com.tterrag.registrate.AbstractRegistrate/REGISTRATE.REGISTER]: Captured registration for entry controller_rail of type minecraft:item
[27Jul2026 19:37:42.475] [modloading-worker-0/DEBUG] [com.tterrag.registrate.AbstractRegistrate/REGISTRATE.REGISTER]: Captured registration for entry controller_rail of type minecraft:block
[27Jul2026 19:37:42.477] [modloading-worker-0/DEBUG] [com.tterrag.registrate.AbstractRegistrate/REGISTRATE.REGISTER]: Captured registration for entry minecart_anchor of type minecraft:block
[27Jul2026 19:37:42.485] [modloading-worker-0/DEBUG] [com.tterrag.registrate.AbstractRegistrate/REGISTRATE.REGISTER]: Captured registration for entry linear_chassis of type minecraft:item
[27Jul2026 19:37:42.486] [modloading-worker-0/DEBUG] [com.tterrag.registrate.AbstractRegistrate/REGISTRATE.REGISTER]: Captured registration for entry linear_chassis of type minecraft:block
[27Jul2026 19:37:42.488] [modloading-worker-0/DEBUG] [com.tterrag.registrate.AbstractRegistrate/REGISTRATE.REGISTER]: Captured registration for entry secondary_linear_chassis of type minecraft:item
[27Jul2026 19:37:42.488] [modloading-worker-0/DEBUG] [com.tterrag.registrate.AbstractRegistrate/REGISTRATE.REGISTER]: Captured registration for entry secondary_linear_chassis of type minecraft:block
[27Jul2026 19:37:42.491] [modloading-worker-0/DEBUG] [com.tterrag.registrate.AbstractRegistrate/REGISTRATE.REGISTER]: Captured registration for entry radial_chassis of type minecraft:item
[27Jul2026 19:37:42.491] [modloading-worker-0/DEBUG] [com.tterrag.registrate.AbstractRegistrate/REGISTRATE.REGISTER]: Captured registration for entry radial_chassis of type minecraft:block
[27Jul2026 19:37:42.496] [modloading-worker-0/DEBUG] [com.tterrag.registrate.AbstractRegistrate/REGISTRATE.REGISTER]: Captured registration for entry sticker of type minecraft:item
[27Jul2026 19:37:42.497] [modloading-worker-0/DEBUG] [com.tterrag.registrate.AbstractRegistrate/REGISTRATE.REGISTER]: Captured registration for entry sticker of type minecraft:block
[27Jul2026 19:37:42.519] [modloading-worker-0/DEBUG] [com.tterrag.registrate.AbstractRegistrate/REGISTRATE.REGISTER]: Captured registration for entry contraption_controls of type minecraft:item
[27Jul2026 19:37:42.520] [modloading-worker-0/DEBUG] [com.tterrag.registrate.AbstractRegistrate/REGISTRATE.REGISTER]: Captured registration for entry contraption_controls of type minecraft:block
[27Jul2026 19:37:42.557] [modloading-worker-0/DEBUG] [com.tterrag.registrate.AbstractRegistrate/REGISTRATE.REGISTER]: Captured registration for entry mechanical_drill of type minecraft:item
[27Jul2026 19:37:42.559] [modloading-worker-0/DEBUG] [com.tterrag.registrate.AbstractRegistrate/REGISTRATE.REGISTER]: Captured registration for entry mechanical_drill of type minecraft:block
[27Jul2026 19:37:42.584] [modloading-worker-0/DEBUG] [com.tterrag.registrate.AbstractRegistrate/REGISTRATE.REGISTER]: Captured registration for entry mechanical_saw of type minecraft:item
[27Jul2026 19:37:42.584] [modloading-worker-0/DEBUG] [com.tterrag.registrate.AbstractRegistrate/REGISTRATE.REGISTER]: Captured registration for entry mechanical_saw of type minecraft:block
[27Jul2026 19:37:42.602] [modloading-worker-0/DEBUG] [com.tterrag.registrate.AbstractRegistrate/REGISTRATE.REGISTER]: Captured registration for entry deployer of type minecraft:item
[27Jul2026 19:37:42.603] [modloading-worker-0/DEBUG] [com.tterrag.registrate.AbstractRegistrate/REGISTRATE.REGISTER]: Captured registration for entry deployer of type minecraft:block
[27Jul2026 19:37:42.609] [modloading-worker-0/DEBUG] [com.tterrag.registrate.AbstractRegistrate/REGISTRATE.REGISTER]: Captured registration for entry portable_storage_interface of type minecraft:item
[27Jul2026 19:37:42.609] [modloading-worker-0/DEBUG] [com.tterrag.registrate.AbstractRegistrate/REGISTRATE.REGISTER]: Captured registration for entry portable_storage_interface of type minecraft:block
[27Jul2026 19:37:42.620] [modloading-worker-0/DEBUG] [com.tterrag.registrate.AbstractRegistrate/REGISTRATE.REGISTER]: Captured registration for entry redstone_contact of type minecraft:item
[27Jul2026 19:37:42.620] [modloading-worker-0/DEBUG] [com.tterrag.registrate.AbstractRegistrate/REGISTRATE.REGISTER]: Captured registration for entry redstone_contact of type minecraft:block
[27Jul2026 19:37:42.626] [modloading-worker-0/DEBUG] [com.tterrag.registrate.AbstractRegistrate/REGISTRATE.REGISTER]: Captured registration for entry elevator_contact of type minecraft:item
[27Jul2026 19:37:42.627] [modloading-worker-0/DEBUG] [com.tterrag.registrate.AbstractRegistrate/REGISTRATE.REGISTER]: Captured registration for entry elevator_contact of type minecraft:block
[27Jul2026 19:37:42.636] [modloading-worker-0/DEBUG] [com.tterrag.registrate.AbstractRegistrate/REGISTRATE.REGISTER]: Captured registration for entry mechanical_harvester of type minecraft:item
[27Jul2026 19:37:42.639] [modloading-worker-0/DEBUG] [com.tterrag.registrate.AbstractRegistrate/REGISTRATE.REGISTER]: Captured registration for entry mechanical_harvester of type minecraft:block
[27Jul2026 19:37:42.662] [modloading-worker-0/DEBUG] [com.tterrag.registrate.AbstractRegistrate/REGISTRATE.REGISTER]: Captured registration for entry mechanical_plough of type minecraft:item
[27Jul2026 19:37:42.685] [modloading-worker-0/DEBUG] [com.tterrag.registrate.AbstractRegistrate/REGISTRATE.REGISTER]: Captured registration for entry mechanical_plough of type minecraft:block
[27Jul2026 19:37:42.875] [modloading-worker-0/DEBUG] [com.tterrag.registrate.AbstractRegistrate/REGISTRATE.REGISTER]: Captured registration for entry mechanical_roller of type minecraft:item
[27Jul2026 19:37:42.875] [modloading-worker-0/DEBUG] [com.tterrag.registrate.AbstractRegistrate/REGISTRATE.REGISTER]: Captured registration for entry mechanical_roller of type minecraft:block
[27Jul2026 19:37:42.880] [modloading-worker-0/DEBUG] [com.tterrag.registrate.AbstractRegistrate/REGISTRATE.REGISTER]: Captured registration for entry sail_frame of type minecraft:item
[27Jul2026 19:37:42.880] [modloading-worker-0/DEBUG] [com.tterrag.registrate.AbstractRegistrate/REGISTRATE.REGISTER]: Captured registration for entry sail_frame of type minecraft:block
[27Jul2026 19:37:42.884] [modloading-worker-0/DEBUG] [com.tterrag.registrate.AbstractRegistrate/REGISTRATE.REGISTER]: Captured registration for entry white_sail of type minecraft:item
[27Jul2026 19:37:42.885] [modloading-worker-0/DEBUG] [com.tterrag.registrate.AbstractRegistrate/REGISTRATE.REGISTER]: Captured registration for entry white_sail of type minecraft:block
[27Jul2026 19:37:42.887] [modloading-worker-0/DEBUG] [com.tterrag.registrate.AbstractRegistrate/REGISTRATE.REGISTER]: Captured registration for entry orange_sail of type minecraft:block
[27Jul2026 19:37:42.889] [modloading-worker-0/DEBUG] [com.tterrag.registrate.AbstractRegistrate/REGISTRATE.REGISTER]: Captured registration for entry magenta_sail of type minecraft:block
[27Jul2026 19:37:42.890] [modloading-worker-0/DEBUG] [com.tterrag.registrate.AbstractRegistrate/REGISTRATE.REGISTER]: Captured registration for entry light_blue_sail of type minecraft:block
[27Jul2026 19:37:42.890] [modloading-worker-0/DEBUG] [com.tterrag.registrate.AbstractRegistrate/REGISTRATE.REGISTER]: Captured registration for entry yellow_sail of type minecraft:block
[27Jul2026 19:37:42.891] [modloading-worker-0/DEBUG] [com.tterrag.registrate.AbstractRegistrate/REGISTRATE.REGISTER]: Captured registration for entry lime_sail of type minecraft:block
[27Jul2026 19:37:42.891] [modloading-worker-0/DEBUG] [com.tterrag.registrate.AbstractRegistrate/REGISTRATE.REGISTER]: Captured registration for entry pink_sail of type minecraft:block
[27Jul2026 19:37:42.899] [modloading-worker-0/DEBUG] [com.tterrag.registrate.AbstractRegistrate/REGISTRATE.REGISTER]: Captured registration for entry gray_sail of type minecraft:block
[27Jul2026 19:37:42.902] [modloading-worker-0/DEBUG] [com.tterrag.registrate.AbstractRegistrate/REGISTRATE.REGISTER]: Captured registration for entry light_gray_sail of type minecraft:block
[27Jul2026 19:37:42.906] [modloading-worker-0/DEBUG] [com.tterrag.registrate.AbstractRegistrate/REGISTRATE.REGISTER]: Captured registration for entry cyan_sail of type minecraft:block
[27Jul2026 19:37:42.913] [modloading-worker-0/DEBUG] [com.tterrag.registrate.AbstractRegistrate/REGISTRATE.REGISTER]: Captured registration for entry purple_sail of type minecraft:block
[27Jul2026 19:37:42.915] [modloading-worker-0/DEBUG] [com.tterrag.registrate.AbstractRegistrate/REGISTRATE.REGISTER]: Captured registration for entry blue_sail of type minecraft:block
[27Jul2026 19:37:42.918] [modloading-worker-0/DEBUG] [com.tterrag.registrate.AbstractRegistrate/REGISTRATE.REGISTER]: Captured registration for entry brown_sail of type minecraft:block
[27Jul2026 19:37:42.918] [modloading-worker-0/DEBUG] [com.tterrag.registrate.AbstractRegistrate/REGISTRATE.REGISTER]: Captured registration for entry green_sail of type minecraft:block
[27Jul2026 19:37:42.919] [modloading-worker-0/DEBUG] [com.tterrag.registrate.AbstractRegistrate/REGISTRATE.REGISTER]: Captured registration for entry red_sail of type minecraft:block
[27Jul2026 19:37:42.919] [modloading-worker-0/DEBUG] [com.tterrag.registrate.AbstractRegistrate/REGISTRATE.REGISTER]: Captured registration for entry black_sail of type minecraft:block
[27Jul2026 19:37:42.929] [modloading-worker-0/DEBUG] [com.tterrag.registrate.AbstractRegistrate/REGISTRATE.REGISTER]: Captured registration for entry andesite_casing of type minecraft:item
[27Jul2026 19:37:42.930] [modloading-worker-0/DEBUG] [com.tterrag.registrate.AbstractRegistrate/REGISTRATE.REGISTER]: Captured registration for entry andesite_casing of type minecraft:block
[27Jul2026 19:37:42.942] [modloading-worker-0/DEBUG] [com.tterrag.registrate.AbstractRegistrate/REGISTRATE.REGISTER]: Captured registration for entry brass_casing of type minecraft:item
[27Jul2026 19:37:42.943] [modloading-worker-0/DEBUG] [com.tterrag.registrate.AbstractRegistrate/REGISTRATE.REGISTER]: Captured registration for entry brass_casing of type minecraft:block
[27Jul2026 19:37:42.944] [modloading-worker-0/DEBUG] [com.tterrag.registrate.AbstractRegistrate/REGISTRATE.REGISTER]: Captured registration for entry copper_casing of type minecraft:item
[27Jul2026 19:37:42.945] [modloading-worker-0/DEBUG] [com.tterrag.registrate.AbstractRegistrate/REGISTRATE.REGISTER]: Captured registration for entry copper_casing of type minecraft:block
[27Jul2026 19:37:42.957] [modloading-worker-0/DEBUG] [com.tterrag.registrate.AbstractRegistrate/REGISTRATE.REGISTER]: Captured registration for entry shadow_steel_casing of type minecraft:item
[27Jul2026 19:37:42.957] [modloading-worker-0/DEBUG] [com.tterrag.registrate.AbstractRegistrate/REGISTRATE.REGISTER]: Captured registration for entry shadow_steel_casing of type minecraft:block
[27Jul2026 19:37:42.958] [modloading-worker-0/DEBUG] [com.tterrag.registrate.AbstractRegistrate/REGISTRATE.REGISTER]: Captured registration for entry refined_radiance_casing of type minecraft:item
[27Jul2026 19:37:42.958] [modloading-worker-0/DEBUG] [com.tterrag.registrate.AbstractRegistrate/REGISTRATE.REGISTER]: Captured registration for entry refined_radiance_casing of type minecraft:block
[27Jul2026 19:37:42.974] [modloading-worker-0/DEBUG] [com.tterrag.registrate.AbstractRegistrate/REGISTRATE.REGISTER]: Captured registration for entry mechanical_crafter of type minecraft:item
[27Jul2026 19:37:42.975] [modloading-worker-0/DEBUG] [com.tterrag.registrate.AbstractRegistrate/REGISTRATE.REGISTER]: Captured registration for entry mechanical_crafter of type minecraft:block
[27Jul2026 19:37:42.984] [modloading-worker-0/DEBUG] [com.tterrag.registrate.AbstractRegistrate/REGISTRATE.REGISTER]: Captured registration for entry sequenced_gearshift of type minecraft:item
[27Jul2026 19:37:42.984] [modloading-worker-0/DEBUG] [com.tterrag.registrate.AbstractRegistrate/REGISTRATE.REGISTER]: Captured registration for entry sequenced_gearshift of type minecraft:block
[27Jul2026 19:37:42.987] [modloading-worker-0/DEBUG] [com.tterrag.registrate.AbstractRegistrate/REGISTRATE.REGISTER]: Captured registration for entry flywheel of type minecraft:item
[27Jul2026 19:37:42.987] [modloading-worker-0/DEBUG] [com.tterrag.registrate.AbstractRegistrate/REGISTRATE.REGISTER]: Captured registration for entry flywheel of type minecraft:block
[27Jul2026 19:37:42.999] [modloading-worker-0/DEBUG] [com.tterrag.registrate.AbstractRegistrate/REGISTRATE.REGISTER]: Captured registration for entry rotation_speed_controller of type minecraft:item
[27Jul2026 19:37:42.999] [modloading-worker-0/DEBUG] [com.tterrag.registrate.AbstractRegistrate/REGISTRATE.REGISTER]: Captured registration for entry rotation_speed_controller of type minecraft:block
[27Jul2026 19:37:43.139] [modloading-worker-0/DEBUG] [com.tterrag.registrate.AbstractRegistrate/REGISTRATE.REGISTER]: Captured registration for entry mechanical_arm of type minecraft:item
[27Jul2026 19:37:43.140] [modloading-worker-0/DEBUG] [com.tterrag.registrate.AbstractRegistrate/REGISTRATE.REGISTER]: Captured registration for entry mechanical_arm of type minecraft:block
[27Jul2026 19:37:43.361] [modloading-worker-0/DEBUG] [com.tterrag.registrate.AbstractRegistrate/REGISTRATE.REGISTER]: Captured registration for entry track of type minecraft:item
[27Jul2026 19:37:43.362] [modloading-worker-0/DEBUG] [com.tterrag.registrate.AbstractRegistrate/REGISTRATE.REGISTER]: Captured registration for entry track of type minecraft:block
[27Jul2026 19:37:43.366] [modloading-worker-0/DEBUG] [com.tterrag.registrate.AbstractRegistrate/REGISTRATE.REGISTER]: Captured registration for entry fake_track of type minecraft:block
[27Jul2026 19:37:43.368] [modloading-worker-0/DEBUG] [com.tterrag.registrate.AbstractRegistrate/REGISTRATE.REGISTER]: Captured registration for entry railway_casing of type minecraft:item
[27Jul2026 19:37:43.370] [modloading-worker-0/DEBUG] [com.tterrag.registrate.AbstractRegistrate/REGISTRATE.REGISTER]: Captured registration for entry railway_casing of type minecraft:block
[27Jul2026 19:37:43.398] [modloading-worker-0/DEBUG] [com.tterrag.registrate.AbstractRegistrate/REGISTRATE.REGISTER]: Captured registration for entry track_station of type minecraft:item
[27Jul2026 19:37:43.398] [modloading-worker-0/DEBUG] [com.tterrag.registrate.AbstractRegistrate/REGISTRATE.REGISTER]: Captured registration for entry track_station of type minecraft:block
[27Jul2026 19:37:43.410] [modloading-worker-0/DEBUG] [com.tterrag.registrate.AbstractRegistrate/REGISTRATE.REGISTER]: Captured registration for entry track_signal of type minecraft:item
[27Jul2026 19:37:43.411] [modloading-worker-0/DEBUG] [com.tterrag.registrate.AbstractRegistrate/REGISTRATE.REGISTER]: Captured registration for entry track_signal of type minecraft:block
[27Jul2026 19:37:43.416] [modloading-worker-0/DEBUG] [com.tterrag.registrate.AbstractRegistrate/REGISTRATE.REGISTER]: Captured registration for entry track_observer of type minecraft:item
[27Jul2026 19:37:43.416] [modloading-worker-0/DEBUG] [com.tterrag.registrate.AbstractRegistrate/REGISTRATE.REGISTER]: Captured registration for entry track_observer of type minecraft:block
[27Jul2026 19:37:43.418] [modloading-worker-0/DEBUG] [com.tterrag.registrate.AbstractRegistrate/REGISTRATE.REGISTER]: Captured registration for entry small_bogey of type minecraft:block
[27Jul2026 19:37:43.419] [modloading-worker-0/DEBUG] [com.tterrag.registrate.AbstractRegistrate/REGISTRATE.REGISTER]: Captured registration for entry large_bogey of type minecraft:block
[27Jul2026 19:37:43.439] [modloading-worker-0/DEBUG] [com.tterrag.registrate.AbstractRegistrate/REGISTRATE.REGISTER]: Captured registration for entry controls of type minecraft:item
[27Jul2026 19:37:43.440] [modloading-worker-0/DEBUG] [com.tterrag.registrate.AbstractRegistrate/REGISTRATE.REGISTER]: Captured registration for entry controls of type minecraft:block
[27Jul2026 19:37:43.452] [modloading-worker-0/DEBUG] [com.tterrag.registrate.AbstractRegistrate/REGISTRATE.REGISTER]: Captured registration for entry andesite_funnel of type minecraft:item
[27Jul2026 19:37:43.452] [modloading-worker-0/DEBUG] [com.tterrag.registrate.AbstractRegistrate/REGISTRATE.REGISTER]: Captured registration for entry andesite_funnel of type minecraft:block
[27Jul2026 19:37:43.456] [modloading-worker-0/DEBUG] [com.tterrag.registrate.AbstractRegistrate/REGISTRATE.REGISTER]: Captured registration for entry andesite_belt_funnel of type minecraft:block
[27Jul2026 19:37:43.459] [modloading-worker-0/DEBUG] [com.tterrag.registrate.AbstractRegistrate/REGISTRATE.REGISTER]: Captured registration for entry brass_funnel of type minecraft:item
[27Jul2026 19:37:43.459] [modloading-worker-0/DEBUG] [com.tterrag.registrate.AbstractRegistrate/REGISTRATE.REGISTER]: Captured registration for entry brass_funnel of type minecraft:block
[27Jul2026 19:37:43.461] [modloading-worker-0/DEBUG] [com.tterrag.registrate.AbstractRegistrate/REGISTRATE.REGISTER]: Captured registration for entry brass_belt_funnel of type minecraft:block
[27Jul2026 19:37:43.481] [modloading-worker-0/DEBUG] [com.tterrag.registrate.AbstractRegistrate/REGISTRATE.REGISTER]: Captured registration for entry andesite_tunnel of type minecraft:item
[27Jul2026 19:37:43.481] [modloading-worker-0/DEBUG] [com.tterrag.registrate.AbstractRegistrate/REGISTRATE.REGISTER]: Captured registration for entry andesite_tunnel of type minecraft:block
[27Jul2026 19:37:43.485] [modloading-worker-0/DEBUG] [com.tterrag.registrate.AbstractRegistrate/REGISTRATE.REGISTER]: Captured registration for entry brass_tunnel of type minecraft:item
[27Jul2026 19:37:43.487] [modloading-worker-0/DEBUG] [com.tterrag.registrate.AbstractRegistrate/REGISTRATE.REGISTER]: Captured registration for entry brass_tunnel of type minecraft:block
[27Jul2026 19:37:43.496] [modloading-worker-0/DEBUG] [com.tterrag.registrate.AbstractRegistrate/REGISTRATE.REGISTER]: Captured registration for entry content_observer of type minecraft:item
[27Jul2026 19:37:43.496] [modloading-worker-0/DEBUG] [com.tterrag.registrate.AbstractRegistrate/REGISTRATE.REGISTER]: Captured registration for entry content_observer of type minecraft:block
[27Jul2026 19:37:43.506] [modloading-worker-0/DEBUG] [com.tterrag.registrate.AbstractRegistrate/REGISTRATE.REGISTER]: Captured registration for entry stockpile_switch of type minecraft:item
[27Jul2026 19:37:43.506] [modloading-worker-0/DEBUG] [com.tterrag.registrate.AbstractRegistrate/REGISTRATE.REGISTER]: Captured registration for entry stockpile_switch of type minecraft:block
[27Jul2026 19:37:43.513] [modloading-worker-0/DEBUG] [com.tterrag.registrate.AbstractRegistrate/REGISTRATE.REGISTER]: Captured registration for entry creative_crate of type minecraft:item
[27Jul2026 19:37:43.513] [modloading-worker-0/DEBUG] [com.tterrag.registrate.AbstractRegistrate/REGISTRATE.REGISTER]: Captured registration for entry creative_crate of type minecraft:block
[27Jul2026 19:37:43.545] [modloading-worker-0/DEBUG] [com.tterrag.registrate.AbstractRegistrate/REGISTRATE.REGISTER]: Captured registration for entry item_vault of type minecraft:item
[27Jul2026 19:37:43.545] [modloading-worker-0/DEBUG] [com.tterrag.registrate.AbstractRegistrate/REGISTRATE.REGISTER]: Captured registration for entry item_vault of type minecraft:block
[27Jul2026 19:37:43.549] [modloading-worker-0/DEBUG] [com.tterrag.registrate.AbstractRegistrate/REGISTRATE.REGISTER]: Captured registration for entry item_hatch of type minecraft:item
[27Jul2026 19:37:43.549] [modloading-worker-0/DEBUG] [com.tterrag.registrate.AbstractRegistrate/REGISTRATE.REGISTER]: Captured registration for entry item_hatch of type minecraft:block
[27Jul2026 19:37:43.555] [modloading-worker-0/DEBUG] [com.tterrag.registrate.AbstractRegistrate/REGISTRATE.REGISTER]: Captured registration for entry packager of type minecraft:item
[27Jul2026 19:37:43.555] [modloading-worker-0/DEBUG] [com.tterrag.registrate.AbstractRegistrate/REGISTRATE.REGISTER]: Captured registration for entry packager of type minecraft:block
[27Jul2026 19:37:43.557] [modloading-worker-0/DEBUG] [com.tterrag.registrate.AbstractRegistrate/REGISTRATE.REGISTER]: Captured registration for entry repackager of type minecraft:item
[27Jul2026 19:37:43.557] [modloading-worker-0/DEBUG] [com.tterrag.registrate.AbstractRegistrate/REGISTRATE.REGISTER]: Captured registration for entry repackager of type minecraft:block
[27Jul2026 19:37:43.562] [modloading-worker-0/DEBUG] [com.tterrag.registrate.AbstractRegistrate/REGISTRATE.REGISTER]: Captured registration for entry package_frogport of type minecraft:item
[27Jul2026 19:37:43.563] [modloading-worker-0/DEBUG] [com.tterrag.registrate.AbstractRegistrate/REGISTRATE.REGISTER]: Captured registration for entry package_frogport of type minecraft:block
[27Jul2026 19:37:43.567] [modloading-worker-0/DEBUG] [com.tterrag.registrate.AbstractRegistrate/REGISTRATE.REGISTER]: Captured registration for entry white_postbox of type minecraft:item
[27Jul2026 19:37:43.568] [modloading-worker-0/DEBUG] [com.tterrag.registrate.AbstractRegistrate/REGISTRATE.REGISTER]: Captured registration for entry white_postbox of type minecraft:block
[27Jul2026 19:37:43.568] [modloading-worker-0/DEBUG] [com.tterrag.registrate.AbstractRegistrate/REGISTRATE.REGISTER]: Captured registration for entry orange_postbox of type minecraft:item
[27Jul2026 19:37:43.568] [modloading-worker-0/DEBUG] [com.tterrag.registrate.AbstractRegistrate/REGISTRATE.REGISTER]: Captured registration for entry orange_postbox of type minecraft:block
[27Jul2026 19:37:43.568] [modloading-worker-0/DEBUG] [com.tterrag.registrate.AbstractRegistrate/REGISTRATE.REGISTER]: Captured registration for entry magenta_postbox of type minecraft:item
[27Jul2026 19:37:43.568] [modloading-worker-0/DEBUG] [com.tterrag.registrate.AbstractRegistrate/REGISTRATE.REGISTER]: Captured registration for entry magenta_postbox of type minecraft:block
[27Jul2026 19:37:43.569] [modloading-worker-0/DEBUG] [com.tterrag.registrate.AbstractRegistrate/REGISTRATE.REGISTER]: Captured registration for entry light_blue_postbox of type minecraft:item
[27Jul2026 19:37:43.569] [modloading-worker-0/DEBUG] [com.tterrag.registrate.AbstractRegistrate/REGISTRATE.REGISTER]: Captured registration for entry light_blue_postbox of type minecraft:block
[27Jul2026 19:37:43.569] [modloading-worker-0/DEBUG] [com.tterrag.registrate.AbstractRegistrate/REGISTRATE.REGISTER]: Captured registration for entry yellow_postbox of type minecraft:item
[27Jul2026 19:37:43.569] [modloading-worker-0/DEBUG] [com.tterrag.registrate.AbstractRegistrate/REGISTRATE.REGISTER]: Captured registration for entry yellow_postbox of type minecraft:block
[27Jul2026 19:37:43.569] [modloading-worker-0/DEBUG] [com.tterrag.registrate.AbstractRegistrate/REGISTRATE.REGISTER]: Captured registration for entry lime_postbox of type minecraft:item
[27Jul2026 19:37:43.569] [modloading-worker-0/DEBUG] [com.tterrag.registrate.AbstractRegistrate/REGISTRATE.REGISTER]: Captured registration for entry lime_postbox of type minecraft:block
[27Jul2026 19:37:43.570] [modloading-worker-0/DEBUG] [com.tterrag.registrate.AbstractRegistrate/REGISTRATE.REGISTER]: Captured registration for entry pink_postbox of type minecraft:item
[27Jul2026 19:37:43.570] [modloading-worker-0/DEBUG] [com.tterrag.registrate.AbstractRegistrate/REGISTRATE.REGISTER]: Captured registration for entry pink_postbox of type minecraft:block
[27Jul2026 19:37:43.570] [modloading-worker-0/DEBUG] [com.tterrag.registrate.AbstractRegistrate/REGISTRATE.REGISTER]: Captured registration for entry gray_postbox of type minecraft:item
[27Jul2026 19:37:43.570] [modloading-worker-0/DEBUG] [com.tterrag.registrate.AbstractRegistrate/REGISTRATE.REGISTER]: Captured registration for entry gray_postbox of type minecraft:block
[27Jul2026 19:37:43.571] [modloading-worker-0/DEBUG] [com.tterrag.registrate.AbstractRegistrate/REGISTRATE.REGISTER]: Captured registration for entry light_gray_postbox of type minecraft:item
[27Jul2026 19:37:43.571] [modloading-worker-0/DEBUG] [com.tterrag.registrate.AbstractRegistrate/REGISTRATE.REGISTER]: Captured registration for entry light_gray_postbox of type minecraft:block
[27Jul2026 19:37:43.571] [modloading-worker-0/DEBUG] [com.tterrag.registrate.AbstractRegistrate/REGISTRATE.REGISTER]: Captured registration for entry cyan_postbox of type minecraft:item
[27Jul2026 19:37:43.571] [modloading-worker-0/DEBUG] [com.tterrag.registrate.AbstractRegistrate/REGISTRATE.REGISTER]: Captured registration for entry cyan_postbox of type minecraft:block
[27Jul2026 19:37:43.572] [modloading-worker-0/DEBUG] [com.tterrag.registrate.AbstractRegistrate/REGISTRATE.REGISTER]: Captured registration for entry purple_postbox of type minecraft:item
[27Jul2026 19:37:43.572] [modloading-worker-0/DEBUG] [com.tterrag.registrate.AbstractRegistrate/REGISTRATE.REGISTER]: Captured registration for entry purple_postbox of type minecraft:block
[27Jul2026 19:37:43.572] [modloading-worker-0/DEBUG] [com.tterrag.registrate.AbstractRegistrate/REGISTRATE.REGISTER]: Captured registration for entry blue_postbox of type minecraft:item
[27Jul2026 19:37:43.572] [modloading-worker-0/DEBUG] [com.tterrag.registrate.AbstractRegistrate/REGISTRATE.REGISTER]: Captured registration for entry blue_postbox of type minecraft:block
[27Jul2026 19:37:43.572] [modloading-worker-0/DEBUG] [com.tterrag.registrate.AbstractRegistrate/REGISTRATE.REGISTER]: Captured registration for entry brown_postbox of type minecraft:item
[27Jul2026 19:37:43.573] [modloading-worker-0/DEBUG] [com.tterrag.registrate.AbstractRegistrate/REGISTRATE.REGISTER]: Captured registration for entry brown_postbox of type minecraft:block
[27Jul2026 19:37:43.573] [modloading-worker-0/DEBUG] [com.tterrag.registrate.AbstractRegistrate/REGISTRATE.REGISTER]: Captured registration for entry green_postbox of type minecraft:item
[27Jul2026 19:37:43.573] [modloading-worker-0/DEBUG] [com.tterrag.registrate.AbstractRegistrate/REGISTRATE.REGISTER]: Captured registration for entry green_postbox of type minecraft:block
[27Jul2026 19:37:43.574] [modloading-worker-0/DEBUG] [com.tterrag.registrate.AbstractRegistrate/REGISTRATE.REGISTER]: Captured registration for entry red_postbox of type minecraft:item
[27Jul2026 19:37:43.574] [modloading-worker-0/DEBUG] [com.tterrag.registrate.AbstractRegistrate/REGISTRATE.REGISTER]: Captured registration for entry red_postbox of type minecraft:block
[27Jul2026 19:37:43.574] [modloading-worker-0/DEBUG] [com.tterrag.registrate.AbstractRegistrate/REGISTRATE.REGISTER]: Captured registration for entry black_postbox of type minecraft:item
[27Jul2026 19:37:43.574] [modloading-worker-0/DEBUG] [com.tterrag.registrate.AbstractRegistrate/REGISTRATE.REGISTER]: Captured registration for entry black_postbox of type minecraft:block
[27Jul2026 19:37:43.580] [modloading-worker-0/DEBUG] [com.tterrag.registrate.AbstractRegistrate/REGISTRATE.REGISTER]: Captured registration for entry stock_link of type minecraft:item
[27Jul2026 19:37:43.581] [modloading-worker-0/DEBUG] [com.tterrag.registrate.AbstractRegistrate/REGISTRATE.REGISTER]: Captured registration for entry stock_link of type minecraft:block
[27Jul2026 19:37:43.584] [modloading-worker-0/DEBUG] [com.tterrag.registrate.AbstractRegistrate/REGISTRATE.REGISTER]: Captured registration for entry stock_ticker of type minecraft:item
[27Jul2026 19:37:43.584] [modloading-worker-0/DEBUG] [com.tterrag.registrate.AbstractRegistrate/REGISTRATE.REGISTER]: Captured registration for entry stock_ticker of type minecraft:block
[27Jul2026 19:37:43.589] [modloading-worker-0/DEBUG] [com.tterrag.registrate.AbstractRegistrate/REGISTRATE.REGISTER]: Captured registration for entry redstone_requester of type minecraft:item
[27Jul2026 19:37:43.590] [modloading-worker-0/DEBUG] [com.tterrag.registrate.AbstractRegistrate/REGISTRATE.REGISTER]: Captured registration for entry redstone_requester of type minecraft:block
[27Jul2026 19:37:43.596] [modloading-worker-0/DEBUG] [com.tterrag.registrate.AbstractRegistrate/REGISTRATE.REGISTER]: Captured registration for entry factory_gauge of type minecraft:item
[27Jul2026 19:37:43.597] [modloading-worker-0/DEBUG] [com.tterrag.registrate.AbstractRegistrate/REGISTRATE.REGISTER]: Captured registration for entry factory_gauge of type minecraft:block
[27Jul2026 19:37:43.604] [modloading-worker-0/DEBUG] [com.tterrag.registrate.AbstractRegistrate/REGISTRATE.REGISTER]: Captured registration for entry white_table_cloth of type minecraft:item
[27Jul2026 19:37:43.605] [modloading-worker-0/DEBUG] [com.tterrag.registrate.AbstractRegistrate/REGISTRATE.REGISTER]: Captured registration for entry white_table_cloth of type minecraft:block
[27Jul2026 19:37:43.608] [modloading-worker-0/DEBUG] [com.tterrag.registrate.AbstractRegistrate/REGISTRATE.REGISTER]: Captured registration for entry orange_table_cloth of type minecraft:item
[27Jul2026 19:37:43.608] [modloading-worker-0/DEBUG] [com.tterrag.registrate.AbstractRegistrate/REGISTRATE.REGISTER]: Captured registration for entry orange_table_cloth of type minecraft:block
[27Jul2026 19:37:43.609] [modloading-worker-0/DEBUG] [com.tterrag.registrate.AbstractRegistrate/REGISTRATE.REGISTER]: Captured registration for entry magenta_table_cloth of type minecraft:item
[27Jul2026 19:37:43.609] [modloading-worker-0/DEBUG] [com.tterrag.registrate.AbstractRegistrate/REGISTRATE.REGISTER]: Captured registration for entry magenta_table_cloth of type minecraft:block
[27Jul2026 19:37:43.609] [modloading-worker-0/DEBUG] [com.tterrag.registrate.AbstractRegistrate/REGISTRATE.REGISTER]: Captured registration for entry light_blue_table_cloth of type minecraft:item
[27Jul2026 19:37:43.609] [modloading-worker-0/DEBUG] [com.tterrag.registrate.AbstractRegistrate/REGISTRATE.REGISTER]: Captured registration for entry light_blue_table_cloth of type minecraft:block
[27Jul2026 19:37:43.610] [modloading-worker-0/DEBUG] [com.tterrag.registrate.AbstractRegistrate/REGISTRATE.REGISTER]: Captured registration for entry yellow_table_cloth of type minecraft:item
[27Jul2026 19:37:43.610] [modloading-worker-0/DEBUG] [com.tterrag.registrate.AbstractRegistrate/REGISTRATE.REGISTER]: Captured registration for entry yellow_table_cloth of type minecraft:block
[27Jul2026 19:37:43.610] [modloading-worker-0/DEBUG] [com.tterrag.registrate.AbstractRegistrate/REGISTRATE.REGISTER]: Captured registration for entry lime_table_cloth of type minecraft:item
[27Jul2026 19:37:43.610] [modloading-worker-0/DEBUG] [com.tterrag.registrate.AbstractRegistrate/REGISTRATE.REGISTER]: Captured registration for entry lime_table_cloth of type minecraft:block
[27Jul2026 19:37:43.613] [modloading-worker-0/DEBUG] [com.tterrag.registrate.AbstractRegistrate/REGISTRATE.REGISTER]: Captured registration for entry pink_table_cloth of type minecraft:item
[27Jul2026 19:37:43.614] [modloading-worker-0/DEBUG] [com.tterrag.registrate.AbstractRegistrate/REGISTRATE.REGISTER]: Captured registration for entry pink_table_cloth of type minecraft:block
[27Jul2026 19:37:43.615] [modloading-worker-0/DEBUG] [com.tterrag.registrate.AbstractRegistrate/REGISTRATE.REGISTER]: Captured registration for entry gray_table_cloth of type minecraft:item
[27Jul2026 19:37:43.615] [modloading-worker-0/DEBUG] [com.tterrag.registrate.AbstractRegistrate/REGISTRATE.REGISTER]: Captured registration for entry gray_table_cloth of type minecraft:block
[27Jul2026 19:37:43.615] [modloading-worker-0/DEBUG] [com.tterrag.registrate.AbstractRegistrate/REGISTRATE.REGISTER]: Captured registration for entry light_gray_table_cloth of type minecraft:item
[27Jul2026 19:37:43.622] [modloading-worker-0/DEBUG] [com.tterrag.registrate.AbstractRegistrate/REGISTRATE.REGISTER]: Captured registration for entry light_gray_table_cloth of type minecraft:block
[27Jul2026 19:37:43.624] [modloading-worker-0/DEBUG] [com.tterrag.registrate.AbstractRegistrate/REGISTRATE.REGISTER]: Captured registration for entry cyan_table_cloth of type minecraft:item
[27Jul2026 19:37:43.624] [modloading-worker-0/DEBUG] [com.tterrag.registrate.AbstractRegistrate/REGISTRATE.REGISTER]: Captured registration for entry cyan_table_cloth of type minecraft:block
[27Jul2026 19:37:43.624] [modloading-worker-0/DEBUG] [com.tterrag.registrate.AbstractRegistrate/REGISTRATE.REGISTER]: Captured registration for entry purple_table_cloth of type minecraft:item
[27Jul2026 19:37:43.624] [modloading-worker-0/DEBUG] [com.tterrag.registrate.AbstractRegistrate/REGISTRATE.REGISTER]: Captured registration for entry purple_table_cloth of type minecraft:block
[27Jul2026 19:37:43.625] [modloading-worker-0/DEBUG] [com.tterrag.registrate.AbstractRegistrate/REGISTRATE.REGISTER]: Captured registration for entry blue_table_cloth of type minecraft:item
[27Jul2026 19:37:43.625] [modloading-worker-0/DEBUG] [com.tterrag.registrate.AbstractRegistrate/REGISTRATE.REGISTER]: Captured registration for entry blue_table_cloth of type minecraft:block
[27Jul2026 19:37:43.625] [modloading-worker-0/DEBUG] [com.tterrag.registrate.AbstractRegistrate/REGISTRATE.REGISTER]: Captured registration for entry brown_table_cloth of type minecraft:item
[27Jul2026 19:37:43.625] [modloading-worker-0/DEBUG] [com.tterrag.registrate.AbstractRegistrate/REGISTRATE.REGISTER]: Captured registration for entry brown_table_cloth of type minecraft:block
[27Jul2026 19:37:43.625] [modloading-worker-0/DEBUG] [com.tterrag.registrate.AbstractRegistrate/REGISTRATE.REGISTER]: Captured registration for entry green_table_cloth of type minecraft:item
[27Jul2026 19:37:43.625] [modloading-worker-0/DEBUG] [com.tterrag.registrate.AbstractRegistrate/REGISTRATE.REGISTER]: Captured registration for entry green_table_cloth of type minecraft:block
[27Jul2026 19:37:43.626] [modloading-worker-0/DEBUG] [com.tterrag.registrate.AbstractRegistrate/REGISTRATE.REGISTER]: Captured registration for entry red_table_cloth of type minecraft:item
[27Jul2026 19:37:43.626] [modloading-worker-0/DEBUG] [com.tterrag.registrate.AbstractRegistrate/REGISTRATE.REGISTER]: Captured registration for entry red_table_cloth of type minecraft:block
[27Jul2026 19:37:43.626] [modloading-worker-0/DEBUG] [com.tterrag.registrate.AbstractRegistrate/REGISTRATE.REGISTER]: Captured registration for entry black_table_cloth of type minecraft:item
[27Jul2026 19:37:43.626] [modloading-worker-0/DEBUG] [com.tterrag.registrate.AbstractRegistrate/REGISTRATE.REGISTER]: Captured registration for entry black_table_cloth of type minecraft:block
[27Jul2026 19:37:43.627] [modloading-worker-0/DEBUG] [com.tterrag.registrate.AbstractRegistrate/REGISTRATE.REGISTER]: Captured registration for entry andesite_table_cloth of type minecraft:item
[27Jul2026 19:37:43.628] [modloading-worker-0/DEBUG] [com.tterrag.registrate.AbstractRegistrate/REGISTRATE.REGISTER]: Captured registration for entry andesite_table_cloth of type minecraft:block
[27Jul2026 19:37:43.634] [modloading-worker-0/DEBUG] [com.tterrag.registrate.AbstractRegistrate/REGISTRATE.REGISTER]: Captured registration for entry brass_table_cloth of type minecraft:item
[27Jul2026 19:37:43.635] [modloading-worker-0/DEBUG] [com.tterrag.registrate.AbstractRegistrate/REGISTRATE.REGISTER]: Captured registration for entry brass_table_cloth of type minecraft:block
[27Jul2026 19:37:43.636] [modloading-worker-0/DEBUG] [com.tterrag.registrate.AbstractRegistrate/REGISTRATE.REGISTER]: Captured registration for entry copper_table_cloth of type minecraft:item
[27Jul2026 19:37:43.637] [modloading-worker-0/DEBUG] [com.tterrag.registrate.AbstractRegistrate/REGISTRATE.REGISTER]: Captured registration for entry copper_table_cloth of type minecraft:block
[27Jul2026 19:37:43.646] [modloading-worker-0/DEBUG] [com.tterrag.registrate.AbstractRegistrate/REGISTRATE.REGISTER]: Captured registration for entry display_link of type minecraft:item
[27Jul2026 19:37:43.647] [modloading-worker-0/DEBUG] [com.tterrag.registrate.AbstractRegistrate/REGISTRATE.REGISTER]: Captured registration for entry display_link of type minecraft:block
[27Jul2026 19:37:43.652] [modloading-worker-0/DEBUG] [com.tterrag.registrate.AbstractRegistrate/REGISTRATE.REGISTER]: Captured registration for entry display_board of type minecraft:item
[27Jul2026 19:37:43.653] [modloading-worker-0/DEBUG] [com.tterrag.registrate.AbstractRegistrate/REGISTRATE.REGISTER]: Captured registration for entry display_board of type minecraft:block
[27Jul2026 19:37:43.656] [modloading-worker-0/DEBUG] [com.tterrag.registrate.AbstractRegistrate/REGISTRATE.REGISTER]: Captured registration for entry nixie_tube of type minecraft:item
[27Jul2026 19:37:43.656] [modloading-worker-0/DEBUG] [com.tterrag.registrate.AbstractRegistrate/REGISTRATE.REGISTER]: Captured registration for entry nixie_tube of type minecraft:block
[27Jul2026 19:37:43.658] [modloading-worker-0/DEBUG] [com.tterrag.registrate.AbstractRegistrate/REGISTRATE.REGISTER]: Captured registration for entry white_nixie_tube of type minecraft:block
[27Jul2026 19:37:43.662] [modloading-worker-0/DEBUG] [com.tterrag.registrate.AbstractRegistrate/REGISTRATE.REGISTER]: Captured registration for entry magenta_nixie_tube of type minecraft:block
[27Jul2026 19:37:43.662] [modloading-worker-0/DEBUG] [com.tterrag.registrate.AbstractRegistrate/REGISTRATE.REGISTER]: Captured registration for entry light_blue_nixie_tube of type minecraft:block
[27Jul2026 19:37:43.662] [modloading-worker-0/DEBUG] [com.tterrag.registrate.AbstractRegistrate/REGISTRATE.REGISTER]: Captured registration for entry yellow_nixie_tube of type minecraft:block
[27Jul2026 19:37:43.663] [modloading-worker-0/DEBUG] [com.tterrag.registrate.AbstractRegistrate/REGISTRATE.REGISTER]: Captured registration for entry lime_nixie_tube of type minecraft:block
[27Jul2026 19:37:43.663] [modloading-worker-0/DEBUG] [com.tterrag.registrate.AbstractRegistrate/REGISTRATE.REGISTER]: Captured registration for entry pink_nixie_tube of type minecraft:block
[27Jul2026 19:37:43.663] [modloading-worker-0/DEBUG] [com.tterrag.registrate.AbstractRegistrate/REGISTRATE.REGISTER]: Captured registration for entry gray_nixie_tube of type minecraft:block
[27Jul2026 19:37:43.664] [modloading-worker-0/DEBUG] [com.tterrag.registrate.AbstractRegistrate/REGISTRATE.REGISTER]: Captured registration for entry light_gray_nixie_tube of type minecraft:block
[27Jul2026 19:37:43.664] [modloading-worker-0/DEBUG] [com.tterrag.registrate.AbstractRegistrate/REGISTRATE.REGISTER]: Captured registration for entry cyan_nixie_tube of type minecraft:block
[27Jul2026 19:37:43.664] [modloading-worker-0/DEBUG] [com.tterrag.registrate.AbstractRegistrate/REGISTRATE.REGISTER]: Captured registration for entry purple_nixie_tube of type minecraft:block
[27Jul2026 19:37:43.664] [modloading-worker-0/DEBUG] [com.tterrag.registrate.AbstractRegistrate/REGISTRATE.REGISTER]: Captured registration for entry blue_nixie_tube of type minecraft:block
[27Jul2026 19:37:43.665] [modloading-worker-0/DEBUG] [com.tterrag.registrate.AbstractRegistrate/REGISTRATE.REGISTER]: Captured registration for entry brown_nixie_tube of type minecraft:block
[27Jul2026 19:37:43.665] [modloading-worker-0/DEBUG] [com.tterrag.registrate.AbstractRegistrate/REGISTRATE.REGISTER]: Captured registration for entry green_nixie_tube of type minecraft:block
[27Jul2026 19:37:43.665] [modloading-worker-0/DEBUG] [com.tterrag.registrate.AbstractRegistrate/REGISTRATE.REGISTER]: Captured registration for entry red_nixie_tube of type minecraft:block
[27Jul2026 19:37:43.666] [modloading-worker-0/DEBUG] [com.tterrag.registrate.AbstractRegistrate/REGISTRATE.REGISTER]: Captured registration for entry black_nixie_tube of type minecraft:block
[27Jul2026 19:37:43.670] [modloading-worker-0/DEBUG] [com.tterrag.registrate.AbstractRegistrate/REGISTRATE.REGISTER]: Captured registration for entry rose_quartz_lamp of type minecraft:item
[27Jul2026 19:37:43.671] [modloading-worker-0/DEBUG] [com.tterrag.registrate.AbstractRegistrate/REGISTRATE.REGISTER]: Captured registration for entry rose_quartz_lamp of type minecraft:block
[27Jul2026 19:37:43.678] [modloading-worker-0/DEBUG] [com.tterrag.registrate.AbstractRegistrate/REGISTRATE.REGISTER]: Captured registration for entry redstone_link of type minecraft:item
[27Jul2026 19:37:43.679] [modloading-worker-0/DEBUG] [com.tterrag.registrate.AbstractRegistrate/REGISTRATE.REGISTER]: Captured registration for entry redstone_link of type minecraft:block
[27Jul2026 19:37:43.689] [modloading-worker-0/DEBUG] [com.tterrag.registrate.AbstractRegistrate/REGISTRATE.REGISTER]: Captured registration for entry analog_lever of type minecraft:item
[27Jul2026 19:37:43.689] [modloading-worker-0/DEBUG] [com.tterrag.registrate.AbstractRegistrate/REGISTRATE.REGISTER]: Captured registration for entry analog_lever of type minecraft:block
[27Jul2026 19:37:43.693] [modloading-worker-0/DEBUG] [com.tterrag.registrate.AbstractRegistrate/REGISTRATE.REGISTER]: Captured registration for entry placard of type minecraft:item
[27Jul2026 19:37:43.693] [modloading-worker-0/DEBUG] [com.tterrag.registrate.AbstractRegistrate/REGISTRATE.REGISTER]: Captured registration for entry placard of type minecraft:block
[27Jul2026 19:37:43.702] [modloading-worker-0/DEBUG] [com.tterrag.registrate.AbstractRegistrate/REGISTRATE.REGISTER]: Captured registration for entry pulse_repeater of type minecraft:item
[27Jul2026 19:37:43.703] [modloading-worker-0/DEBUG] [com.tterrag.registrate.AbstractRegistrate/REGISTRATE.REGISTER]: Captured registration for entry pulse_repeater of type minecraft:block
[27Jul2026 19:37:43.706] [modloading-worker-0/DEBUG] [com.tterrag.registrate.AbstractRegistrate/REGISTRATE.REGISTER]: Captured registration for entry pulse_extender of type minecraft:item
[27Jul2026 19:37:43.707] [modloading-worker-0/DEBUG] [com.tterrag.registrate.AbstractRegistrate/REGISTRATE.REGISTER]: Captured registration for entry pulse_extender of type minecraft:block
[27Jul2026 19:37:43.709] [modloading-worker-0/DEBUG] [com.tterrag.registrate.AbstractRegistrate/REGISTRATE.REGISTER]: Captured registration for entry pulse_timer of type minecraft:item
[27Jul2026 19:37:43.709] [modloading-worker-0/DEBUG] [com.tterrag.registrate.AbstractRegistrate/REGISTRATE.REGISTER]: Captured registration for entry pulse_timer of type minecraft:block
[27Jul2026 19:37:43.718] [modloading-worker-0/DEBUG] [com.tterrag.registrate.AbstractRegistrate/REGISTRATE.REGISTER]: Captured registration for entry powered_latch of type minecraft:item
[27Jul2026 19:37:43.718] [modloading-worker-0/DEBUG] [com.tterrag.registrate.AbstractRegistrate/REGISTRATE.REGISTER]: Captured registration for entry powered_latch of type minecraft:block
[27Jul2026 19:37:43.721] [modloading-worker-0/DEBUG] [com.tterrag.registrate.AbstractRegistrate/REGISTRATE.REGISTER]: Captured registration for entry powered_toggle_latch of type minecraft:item
[27Jul2026 19:37:43.722] [modloading-worker-0/DEBUG] [com.tterrag.registrate.AbstractRegistrate/REGISTRATE.REGISTER]: Captured registration for entry powered_toggle_latch of type minecraft:block
[27Jul2026 19:37:43.724] [modloading-worker-0/DEBUG] [com.tterrag.registrate.AbstractRegistrate/REGISTRATE.REGISTER]: Captured registration for entry lectern_controller of type minecraft:block
[27Jul2026 19:37:43.738] [modloading-worker-0/DEBUG] [com.tterrag.registrate.AbstractRegistrate/REGISTRATE.REGISTER]: Captured registration for entry wheat_flour of type minecraft:item
[27Jul2026 19:37:43.739] [modloading-worker-0/DEBUG] [com.tterrag.registrate.AbstractRegistrate/REGISTRATE.REGISTER]: Captured registration for entry dough of type minecraft:item
[27Jul2026 19:37:43.739] [modloading-worker-0/DEBUG] [com.tterrag.registrate.AbstractRegistrate/REGISTRATE.REGISTER]: Captured registration for entry cinder_flour of type minecraft:item
[27Jul2026 19:37:43.739] [modloading-worker-0/DEBUG] [com.tterrag.registrate.AbstractRegistrate/REGISTRATE.REGISTER]: Captured registration for entry rose_quartz of type minecraft:item
[27Jul2026 19:37:43.740] [modloading-worker-0/DEBUG] [com.tterrag.registrate.AbstractRegistrate/REGISTRATE.REGISTER]: Captured registration for entry polished_rose_quartz of type minecraft:item
[27Jul2026 19:37:43.740] [modloading-worker-0/DEBUG] [com.tterrag.registrate.AbstractRegistrate/REGISTRATE.REGISTER]: Captured registration for entry powdered_obsidian of type minecraft:item
[27Jul2026 19:37:43.740] [modloading-worker-0/DEBUG] [com.tterrag.registrate.AbstractRegistrate/REGISTRATE.REGISTER]: Captured registration for entry sturdy_sheet of type minecraft:item
[27Jul2026 19:37:43.740] [modloading-worker-0/DEBUG] [com.tterrag.registrate.AbstractRegistrate/REGISTRATE.REGISTER]: Captured registration for entry propeller of type minecraft:item
[27Jul2026 19:37:43.740] [modloading-worker-0/DEBUG] [com.tterrag.registrate.AbstractRegistrate/REGISTRATE.REGISTER]: Captured registration for entry whisk of type minecraft:item
[27Jul2026 19:37:43.740] [modloading-worker-0/DEBUG] [com.tterrag.registrate.AbstractRegistrate/REGISTRATE.REGISTER]: Captured registration for entry brass_hand of type minecraft:item
[27Jul2026 19:37:43.741] [modloading-worker-0/DEBUG] [com.tterrag.registrate.AbstractRegistrate/REGISTRATE.REGISTER]: Captured registration for entry crafter_slot_cover of type minecraft:item
[27Jul2026 19:37:43.741] [modloading-worker-0/DEBUG] [com.tterrag.registrate.AbstractRegistrate/REGISTRATE.REGISTER]: Captured registration for entry electron_tube of type minecraft:item
[27Jul2026 19:37:43.741] [modloading-worker-0/DEBUG] [com.tterrag.registrate.AbstractRegistrate/REGISTRATE.REGISTER]: Captured registration for entry transmitter of type minecraft:item
[27Jul2026 19:37:43.741] [modloading-worker-0/DEBUG] [com.tterrag.registrate.AbstractRegistrate/REGISTRATE.REGISTER]: Captured registration for entry pulp of type minecraft:item
[27Jul2026 19:37:43.744] [modloading-worker-0/DEBUG] [com.tterrag.registrate.AbstractRegistrate/REGISTRATE.REGISTER]: Captured registration for entry cardboard of type minecraft:item
[27Jul2026 19:37:43.745] [modloading-worker-0/DEBUG] [com.tterrag.registrate.AbstractRegistrate/REGISTRATE.REGISTER]: Captured registration for entry incomplete_precision_mechanism of type minecraft:item
[27Jul2026 19:37:43.746] [modloading-worker-0/DEBUG] [com.tterrag.registrate.AbstractRegistrate/REGISTRATE.REGISTER]: Captured registration for entry unprocessed_obsidian_sheet of type minecraft:item
[27Jul2026 19:37:43.747] [modloading-worker-0/DEBUG] [com.tterrag.registrate.AbstractRegistrate/REGISTRATE.REGISTER]: Captured registration for entry incomplete_track of type minecraft:item
[27Jul2026 19:37:43.747] [modloading-worker-0/DEBUG] [com.tterrag.registrate.AbstractRegistrate/REGISTRATE.REGISTER]: Captured registration for entry precision_mechanism of type minecraft:item
[27Jul2026 19:37:43.748] [modloading-worker-0/DEBUG] [com.tterrag.registrate.AbstractRegistrate/REGISTRATE.REGISTER]: Captured registration for entry blaze_cake_base of type minecraft:item
[27Jul2026 19:37:43.749] [modloading-worker-0/DEBUG] [com.tterrag.registrate.AbstractRegistrate/REGISTRATE.REGISTER]: Captured registration for entry blaze_cake of type minecraft:item
[27Jul2026 19:37:43.752] [modloading-worker-0/DEBUG] [com.tterrag.registrate.AbstractRegistrate/REGISTRATE.REGISTER]: Captured registration for entry creative_blaze_cake of type minecraft:item
[27Jul2026 19:37:43.753] [modloading-worker-0/DEBUG] [com.tterrag.registrate.AbstractRegistrate/REGISTRATE.REGISTER]: Captured registration for entry bar_of_chocolate of type minecraft:item
[27Jul2026 19:37:43.754] [modloading-worker-0/DEBUG] [com.tterrag.registrate.AbstractRegistrate/REGISTRATE.REGISTER]: Captured registration for entry sweet_roll of type minecraft:item
[27Jul2026 19:37:43.755] [modloading-worker-0/DEBUG] [com.tterrag.registrate.AbstractRegistrate/REGISTRATE.REGISTER]: Captured registration for entry chocolate_glazed_berries of type minecraft:item
[27Jul2026 19:37:43.756] [modloading-worker-0/DEBUG] [com.tterrag.registrate.AbstractRegistrate/REGISTRATE.REGISTER]: Captured registration for entry honeyed_apple of type minecraft:item
[27Jul2026 19:37:43.758] [modloading-worker-0/DEBUG] [com.tterrag.registrate.AbstractRegistrate/REGISTRATE.REGISTER]: Captured registration for entry builders_tea of type minecraft:item
[27Jul2026 19:37:43.769] [modloading-worker-0/DEBUG] [com.tterrag.registrate.AbstractRegistrate/REGISTRATE.REGISTER]: Captured registration for entry cardboard_sword of type minecraft:item
[27Jul2026 19:37:43.769] [modloading-worker-0/DEBUG] [com.tterrag.registrate.AbstractRegistrate/REGISTRATE.REGISTER]: Captured registration for entry raw_zinc of type minecraft:item
[27Jul2026 19:37:43.769] [modloading-worker-0/DEBUG] [com.tterrag.registrate.AbstractRegistrate/REGISTRATE.REGISTER]: Captured registration for entry andesite_alloy of type minecraft:item
[27Jul2026 19:37:43.770] [modloading-worker-0/DEBUG] [com.tterrag.registrate.AbstractRegistrate/REGISTRATE.REGISTER]: Captured registration for entry zinc_ingot of type minecraft:item
[27Jul2026 19:37:43.770] [modloading-worker-0/DEBUG] [com.tterrag.registrate.AbstractRegistrate/REGISTRATE.REGISTER]: Captured registration for entry brass_ingot of type minecraft:item
[27Jul2026 19:37:43.776] [modloading-worker-0/DEBUG] [com.tterrag.registrate.AbstractRegistrate/REGISTRATE.REGISTER]: Captured registration for entry chromatic_compound of type minecraft:item
[27Jul2026 19:37:43.779] [modloading-worker-0/DEBUG] [com.tterrag.registrate.AbstractRegistrate/REGISTRATE.REGISTER]: Captured registration for entry shadow_steel of type minecraft:item
[27Jul2026 19:37:43.781] [modloading-worker-0/DEBUG] [com.tterrag.registrate.AbstractRegistrate/REGISTRATE.REGISTER]: Captured registration for entry refined_radiance of type minecraft:item
[27Jul2026 19:37:43.782] [modloading-worker-0/DEBUG] [com.tterrag.registrate.AbstractRegistrate/REGISTRATE.REGISTER]: Captured registration for entry copper_nugget of type minecraft:item
[27Jul2026 19:37:43.782] [modloading-worker-0/DEBUG] [com.tterrag.registrate.AbstractRegistrate/REGISTRATE.REGISTER]: Captured registration for entry zinc_nugget of type minecraft:item
[27Jul2026 19:37:43.782] [modloading-worker-0/DEBUG] [com.tterrag.registrate.AbstractRegistrate/REGISTRATE.REGISTER]: Captured registration for entry brass_nugget of type minecraft:item
[27Jul2026 19:37:43.784] [modloading-worker-0/DEBUG] [com.tterrag.registrate.AbstractRegistrate/REGISTRATE.REGISTER]: Captured registration for entry experience_nugget of type minecraft:item
[27Jul2026 19:37:43.784] [modloading-worker-0/DEBUG] [com.tterrag.registrate.AbstractRegistrate/REGISTRATE.REGISTER]: Captured registration for entry copper_sheet of type minecraft:item
[27Jul2026 19:37:43.785] [modloading-worker-0/DEBUG] [com.tterrag.registrate.AbstractRegistrate/REGISTRATE.REGISTER]: Captured registration for entry brass_sheet of type minecraft:item
[27Jul2026 19:37:43.785] [modloading-worker-0/DEBUG] [com.tterrag.registrate.AbstractRegistrate/REGISTRATE.REGISTER]: Captured registration for entry iron_sheet of type minecraft:item
[27Jul2026 19:37:43.785] [modloading-worker-0/DEBUG] [com.tterrag.registrate.AbstractRegistrate/REGISTRATE.REGISTER]: Captured registration for entry golden_sheet of type minecraft:item
[27Jul2026 19:37:43.785] [modloading-worker-0/DEBUG] [com.tterrag.registrate.AbstractRegistrate/REGISTRATE.REGISTER]: Captured registration for entry crushed_raw_iron of type minecraft:item
[27Jul2026 19:37:43.786] [modloading-worker-0/DEBUG] [com.tterrag.registrate.AbstractRegistrate/REGISTRATE.REGISTER]: Captured registration for entry crushed_raw_gold of type minecraft:item
[27Jul2026 19:37:43.786] [modloading-worker-0/DEBUG] [com.tterrag.registrate.AbstractRegistrate/REGISTRATE.REGISTER]: Captured registration for entry crushed_raw_copper of type minecraft:item
[27Jul2026 19:37:43.786] [modloading-worker-0/DEBUG] [com.tterrag.registrate.AbstractRegistrate/REGISTRATE.REGISTER]: Captured registration for entry crushed_raw_zinc of type minecraft:item
[27Jul2026 19:37:43.787] [modloading-worker-0/DEBUG] [com.tterrag.registrate.AbstractRegistrate/REGISTRATE.REGISTER]: Captured registration for entry crushed_raw_osmium of type minecraft:item
[27Jul2026 19:37:43.788] [modloading-worker-0/DEBUG] [com.tterrag.registrate.AbstractRegistrate/REGISTRATE.REGISTER]: Captured registration for entry crushed_raw_platinum of type minecraft:item
[27Jul2026 19:37:43.788] [modloading-worker-0/DEBUG] [com.tterrag.registrate.AbstractRegistrate/REGISTRATE.REGISTER]: Captured registration for entry crushed_raw_silver of type minecraft:item
[27Jul2026 19:37:43.788] [modloading-worker-0/DEBUG] [com.tterrag.registrate.AbstractRegistrate/REGISTRATE.REGISTER]: Captured registration for entry crushed_raw_tin of type minecraft:item
[27Jul2026 19:37:43.788] [modloading-worker-0/DEBUG] [com.tterrag.registrate.AbstractRegistrate/REGISTRATE.REGISTER]: Captured registration for entry crushed_raw_lead of type minecraft:item
[27Jul2026 19:37:43.789] [modloading-worker-0/DEBUG] [com.tterrag.registrate.AbstractRegistrate/REGISTRATE.REGISTER]: Captured registration for entry crushed_raw_quicksilver of type minecraft:item
[27Jul2026 19:37:43.789] [modloading-worker-0/DEBUG] [com.tterrag.registrate.AbstractRegistrate/REGISTRATE.REGISTER]: Captured registration for entry crushed_raw_aluminum of type minecraft:item
[27Jul2026 19:37:43.789] [modloading-worker-0/DEBUG] [com.tterrag.registrate.AbstractRegistrate/REGISTRATE.REGISTER]: Captured registration for entry crushed_raw_uranium of type minecraft:item
[27Jul2026 19:37:43.789] [modloading-worker-0/DEBUG] [com.tterrag.registrate.AbstractRegistrate/REGISTRATE.REGISTER]: Captured registration for entry crushed_raw_nickel of type minecraft:item
[27Jul2026 19:37:43.791] [modloading-worker-0/DEBUG] [com.tterrag.registrate.AbstractRegistrate/REGISTRATE.REGISTER]: Captured registration for entry belt_connector of type minecraft:item
[27Jul2026 19:37:43.794] [modloading-worker-0/DEBUG] [com.tterrag.registrate.AbstractRegistrate/REGISTRATE.REGISTER]: Captured registration for entry vertical_gearbox of type minecraft:item
[27Jul2026 19:37:43.794] [modloading-worker-0/DEBUG] [com.tterrag.registrate.AbstractRegistrate/REGISTRATE.REGISTER]: Captured registration for entry empty_blaze_burner of type minecraft:item
[27Jul2026 19:37:43.796] [modloading-worker-0/DEBUG] [com.tterrag.registrate.AbstractRegistrate/REGISTRATE.REGISTER]: Captured registration for entry goggles of type minecraft:item
[27Jul2026 19:37:43.799] [modloading-worker-0/DEBUG] [com.tterrag.registrate.AbstractRegistrate/REGISTRATE.REGISTER]: Captured registration for entry super_glue of type minecraft:item
[27Jul2026 19:37:43.801] [modloading-worker-0/DEBUG] [com.tterrag.registrate.AbstractRegistrate/REGISTRATE.REGISTER]: Captured registration for entry minecart_coupling of type minecraft:item
[27Jul2026 19:37:43.807] [modloading-worker-0/DEBUG] [com.tterrag.registrate.AbstractRegistrate/REGISTRATE.REGISTER]: Captured registration for entry crafting_blueprint of type minecraft:item
[27Jul2026 19:37:43.809] [modloading-worker-0/DEBUG] [com.tterrag.registrate.AbstractRegistrate/REGISTRATE.REGISTER]: Captured registration for entry copper_backtank_placeable of type minecraft:item
[27Jul2026 19:37:43.809] [modloading-worker-0/DEBUG] [com.tterrag.registrate.AbstractRegistrate/REGISTRATE.REGISTER]: Captured registration for entry netherite_backtank_placeable of type minecraft:item
[27Jul2026 19:37:43.813] [modloading-worker-0/DEBUG] [com.tterrag.registrate.AbstractRegistrate/REGISTRATE.REGISTER]: Captured registration for entry copper_backtank of type minecraft:item
[27Jul2026 19:37:43.816] [modloading-worker-0/DEBUG] [com.tterrag.registrate.AbstractRegistrate/REGISTRATE.REGISTER]: Captured registration for entry netherite_backtank of type minecraft:item
[27Jul2026 19:37:43.818] [modloading-worker-0/DEBUG] [com.tterrag.registrate.AbstractRegistrate/REGISTRATE.REGISTER]: Captured registration for entry copper_diving_helmet of type minecraft:item
[27Jul2026 19:37:43.819] [modloading-worker-0/DEBUG] [com.tterrag.registrate.AbstractRegistrate/REGISTRATE.REGISTER]: Captured registration for entry netherite_diving_helmet of type minecraft:item
[27Jul2026 19:37:43.821] [modloading-worker-0/DEBUG] [com.tterrag.registrate.AbstractRegistrate/REGISTRATE.REGISTER]: Captured registration for entry copper_diving_boots of type minecraft:item
[27Jul2026 19:37:43.822] [modloading-worker-0/DEBUG] [com.tterrag.registrate.AbstractRegistrate/REGISTRATE.REGISTER]: Captured registration for entry netherite_diving_boots of type minecraft:item
[27Jul2026 19:37:43.826] [modloading-worker-0/DEBUG] [com.tterrag.registrate.AbstractRegistrate/REGISTRATE.REGISTER]: Captured registration for entry cardboard_helmet of type minecraft:item
[27Jul2026 19:37:43.827] [modloading-worker-0/DEBUG] [com.tterrag.registrate.AbstractRegistrate/REGISTRATE.REGISTER]: Captured registration for entry cardboard_chestplate of type minecraft:item
[27Jul2026 19:37:43.828] [modloading-worker-0/DEBUG] [com.tterrag.registrate.AbstractRegistrate/REGISTRATE.REGISTER]: Captured registration for entry cardboard_leggings of type minecraft:item
[27Jul2026 19:37:43.829] [modloading-worker-0/DEBUG] [com.tterrag.registrate.AbstractRegistrate/REGISTRATE.REGISTER]: Captured registration for entry cardboard_boots of type minecraft:item
[27Jul2026 19:37:43.834] [modloading-worker-0/DEBUG] [com.tterrag.registrate.AbstractRegistrate/REGISTRATE.REGISTER]: Captured registration for entry sand_paper of type minecraft:item
[27Jul2026 19:37:43.836] [modloading-worker-0/DEBUG] [com.tterrag.registrate.AbstractRegistrate/REGISTRATE.REGISTER]: Captured registration for entry red_sand_paper of type minecraft:item
[27Jul2026 19:37:43.839] [modloading-worker-0/DEBUG] [com.tterrag.registrate.AbstractRegistrate/REGISTRATE.REGISTER]: Captured registration for entry wrench of type minecraft:item
[27Jul2026 19:37:43.843] [modloading-worker-0/DEBUG] [com.tterrag.registrate.AbstractRegistrate/REGISTRATE.REGISTER]: Captured registration for entry minecart_contraption of type minecraft:item
[27Jul2026 19:37:43.844] [modloading-worker-0/DEBUG] [com.tterrag.registrate.AbstractRegistrate/REGISTRATE.REGISTER]: Captured registration for entry furnace_minecart_contraption of type minecraft:item
[27Jul2026 19:37:43.845] [modloading-worker-0/DEBUG] [com.tterrag.registrate.AbstractRegistrate/REGISTRATE.REGISTER]: Captured registration for entry chest_minecart_contraption of type minecraft:item
[27Jul2026 19:37:43.852] [modloading-worker-0/DEBUG] [com.tterrag.registrate.AbstractRegistrate/REGISTRATE.REGISTER]: Captured registration for entry linked_controller of type minecraft:item
[27Jul2026 19:37:43.862] [modloading-worker-0/DEBUG] [com.tterrag.registrate.AbstractRegistrate/REGISTRATE.REGISTER]: Captured registration for entry potato_cannon of type minecraft:item
[27Jul2026 19:37:43.867] [modloading-worker-0/DEBUG] [com.tterrag.registrate.AbstractRegistrate/REGISTRATE.REGISTER]: Captured registration for entry extendo_grip of type minecraft:item
[27Jul2026 19:37:43.876] [modloading-worker-0/DEBUG] [com.tterrag.registrate.AbstractRegistrate/REGISTRATE.REGISTER]: Captured registration for entry wand_of_symmetry of type minecraft:item
[27Jul2026 19:37:43.889] [modloading-worker-0/DEBUG] [com.tterrag.registrate.AbstractRegistrate/REGISTRATE.REGISTER]: Captured registration for entry handheld_worldshaper of type minecraft:item
[27Jul2026 19:37:43.895] [modloading-worker-0/DEBUG] [com.tterrag.registrate.AbstractRegistrate/REGISTRATE.REGISTER]: Captured registration for entry tree_fertilizer of type minecraft:item
[27Jul2026 19:37:43.899] [modloading-worker-0/DEBUG] [com.tterrag.registrate.AbstractRegistrate/REGISTRATE.REGISTER]: Captured registration for entry cardboard_package_12x12 of type minecraft:item
[27Jul2026 19:37:43.900] [modloading-worker-0/DEBUG] [com.tterrag.registrate.AbstractRegistrate/REGISTRATE.REGISTER]: Captured registration for entry cardboard_package_10x12 of type minecraft:item
[27Jul2026 19:37:43.900] [modloading-worker-0/DEBUG] [com.tterrag.registrate.AbstractRegistrate/REGISTRATE.REGISTER]: Captured registration for entry cardboard_package_10x8 of type minecraft:item
[27Jul2026 19:37:43.900] [modloading-worker-0/DEBUG] [com.tterrag.registrate.AbstractRegistrate/REGISTRATE.REGISTER]: Captured registration for entry cardboard_package_12x10 of type minecraft:item
[27Jul2026 19:37:43.900] [modloading-worker-0/DEBUG] [com.tterrag.registrate.AbstractRegistrate/REGISTRATE.REGISTER]: Captured registration for entry rare_creeper_package of type minecraft:item
[27Jul2026 19:37:43.901] [modloading-worker-0/DEBUG] [com.tterrag.registrate.AbstractRegistrate/REGISTRATE.REGISTER]: Captured registration for entry rare_darcy_package of type minecraft:item
[27Jul2026 19:37:43.901] [modloading-worker-0/DEBUG] [com.tterrag.registrate.AbstractRegistrate/REGISTRATE.REGISTER]: Captured registration for entry rare_evan_package of type minecraft:item
[27Jul2026 19:37:43.901] [modloading-worker-0/DEBUG] [com.tterrag.registrate.AbstractRegistrate/REGISTRATE.REGISTER]: Captured registration for entry rare_jinx_package of type minecraft:item
[27Jul2026 19:37:43.901] [modloading-worker-0/DEBUG] [com.tterrag.registrate.AbstractRegistrate/REGISTRATE.REGISTER]: Captured registration for entry rare_kryppers_package of type minecraft:item
[27Jul2026 19:37:43.901] [modloading-worker-0/DEBUG] [com.tterrag.registrate.AbstractRegistrate/REGISTRATE.REGISTER]: Captured registration for entry rare_simi_package of type minecraft:item
[27Jul2026 19:37:43.902] [modloading-worker-0/DEBUG] [com.tterrag.registrate.AbstractRegistrate/REGISTRATE.REGISTER]: Captured registration for entry rare_starlotte_package of type minecraft:item
[27Jul2026 19:37:43.902] [modloading-worker-0/DEBUG] [com.tterrag.registrate.AbstractRegistrate/REGISTRATE.REGISTER]: Captured registration for entry rare_thunder_package of type minecraft:item
[27Jul2026 19:37:43.903] [modloading-worker-0/DEBUG] [com.tterrag.registrate.AbstractRegistrate/REGISTRATE.REGISTER]: Captured registration for entry rare_up_package of type minecraft:item
[27Jul2026 19:37:43.903] [modloading-worker-0/DEBUG] [com.tterrag.registrate.AbstractRegistrate/REGISTRATE.REGISTER]: Captured registration for entry rare_vector_package of type minecraft:item
[27Jul2026 19:37:43.908] [modloading-worker-0/DEBUG] [com.tterrag.registrate.AbstractRegistrate/REGISTRATE.REGISTER]: Captured registration for entry filter of type minecraft:item
[27Jul2026 19:37:43.910] [modloading-worker-0/DEBUG] [com.tterrag.registrate.AbstractRegistrate/REGISTRATE.REGISTER]: Captured registration for entry attribute_filter of type minecraft:item
[27Jul2026 19:37:43.911] [modloading-worker-0/DEBUG] [com.tterrag.registrate.AbstractRegistrate/REGISTRATE.REGISTER]: Captured registration for entry package_filter of type minecraft:item
[27Jul2026 19:37:43.915] [modloading-worker-0/DEBUG] [com.tterrag.registrate.AbstractRegistrate/REGISTRATE.REGISTER]: Captured registration for entry schedule of type minecraft:item
[27Jul2026 19:37:43.917] [modloading-worker-0/DEBUG] [com.tterrag.registrate.AbstractRegistrate/REGISTRATE.REGISTER]: Captured registration for entry shopping_list of type minecraft:item
[27Jul2026 19:37:43.918] [modloading-worker-0/DEBUG] [com.tterrag.registrate.AbstractRegistrate/REGISTRATE.REGISTER]: Captured registration for entry empty_schematic of type minecraft:item
[27Jul2026 19:37:43.920] [modloading-worker-0/DEBUG] [com.tterrag.registrate.AbstractRegistrate/REGISTRATE.REGISTER]: Captured registration for entry schematic_and_quill of type minecraft:item
[27Jul2026 19:37:43.925] [modloading-worker-0/DEBUG] [com.tterrag.registrate.AbstractRegistrate/REGISTRATE.REGISTER]: Captured registration for entry schematic of type minecraft:item
[27Jul2026 19:37:43.926] [modloading-worker-0/DEBUG] [com.tterrag.registrate.AbstractRegistrate/REGISTRATE.REGISTER]: Captured registration for entry copper_backtank of type minecraft:block
[27Jul2026 19:37:43.927] [modloading-worker-0/DEBUG] [com.tterrag.registrate.AbstractRegistrate/REGISTRATE.REGISTER]: Captured registration for entry netherite_backtank of type minecraft:block
[27Jul2026 19:37:43.932] [modloading-worker-0/DEBUG] [com.tterrag.registrate.AbstractRegistrate/REGISTRATE.REGISTER]: Captured registration for entry peculiar_bell of type minecraft:item
[27Jul2026 19:37:43.933] [modloading-worker-0/DEBUG] [com.tterrag.registrate.AbstractRegistrate/REGISTRATE.REGISTER]: Captured registration for entry peculiar_bell of type minecraft:block
[27Jul2026 19:37:43.936] [modloading-worker-0/DEBUG] [com.tterrag.registrate.AbstractRegistrate/REGISTRATE.REGISTER]: Captured registration for entry haunted_bell of type minecraft:item
[27Jul2026 19:37:43.938] [modloading-worker-0/DEBUG] [com.tterrag.registrate.AbstractRegistrate/REGISTRATE.REGISTER]: Captured registration for entry haunted_bell of type minecraft:block
[27Jul2026 19:37:43.941] [modloading-worker-0/DEBUG] [com.tterrag.registrate.AbstractRegistrate/REGISTRATE.REGISTER]: Captured registration for entry desk_bell of type minecraft:item
[27Jul2026 19:37:43.942] [modloading-worker-0/DEBUG] [com.tterrag.registrate.AbstractRegistrate/REGISTRATE.REGISTER]: Captured registration for entry desk_bell of type minecraft:block
[27Jul2026 19:37:43.945] [modloading-worker-0/DEBUG] [com.tterrag.registrate.AbstractRegistrate/REGISTRATE.REGISTER]: Captured registration for entry white_toolbox of type minecraft:item
[27Jul2026 19:37:43.946] [modloading-worker-0/DEBUG] [com.tterrag.registrate.AbstractRegistrate/REGISTRATE.REGISTER]: Captured registration for entry white_toolbox of type minecraft:block
[27Jul2026 19:37:43.946] [modloading-worker-0/DEBUG] [com.tterrag.registrate.AbstractRegistrate/REGISTRATE.REGISTER]: Captured registration for entry orange_toolbox of type minecraft:item
[27Jul2026 19:37:43.946] [modloading-worker-0/DEBUG] [com.tterrag.registrate.AbstractRegistrate/REGISTRATE.REGISTER]: Captured registration for entry orange_toolbox of type minecraft:block
[27Jul2026 19:37:43.946] [modloading-worker-0/DEBUG] [com.tterrag.registrate.AbstractRegistrate/REGISTRATE.REGISTER]: Captured registration for entry magenta_toolbox of type minecraft:item
[27Jul2026 19:37:43.946] [modloading-worker-0/DEBUG] [com.tterrag.registrate.AbstractRegistrate/REGISTRATE.REGISTER]: Captured registration for entry magenta_toolbox of type minecraft:block
[27Jul2026 19:37:43.946] [modloading-worker-0/DEBUG] [com.tterrag.registrate.AbstractRegistrate/REGISTRATE.REGISTER]: Captured registration for entry light_blue_toolbox of type minecraft:item
[27Jul2026 19:37:43.947] [modloading-worker-0/DEBUG] [com.tterrag.registrate.AbstractRegistrate/REGISTRATE.REGISTER]: Captured registration for entry light_blue_toolbox of type minecraft:block
[27Jul2026 19:37:43.947] [modloading-worker-0/DEBUG] [com.tterrag.registrate.AbstractRegistrate/REGISTRATE.REGISTER]: Captured registration for entry yellow_toolbox of type minecraft:item
[27Jul2026 19:37:43.947] [modloading-worker-0/DEBUG] [com.tterrag.registrate.AbstractRegistrate/REGISTRATE.REGISTER]: Captured registration for entry yellow_toolbox of type minecraft:block
[27Jul2026 19:37:43.947] [modloading-worker-0/DEBUG] [com.tterrag.registrate.AbstractRegistrate/REGISTRATE.REGISTER]: Captured registration for entry lime_toolbox of type minecraft:item
[27Jul2026 19:37:43.947] [modloading-worker-0/DEBUG] [com.tterrag.registrate.AbstractRegistrate/REGISTRATE.REGISTER]: Captured registration for entry lime_toolbox of type minecraft:block
[27Jul2026 19:37:43.947] [modloading-worker-0/DEBUG] [com.tterrag.registrate.AbstractRegistrate/REGISTRATE.REGISTER]: Captured registration for entry pink_toolbox of type minecraft:item
[27Jul2026 19:37:43.947] [modloading-worker-0/DEBUG] [com.tterrag.registrate.AbstractRegistrate/REGISTRATE.REGISTER]: Captured registration for entry pink_toolbox of type minecraft:block
[27Jul2026 19:37:43.948] [modloading-worker-0/DEBUG] [com.tterrag.registrate.AbstractRegistrate/REGISTRATE.REGISTER]: Captured registration for entry gray_toolbox of type minecraft:item
[27Jul2026 19:37:43.948] [modloading-worker-0/DEBUG] [com.tterrag.registrate.AbstractRegistrate/REGISTRATE.REGISTER]: Captured registration for entry gray_toolbox of type minecraft:block
[27Jul2026 19:37:43.948] [modloading-worker-0/DEBUG] [com.tterrag.registrate.AbstractRegistrate/REGISTRATE.REGISTER]: Captured registration for entry light_gray_toolbox of type minecraft:item
[27Jul2026 19:37:43.948] [modloading-worker-0/DEBUG] [com.tterrag.registrate.AbstractRegistrate/REGISTRATE.REGISTER]: Captured registration for entry light_gray_toolbox of type minecraft:block
[27Jul2026 19:37:43.948] [modloading-worker-0/DEBUG] [com.tterrag.registrate.AbstractRegistrate/REGISTRATE.REGISTER]: Captured registration for entry cyan_toolbox of type minecraft:item
[27Jul2026 19:37:43.948] [modloading-worker-0/DEBUG] [com.tterrag.registrate.AbstractRegistrate/REGISTRATE.REGISTER]: Captured registration for entry cyan_toolbox of type minecraft:block
[27Jul2026 19:37:43.949] [modloading-worker-0/DEBUG] [com.tterrag.registrate.AbstractRegistrate/REGISTRATE.REGISTER]: Captured registration for entry purple_toolbox of type minecraft:item
[27Jul2026 19:37:43.949] [modloading-worker-0/DEBUG] [com.tterrag.registrate.AbstractRegistrate/REGISTRATE.REGISTER]: Captured registration for entry purple_toolbox of type minecraft:block
[27Jul2026 19:37:43.949] [modloading-worker-0/DEBUG] [com.tterrag.registrate.AbstractRegistrate/REGISTRATE.REGISTER]: Captured registration for entry blue_toolbox of type minecraft:item
[27Jul2026 19:37:43.949] [modloading-worker-0/DEBUG] [com.tterrag.registrate.AbstractRegistrate/REGISTRATE.REGISTER]: Captured registration for entry blue_toolbox of type minecraft:block
[27Jul2026 19:37:43.949] [modloading-worker-0/DEBUG] [com.tterrag.registrate.AbstractRegistrate/REGISTRATE.REGISTER]: Captured registration for entry brown_toolbox of type minecraft:item
[27Jul2026 19:37:43.949] [modloading-worker-0/DEBUG] [com.tterrag.registrate.AbstractRegistrate/REGISTRATE.REGISTER]: Captured registration for entry brown_toolbox of type minecraft:block
[27Jul2026 19:37:43.949] [modloading-worker-0/DEBUG] [com.tterrag.registrate.AbstractRegistrate/REGISTRATE.REGISTER]: Captured registration for entry green_toolbox of type minecraft:item
[27Jul2026 19:37:43.950] [modloading-worker-0/DEBUG] [com.tterrag.registrate.AbstractRegistrate/REGISTRATE.REGISTER]: Captured registration for entry green_toolbox of type minecraft:block
[27Jul2026 19:37:43.950] [modloading-worker-0/DEBUG] [com.tterrag.registrate.AbstractRegistrate/REGISTRATE.REGISTER]: Captured registration for entry red_toolbox of type minecraft:item
[27Jul2026 19:37:43.950] [modloading-worker-0/DEBUG] [com.tterrag.registrate.AbstractRegistrate/REGISTRATE.REGISTER]: Captured registration for entry red_toolbox of type minecraft:block
[27Jul2026 19:37:43.950] [modloading-worker-0/DEBUG] [com.tterrag.registrate.AbstractRegistrate/REGISTRATE.REGISTER]: Captured registration for entry black_toolbox of type minecraft:item
[27Jul2026 19:37:43.950] [modloading-worker-0/DEBUG] [com.tterrag.registrate.AbstractRegistrate/REGISTRATE.REGISTER]: Captured registration for entry black_toolbox of type minecraft:block
[27Jul2026 19:37:43.958] [modloading-worker-0/DEBUG] [com.tterrag.registrate.AbstractRegistrate/REGISTRATE.REGISTER]: Captured registration for entry clipboard of type minecraft:item
[27Jul2026 19:37:43.958] [modloading-worker-0/DEBUG] [com.tterrag.registrate.AbstractRegistrate/REGISTRATE.REGISTER]: Captured registration for entry clipboard of type minecraft:block
[27Jul2026 19:37:43.965] [modloading-worker-0/DEBUG] [com.tterrag.registrate.AbstractRegistrate/REGISTRATE.REGISTER]: Captured registration for entry andesite_ladder of type minecraft:item
[27Jul2026 19:37:43.965] [modloading-worker-0/DEBUG] [com.tterrag.registrate.AbstractRegistrate/REGISTRATE.REGISTER]: Captured registration for entry andesite_ladder of type minecraft:block
[27Jul2026 19:37:43.966] [modloading-worker-0/DEBUG] [com.tterrag.registrate.AbstractRegistrate/REGISTRATE.REGISTER]: Captured registration for entry brass_ladder of type minecraft:item
[27Jul2026 19:37:43.966] [modloading-worker-0/DEBUG] [com.tterrag.registrate.AbstractRegistrate/REGISTRATE.REGISTER]: Captured registration for entry brass_ladder of type minecraft:block
[27Jul2026 19:37:43.967] [modloading-worker-0/DEBUG] [com.tterrag.registrate.AbstractRegistrate/REGISTRATE.REGISTER]: Captured registration for entry copper_ladder of type minecraft:item
[27Jul2026 19:37:43.967] [modloading-worker-0/DEBUG] [com.tterrag.registrate.AbstractRegistrate/REGISTRATE.REGISTER]: Captured registration for entry copper_ladder of type minecraft:block
[27Jul2026 19:37:43.972] [modloading-worker-0/DEBUG] [com.tterrag.registrate.AbstractRegistrate/REGISTRATE.REGISTER]: Captured registration for entry andesite_bars of type minecraft:item
[27Jul2026 19:37:43.972] [modloading-worker-0/DEBUG] [com.tterrag.registrate.AbstractRegistrate/REGISTRATE.REGISTER]: Captured registration for entry andesite_bars of type minecraft:block
[27Jul2026 19:37:43.973] [modloading-worker-0/DEBUG] [com.tterrag.registrate.AbstractRegistrate/REGISTRATE.REGISTER]: Captured registration for entry brass_bars of type minecraft:item
[27Jul2026 19:37:43.973] [modloading-worker-0/DEBUG] [com.tterrag.registrate.AbstractRegistrate/REGISTRATE.REGISTER]: Captured registration for entry brass_bars of type minecraft:block
[27Jul2026 19:37:43.973] [modloading-worker-0/DEBUG] [com.tterrag.registrate.AbstractRegistrate/REGISTRATE.REGISTER]: Captured registration for entry copper_bars of type minecraft:item
[27Jul2026 19:37:43.973] [modloading-worker-0/DEBUG] [com.tterrag.registrate.AbstractRegistrate/REGISTRATE.REGISTER]: Captured registration for entry copper_bars of type minecraft:block
[27Jul2026 19:37:43.982] [modloading-worker-0/DEBUG] [Ponder/]: Loaded net.createmod.catnip.platform.ForgePlatformHelper@77da58d6 for service interface net.createmod.catnip.platform.services.PlatformHelper
[27Jul2026 19:37:44.016] [modloading-worker-0/DEBUG] [Ponder/]: Loaded net.createmod.catnip.platform.ForgeFluidHelper@74bf9002 for service interface net.createmod.catnip.platform.services.ModFluidHelper
[27Jul2026 19:37:44.020] [modloading-worker-0/DEBUG] [Ponder/]: Loaded net.createmod.catnip.platform.ForgeHooksHelper@799ceb49 for service interface net.createmod.catnip.platform.services.ModHooksHelper
[27Jul2026 19:37:44.023] [modloading-worker-0/DEBUG] [Ponder/]: Loaded net.createmod.catnip.platform.ForgeRegisteredObjectsHelper@432fcb44 for service interface net.createmod.catnip.platform.services.RegisteredObjectsHelper
[27Jul2026 19:37:44.025] [modloading-worker-0/DEBUG] [Ponder/]: Loaded net.createmod.catnip.platform.ForgeNetworkHelper@28dd50b0 for service interface net.createmod.catnip.platform.services.NetworkHelper
[27Jul2026 19:37:44.046] [modloading-worker-0/DEBUG] [com.tterrag.registrate.AbstractRegistrate/REGISTRATE.REGISTER]: Captured registration for entry andesite_scaffolding of type minecraft:item
[27Jul2026 19:37:44.047] [modloading-worker-0/DEBUG] [com.tterrag.registrate.AbstractRegistrate/REGISTRATE.REGISTER]: Captured registration for entry andesite_scaffolding of type minecraft:block
[27Jul2026 19:37:44.047] [modloading-worker-0/DEBUG] [com.tterrag.registrate.AbstractRegistrate/REGISTRATE.REGISTER]: Captured registration for entry brass_scaffolding of type minecraft:item
[27Jul2026 19:37:44.048] [modloading-worker-0/DEBUG] [com.tterrag.registrate.AbstractRegistrate/REGISTRATE.REGISTER]: Captured registration for entry brass_scaffolding of type minecraft:block
[27Jul2026 19:37:44.048] [modloading-worker-0/DEBUG] [com.tterrag.registrate.AbstractRegistrate/REGISTRATE.REGISTER]: Captured registration for entry copper_scaffolding of type minecraft:item
[27Jul2026 19:37:44.048] [modloading-worker-0/DEBUG] [com.tterrag.registrate.AbstractRegistrate/REGISTRATE.REGISTER]: Captured registration for entry copper_scaffolding of type minecraft:block
[27Jul2026 19:37:44.051] [modloading-worker-0/DEBUG] [com.tterrag.registrate.AbstractRegistrate/REGISTRATE.REGISTER]: Captured registration for entry metal_girder of type minecraft:item
[27Jul2026 19:37:44.051] [modloading-worker-0/DEBUG] [com.tterrag.registrate.AbstractRegistrate/REGISTRATE.REGISTER]: Captured registration for entry metal_girder of type minecraft:block
[27Jul2026 19:37:44.053] [modloading-worker-0/DEBUG] [com.tterrag.registrate.AbstractRegistrate/REGISTRATE.REGISTER]: Captured registration for entry metal_girder_encased_shaft of type minecraft:block
[27Jul2026 19:37:44.056] [modloading-worker-0/DEBUG] [com.tterrag.registrate.AbstractRegistrate/REGISTRATE.REGISTER]: Captured registration for entry copycat_base of type minecraft:block
[27Jul2026 19:37:44.065] [modloading-worker-0/DEBUG] [com.tterrag.registrate.AbstractRegistrate/REGISTRATE.REGISTER]: Captured registration for entry copycat_step of type minecraft:item
[27Jul2026 19:37:44.065] [modloading-worker-0/DEBUG] [com.tterrag.registrate.AbstractRegistrate/REGISTRATE.REGISTER]: Captured registration for entry copycat_step of type minecraft:block
[27Jul2026 19:37:44.069] [modloading-worker-0/DEBUG] [com.tterrag.registrate.AbstractRegistrate/REGISTRATE.REGISTER]: Captured registration for entry copycat_panel of type minecraft:item
[27Jul2026 19:37:44.069] [modloading-worker-0/DEBUG] [com.tterrag.registrate.AbstractRegistrate/REGISTRATE.REGISTER]: Captured registration for entry copycat_panel of type minecraft:block
[27Jul2026 19:37:44.071] [modloading-worker-0/DEBUG] [com.tterrag.registrate.AbstractRegistrate/REGISTRATE.REGISTER]: Captured registration for entry copycat_bars of type minecraft:block
[27Jul2026 19:37:44.076] [modloading-worker-0/DEBUG] [com.tterrag.registrate.AbstractRegistrate/REGISTRATE.REGISTER]: Captured registration for entry white_seat of type minecraft:item
[27Jul2026 19:37:44.076] [modloading-worker-0/DEBUG] [com.tterrag.registrate.AbstractRegistrate/REGISTRATE.REGISTER]: Captured registration for entry white_seat of type minecraft:block
[27Jul2026 19:37:44.076] [modloading-worker-0/DEBUG] [com.tterrag.registrate.AbstractRegistrate/REGISTRATE.REGISTER]: Captured registration for entry orange_seat of type minecraft:item
[27Jul2026 19:37:44.077] [modloading-worker-0/DEBUG] [com.tterrag.registrate.AbstractRegistrate/REGISTRATE.REGISTER]: Captured registration for entry orange_seat of type minecraft:block
[27Jul2026 19:37:44.077] [modloading-worker-0/DEBUG] [com.tterrag.registrate.AbstractRegistrate/REGISTRATE.REGISTER]: Captured registration for entry magenta_seat of type minecraft:item
[27Jul2026 19:37:44.077] [modloading-worker-0/DEBUG] [com.tterrag.registrate.AbstractRegistrate/REGISTRATE.REGISTER]: Captured registration for entry magenta_seat of type minecraft:block
[27Jul2026 19:37:44.077] [modloading-worker-0/DEBUG] [com.tterrag.registrate.AbstractRegistrate/REGISTRATE.REGISTER]: Captured registration for entry light_blue_seat of type minecraft:item
[27Jul2026 19:37:44.077] [modloading-worker-0/DEBUG] [com.tterrag.registrate.AbstractRegistrate/REGISTRATE.REGISTER]: Captured registration for entry light_blue_seat of type minecraft:block
[27Jul2026 19:37:44.077] [modloading-worker-0/DEBUG] [com.tterrag.registrate.AbstractRegistrate/REGISTRATE.REGISTER]: Captured registration for entry yellow_seat of type minecraft:item
[27Jul2026 19:37:44.077] [modloading-worker-0/DEBUG] [com.tterrag.registrate.AbstractRegistrate/REGISTRATE.REGISTER]: Captured registration for entry yellow_seat of type minecraft:block
[27Jul2026 19:37:44.078] [modloading-worker-0/DEBUG] [com.tterrag.registrate.AbstractRegistrate/REGISTRATE.REGISTER]: Captured registration for entry lime_seat of type minecraft:item
[27Jul2026 19:37:44.078] [modloading-worker-0/DEBUG] [com.tterrag.registrate.AbstractRegistrate/REGISTRATE.REGISTER]: Captured registration for entry lime_seat of type minecraft:block
[27Jul2026 19:37:44.078] [modloading-worker-0/DEBUG] [com.tterrag.registrate.AbstractRegistrate/REGISTRATE.REGISTER]: Captured registration for entry pink_seat of type minecraft:item
[27Jul2026 19:37:44.078] [modloading-worker-0/DEBUG] [com.tterrag.registrate.AbstractRegistrate/REGISTRATE.REGISTER]: Captured registration for entry pink_seat of type minecraft:block
[27Jul2026 19:37:44.078] [modloading-worker-0/DEBUG] [com.tterrag.registrate.AbstractRegistrate/REGISTRATE.REGISTER]: Captured registration for entry gray_seat of type minecraft:item
[27Jul2026 19:37:44.078] [modloading-worker-0/DEBUG] [com.tterrag.registrate.AbstractRegistrate/REGISTRATE.REGISTER]: Captured registration for entry gray_seat of type minecraft:block
[27Jul2026 19:37:44.079] [modloading-worker-0/DEBUG] [com.tterrag.registrate.AbstractRegistrate/REGISTRATE.REGISTER]: Captured registration for entry light_gray_seat of type minecraft:item
[27Jul2026 19:37:44.079] [modloading-worker-0/DEBUG] [com.tterrag.registrate.AbstractRegistrate/REGISTRATE.REGISTER]: Captured registration for entry light_gray_seat of type minecraft:block
[27Jul2026 19:37:44.079] [modloading-worker-0/DEBUG] [com.tterrag.registrate.AbstractRegistrate/REGISTRATE.REGISTER]: Captured registration for entry cyan_seat of type minecraft:item
[27Jul2026 19:37:44.079] [modloading-worker-0/DEBUG] [com.tterrag.registrate.AbstractRegistrate/REGISTRATE.REGISTER]: Captured registration for entry cyan_seat of type minecraft:block
[27Jul2026 19:37:44.079] [modloading-worker-0/DEBUG] [com.tterrag.registrate.AbstractRegistrate/REGISTRATE.REGISTER]: Captured registration for entry purple_seat of type minecraft:item
[27Jul2026 19:37:44.079] [modloading-worker-0/DEBUG] [com.tterrag.registrate.AbstractRegistrate/REGISTRATE.REGISTER]: Captured registration for entry purple_seat of type minecraft:block
[27Jul2026 19:37:44.079] [modloading-worker-0/DEBUG] [com.tterrag.registrate.AbstractRegistrate/REGISTRATE.REGISTER]: Captured registration for entry blue_seat of type minecraft:item
[27Jul2026 19:37:44.080] [modloading-worker-0/DEBUG] [com.tterrag.registrate.AbstractRegistrate/REGISTRATE.REGISTER]: Captured registration for entry blue_seat of type minecraft:block
[27Jul2026 19:37:44.080] [modloading-worker-0/DEBUG] [com.tterrag.registrate.AbstractRegistrate/REGISTRATE.REGISTER]: Captured registration for entry brown_seat of type minecraft:item
[27Jul2026 19:37:44.080] [modloading-worker-0/DEBUG] [com.tterrag.registrate.AbstractRegistrate/REGISTRATE.REGISTER]: Captured registration for entry brown_seat of type minecraft:block
[27Jul2026 19:37:44.080] [modloading-worker-0/DEBUG] [com.tterrag.registrate.AbstractRegistrate/REGISTRATE.REGISTER]: Captured registration for entry green_seat of type minecraft:item
[27Jul2026 19:37:44.080] [modloading-worker-0/DEBUG] [com.tterrag.registrate.AbstractRegistrate/REGISTRATE.REGISTER]: Captured registration for entry green_seat of type minecraft:block
[27Jul2026 19:37:44.081] [modloading-worker-0/DEBUG] [com.tterrag.registrate.AbstractRegistrate/REGISTRATE.REGISTER]: Captured registration for entry red_seat of type minecraft:item
[27Jul2026 19:37:44.081] [modloading-worker-0/DEBUG] [com.tterrag.registrate.AbstractRegistrate/REGISTRATE.REGISTER]: Captured registration for entry red_seat of type minecraft:block
[27Jul2026 19:37:44.081] [modloading-worker-0/DEBUG] [com.tterrag.registrate.AbstractRegistrate/REGISTRATE.REGISTER]: Captured registration for entry black_seat of type minecraft:item
[27Jul2026 19:37:44.081] [modloading-worker-0/DEBUG] [com.tterrag.registrate.AbstractRegistrate/REGISTRATE.REGISTER]: Captured registration for entry black_seat of type minecraft:block
[27Jul2026 19:37:44.086] [modloading-worker-0/DEBUG] [com.tterrag.registrate.AbstractRegistrate/REGISTRATE.REGISTER]: Captured registration for entry andesite_door of type minecraft:item
[27Jul2026 19:37:44.086] [modloading-worker-0/DEBUG] [com.tterrag.registrate.AbstractRegistrate/REGISTRATE.REGISTER]: Captured registration for entry andesite_door of type minecraft:block
[27Jul2026 19:37:44.086] [modloading-worker-0/DEBUG] [com.tterrag.registrate.AbstractRegistrate/REGISTRATE.REGISTER]: Captured registration for entry brass_door of type minecraft:item
[27Jul2026 19:37:44.087] [modloading-worker-0/DEBUG] [com.tterrag.registrate.AbstractRegistrate/REGISTRATE.REGISTER]: Captured registration for entry brass_door of type minecraft:block
[27Jul2026 19:37:44.087] [modloading-worker-0/DEBUG] [com.tterrag.registrate.AbstractRegistrate/REGISTRATE.REGISTER]: Captured registration for entry copper_door of type minecraft:item
[27Jul2026 19:37:44.088] [modloading-worker-0/DEBUG] [com.tterrag.registrate.AbstractRegistrate/REGISTRATE.REGISTER]: Captured registration for entry copper_door of type minecraft:block
[27Jul2026 19:37:44.088] [modloading-worker-0/DEBUG] [com.tterrag.registrate.AbstractRegistrate/REGISTRATE.REGISTER]: Captured registration for entry train_door of type minecraft:item
[27Jul2026 19:37:44.088] [modloading-worker-0/DEBUG] [com.tterrag.registrate.AbstractRegistrate/REGISTRATE.REGISTER]: Captured registration for entry train_door of type minecraft:block
[27Jul2026 19:37:44.091] [modloading-worker-0/DEBUG] [com.tterrag.registrate.AbstractRegistrate/REGISTRATE.REGISTER]: Captured registration for entry train_trapdoor of type minecraft:item
[27Jul2026 19:37:44.091] [modloading-worker-0/DEBUG] [com.tterrag.registrate.AbstractRegistrate/REGISTRATE.REGISTER]: Captured registration for entry train_trapdoor of type minecraft:block
[27Jul2026 19:37:44.092] [modloading-worker-0/DEBUG] [com.tterrag.registrate.AbstractRegistrate/REGISTRATE.REGISTER]: Captured registration for entry framed_glass_door of type minecraft:item
[27Jul2026 19:37:44.092] [modloading-worker-0/DEBUG] [com.tterrag.registrate.AbstractRegistrate/REGISTRATE.REGISTER]: Captured registration for entry framed_glass_door of type minecraft:block
[27Jul2026 19:37:44.093] [modloading-worker-0/DEBUG] [com.tterrag.registrate.AbstractRegistrate/REGISTRATE.REGISTER]: Captured registration for entry framed_glass_trapdoor of type minecraft:item
[27Jul2026 19:37:44.095] [modloading-worker-0/DEBUG] [com.tterrag.registrate.AbstractRegistrate/REGISTRATE.REGISTER]: Captured registration for entry framed_glass_trapdoor of type minecraft:block
[27Jul2026 19:37:44.097] [modloading-worker-0/DEBUG] [com.tterrag.registrate.AbstractRegistrate/REGISTRATE.REGISTER]: Captured registration for entry zinc_ore of type minecraft:item
[27Jul2026 19:37:44.097] [modloading-worker-0/DEBUG] [com.tterrag.registrate.AbstractRegistrate/REGISTRATE.REGISTER]: Captured registration for entry zinc_ore of type minecraft:block
[27Jul2026 19:37:44.098] [modloading-worker-0/DEBUG] [com.tterrag.registrate.AbstractRegistrate/REGISTRATE.REGISTER]: Captured registration for entry deepslate_zinc_ore of type minecraft:item
[27Jul2026 19:37:44.098] [modloading-worker-0/DEBUG] [com.tterrag.registrate.AbstractRegistrate/REGISTRATE.REGISTER]: Captured registration for entry deepslate_zinc_ore of type minecraft:block
[27Jul2026 19:37:44.099] [modloading-worker-0/DEBUG] [com.tterrag.registrate.AbstractRegistrate/REGISTRATE.REGISTER]: Captured registration for entry raw_zinc_block of type minecraft:item
[27Jul2026 19:37:44.099] [modloading-worker-0/DEBUG] [com.tterrag.registrate.AbstractRegistrate/REGISTRATE.REGISTER]: Captured registration for entry raw_zinc_block of type minecraft:block
[27Jul2026 19:37:44.100] [modloading-worker-0/DEBUG] [com.tterrag.registrate.AbstractRegistrate/REGISTRATE.REGISTER]: Captured registration for entry zinc_block of type minecraft:item
[27Jul2026 19:37:44.100] [modloading-worker-0/DEBUG] [com.tterrag.registrate.AbstractRegistrate/REGISTRATE.REGISTER]: Captured registration for entry zinc_block of type minecraft:block
[27Jul2026 19:37:44.101] [modloading-worker-0/DEBUG] [com.tterrag.registrate.AbstractRegistrate/REGISTRATE.REGISTER]: Captured registration for entry andesite_alloy_block of type minecraft:item
[27Jul2026 19:37:44.102] [modloading-worker-0/DEBUG] [com.tterrag.registrate.AbstractRegistrate/REGISTRATE.REGISTER]: Captured registration for entry andesite_alloy_block of type minecraft:block
[27Jul2026 19:37:44.103] [modloading-worker-0/DEBUG] [com.tterrag.registrate.AbstractRegistrate/REGISTRATE.REGISTER]: Captured registration for entry industrial_iron_block of type minecraft:item
[27Jul2026 19:37:44.103] [modloading-worker-0/DEBUG] [com.tterrag.registrate.AbstractRegistrate/REGISTRATE.REGISTER]: Captured registration for entry industrial_iron_block of type minecraft:block
[27Jul2026 19:37:44.104] [modloading-worker-0/DEBUG] [com.tterrag.registrate.AbstractRegistrate/REGISTRATE.REGISTER]: Captured registration for entry weathered_iron_block of type minecraft:item
[27Jul2026 19:37:44.104] [modloading-worker-0/DEBUG] [com.tterrag.registrate.AbstractRegistrate/REGISTRATE.REGISTER]: Captured registration for entry weathered_iron_block of type minecraft:block
[27Jul2026 19:37:44.104] [modloading-worker-0/DEBUG] [com.tterrag.registrate.AbstractRegistrate/REGISTRATE.REGISTER]: Captured registration for entry brass_block of type minecraft:item
[27Jul2026 19:37:44.105] [modloading-worker-0/DEBUG] [com.tterrag.registrate.AbstractRegistrate/REGISTRATE.REGISTER]: Captured registration for entry brass_block of type minecraft:block
[27Jul2026 19:37:44.109] [modloading-worker-0/DEBUG] [com.tterrag.registrate.AbstractRegistrate/REGISTRATE.REGISTER]: Captured registration for entry cardboard_block of type minecraft:item
[27Jul2026 19:37:44.109] [modloading-worker-0/DEBUG] [com.tterrag.registrate.AbstractRegistrate/REGISTRATE.REGISTER]: Captured registration for entry cardboard_block of type minecraft:block
[27Jul2026 19:37:44.110] [modloading-worker-0/DEBUG] [com.tterrag.registrate.AbstractRegistrate/REGISTRATE.REGISTER]: Captured registration for entry bound_cardboard_block of type minecraft:item
[27Jul2026 19:37:44.110] [modloading-worker-0/DEBUG] [com.tterrag.registrate.AbstractRegistrate/REGISTRATE.REGISTER]: Captured registration for entry bound_cardboard_block of type minecraft:block
[27Jul2026 19:37:44.113] [modloading-worker-0/DEBUG] [com.tterrag.registrate.AbstractRegistrate/REGISTRATE.REGISTER]: Captured registration for entry experience_block of type minecraft:item
[27Jul2026 19:37:44.113] [modloading-worker-0/DEBUG] [com.tterrag.registrate.AbstractRegistrate/REGISTRATE.REGISTER]: Captured registration for entry experience_block of type minecraft:block
[27Jul2026 19:37:44.114] [modloading-worker-0/DEBUG] [com.tterrag.registrate.AbstractRegistrate/REGISTRATE.REGISTER]: Captured registration for entry rose_quartz_block of type minecraft:item
[27Jul2026 19:37:44.115] [modloading-worker-0/DEBUG] [com.tterrag.registrate.AbstractRegistrate/REGISTRATE.REGISTER]: Captured registration for entry rose_quartz_block of type minecraft:block
[27Jul2026 19:37:44.116] [modloading-worker-0/DEBUG] [com.tterrag.registrate.AbstractRegistrate/REGISTRATE.REGISTER]: Captured registration for entry rose_quartz_tiles of type minecraft:item
[27Jul2026 19:37:44.116] [modloading-worker-0/DEBUG] [com.tterrag.registrate.AbstractRegistrate/REGISTRATE.REGISTER]: Captured registration for entry rose_quartz_tiles of type minecraft:block
[27Jul2026 19:37:44.117] [modloading-worker-0/DEBUG] [com.tterrag.registrate.AbstractRegistrate/REGISTRATE.REGISTER]: Captured registration for entry small_rose_quartz_tiles of type minecraft:item
[27Jul2026 19:37:44.117] [modloading-worker-0/DEBUG] [com.tterrag.registrate.AbstractRegistrate/REGISTRATE.REGISTER]: Captured registration for entry small_rose_quartz_tiles of type minecraft:block
[27Jul2026 19:37:44.130] [modloading-worker-0/DEBUG] [com.tterrag.registrate.AbstractRegistrate/REGISTRATE.REGISTER]: Captured registration for entry copper_shingles of type minecraft:item
[27Jul2026 19:37:44.131] [modloading-worker-0/DEBUG] [com.tterrag.registrate.AbstractRegistrate/REGISTRATE.REGISTER]: Captured registration for entry copper_shingles of type minecraft:block
[27Jul2026 19:37:44.132] [modloading-worker-0/DEBUG] [com.tterrag.registrate.AbstractRegistrate/REGISTRATE.REGISTER]: Captured registration for entry exposed_copper_shingles of type minecraft:item
[27Jul2026 19:37:44.132] [modloading-worker-0/DEBUG] [com.tterrag.registrate.AbstractRegistrate/REGISTRATE.REGISTER]: Captured registration for entry exposed_copper_shingles of type minecraft:block
[27Jul2026 19:37:44.135] [modloading-worker-0/DEBUG] [com.tterrag.registrate.AbstractRegistrate/REGISTRATE.REGISTER]: Captured registration for entry weathered_copper_shingles of type minecraft:item
[27Jul2026 19:37:44.135] [modloading-worker-0/DEBUG] [com.tterrag.registrate.AbstractRegistrate/REGISTRATE.REGISTER]: Captured registration for entry weathered_copper_shingles of type minecraft:block
[27Jul2026 19:37:44.135] [modloading-worker-0/DEBUG] [com.tterrag.registrate.AbstractRegistrate/REGISTRATE.REGISTER]: Captured registration for entry oxidized_copper_shingles of type minecraft:item
[27Jul2026 19:37:44.136] [modloading-worker-0/DEBUG] [com.tterrag.registrate.AbstractRegistrate/REGISTRATE.REGISTER]: Captured registration for entry oxidized_copper_shingles of type minecraft:block
[27Jul2026 19:37:44.136] [modloading-worker-0/DEBUG] [com.tterrag.registrate.AbstractRegistrate/REGISTRATE.REGISTER]: Captured registration for entry copper_shingle_slab of type minecraft:item
[27Jul2026 19:37:44.137] [modloading-worker-0/DEBUG] [com.tterrag.registrate.AbstractRegistrate/REGISTRATE.REGISTER]: Captured registration for entry copper_shingle_slab of type minecraft:block
[27Jul2026 19:37:44.137] [modloading-worker-0/DEBUG] [com.tterrag.registrate.AbstractRegistrate/REGISTRATE.REGISTER]: Captured registration for entry exposed_copper_shingle_slab of type minecraft:item
[27Jul2026 19:37:44.137] [modloading-worker-0/DEBUG] [com.tterrag.registrate.AbstractRegistrate/REGISTRATE.REGISTER]: Captured registration for entry exposed_copper_shingle_slab of type minecraft:block
[27Jul2026 19:37:44.138] [modloading-worker-0/DEBUG] [com.tterrag.registrate.AbstractRegistrate/REGISTRATE.REGISTER]: Captured registration for entry weathered_copper_shingle_slab of type minecraft:item
[27Jul2026 19:37:44.138] [modloading-worker-0/DEBUG] [com.tterrag.registrate.AbstractRegistrate/REGISTRATE.REGISTER]: Captured registration for entry weathered_copper_shingle_slab of type minecraft:block
[27Jul2026 19:37:44.138] [modloading-worker-0/DEBUG] [com.tterrag.registrate.AbstractRegistrate/REGISTRATE.REGISTER]: Captured registration for entry oxidized_copper_shingle_slab of type minecraft:item
[27Jul2026 19:37:44.138] [modloading-worker-0/DEBUG] [com.tterrag.registrate.AbstractRegistrate/REGISTRATE.REGISTER]: Captured registration for entry oxidized_copper_shingle_slab of type minecraft:block
[27Jul2026 19:37:44.139] [modloading-worker-0/DEBUG] [com.tterrag.registrate.AbstractRegistrate/REGISTRATE.REGISTER]: Captured registration for entry copper_shingle_stairs of type minecraft:item
[27Jul2026 19:37:44.140] [modloading-worker-0/DEBUG] [com.tterrag.registrate.AbstractRegistrate/REGISTRATE.REGISTER]: Captured registration for entry copper_shingle_stairs of type minecraft:block
[27Jul2026 19:37:44.140] [modloading-worker-0/DEBUG] [com.tterrag.registrate.AbstractRegistrate/REGISTRATE.REGISTER]: Captured registration for entry exposed_copper_shingle_stairs of type minecraft:item
[27Jul2026 19:37:44.140] [modloading-worker-0/DEBUG] [com.tterrag.registrate.AbstractRegistrate/REGISTRATE.REGISTER]: Captured registration for entry exposed_copper_shingle_stairs of type minecraft:block
[27Jul2026 19:37:44.140] [modloading-worker-0/DEBUG] [com.tterrag.registrate.AbstractRegistrate/REGISTRATE.REGISTER]: Captured registration for entry weathered_copper_shingle_stairs of type minecraft:item
[27Jul2026 19:37:44.141] [modloading-worker-0/DEBUG] [com.tterrag.registrate.AbstractRegistrate/REGISTRATE.REGISTER]: Captured registration for entry weathered_copper_shingle_stairs of type minecraft:block
[27Jul2026 19:37:44.141] [modloading-worker-0/DEBUG] [com.tterrag.registrate.AbstractRegistrate/REGISTRATE.REGISTER]: Captured registration for entry oxidized_copper_shingle_stairs of type minecraft:item
[27Jul2026 19:37:44.141] [modloading-worker-0/DEBUG] [com.tterrag.registrate.AbstractRegistrate/REGISTRATE.REGISTER]: Captured registration for entry oxidized_copper_shingle_stairs of type minecraft:block
[27Jul2026 19:37:44.142] [modloading-worker-0/DEBUG] [com.tterrag.registrate.AbstractRegistrate/REGISTRATE.REGISTER]: Captured registration for entry waxed_copper_shingles of type minecraft:item
[27Jul2026 19:37:44.142] [modloading-worker-0/DEBUG] [com.tterrag.registrate.AbstractRegistrate/REGISTRATE.REGISTER]: Captured registration for entry waxed_copper_shingles of type minecraft:block
[27Jul2026 19:37:44.143] [modloading-worker-0/DEBUG] [com.tterrag.registrate.AbstractRegistrate/REGISTRATE.REGISTER]: Captured registration for entry waxed_exposed_copper_shingles of type minecraft:item
[27Jul2026 19:37:44.144] [modloading-worker-0/DEBUG] [com.tterrag.registrate.AbstractRegistrate/REGISTRATE.REGISTER]: Captured registration for entry waxed_exposed_copper_shingles of type minecraft:block
[27Jul2026 19:37:44.144] [modloading-worker-0/DEBUG] [com.tterrag.registrate.AbstractRegistrate/REGISTRATE.REGISTER]: Captured registration for entry waxed_weathered_copper_shingles of type minecraft:item
[27Jul2026 19:37:44.144] [modloading-worker-0/DEBUG] [com.tterrag.registrate.AbstractRegistrate/REGISTRATE.REGISTER]: Captured registration for entry waxed_weathered_copper_shingles of type minecraft:block
[27Jul2026 19:37:44.145] [modloading-worker-0/DEBUG] [com.tterrag.registrate.AbstractRegistrate/REGISTRATE.REGISTER]: Captured registration for entry waxed_oxidized_copper_shingles of type minecraft:item
[27Jul2026 19:37:44.145] [modloading-worker-0/DEBUG] [com.tterrag.registrate.AbstractRegistrate/REGISTRATE.REGISTER]: Captured registration for entry waxed_oxidized_copper_shingles of type minecraft:block
[27Jul2026 19:37:44.146] [modloading-worker-0/DEBUG] [com.tterrag.registrate.AbstractRegistrate/REGISTRATE.REGISTER]: Captured registration for entry waxed_copper_shingle_slab of type minecraft:item
[27Jul2026 19:37:44.146] [modloading-worker-0/DEBUG] [com.tterrag.registrate.AbstractRegistrate/REGISTRATE.REGISTER]: Captured registration for entry waxed_copper_shingle_slab of type minecraft:block
[27Jul2026 19:37:44.146] [modloading-worker-0/DEBUG] [com.tterrag.registrate.AbstractRegistrate/REGISTRATE.REGISTER]: Captured registration for entry waxed_exposed_copper_shingle_slab of type minecraft:item
[27Jul2026 19:37:44.146] [modloading-worker-0/DEBUG] [com.tterrag.registrate.AbstractRegistrate/REGISTRATE.REGISTER]: Captured registration for entry waxed_exposed_copper_shingle_slab of type minecraft:block
[27Jul2026 19:37:44.147] [modloading-worker-0/DEBUG] [com.tterrag.registrate.AbstractRegistrate/REGISTRATE.REGISTER]: Captured registration for entry waxed_weathered_copper_shingle_slab of type minecraft:item
[27Jul2026 19:37:44.147] [modloading-worker-0/DEBUG] [com.tterrag.registrate.AbstractRegistrate/REGISTRATE.REGISTER]: Captured registration for entry waxed_weathered_copper_shingle_slab of type minecraft:block
[27Jul2026 19:37:44.147] [modloading-worker-0/DEBUG] [com.tterrag.registrate.AbstractRegistrate/REGISTRATE.REGISTER]: Captured registration for entry waxed_oxidized_copper_shingle_slab of type minecraft:item
[27Jul2026 19:37:44.147] [modloading-worker-0/DEBUG] [com.tterrag.registrate.AbstractRegistrate/REGISTRATE.REGISTER]: Captured registration for entry waxed_oxidized_copper_shingle_slab of type minecraft:block
[27Jul2026 19:37:44.148] [modloading-worker-0/DEBUG] [com.tterrag.registrate.AbstractRegistrate/REGISTRATE.REGISTER]: Captured registration for entry waxed_copper_shingle_stairs of type minecraft:item
[27Jul2026 19:37:44.148] [modloading-worker-0/DEBUG] [com.tterrag.registrate.AbstractRegistrate/REGISTRATE.REGISTER]: Captured registration for entry waxed_copper_shingle_stairs of type minecraft:block
[27Jul2026 19:37:44.148] [modloading-worker-0/DEBUG] [com.tterrag.registrate.AbstractRegistrate/REGISTRATE.REGISTER]: Captured registration for entry waxed_exposed_copper_shingle_stairs of type minecraft:item
[27Jul2026 19:37:44.148] [modloading-worker-0/DEBUG] [com.tterrag.registrate.AbstractRegistrate/REGISTRATE.REGISTER]: Captured registration for entry waxed_exposed_copper_shingle_stairs of type minecraft:block
[27Jul2026 19:37:44.149] [modloading-worker-0/DEBUG] [com.tterrag.registrate.AbstractRegistrate/REGISTRATE.REGISTER]: Captured registration for entry waxed_weathered_copper_shingle_stairs of type minecraft:item
[27Jul2026 19:37:44.149] [modloading-worker-0/DEBUG] [com.tterrag.registrate.AbstractRegistrate/REGISTRATE.REGISTER]: Captured registration for entry waxed_weathered_copper_shingle_stairs of type minecraft:block
[27Jul2026 19:37:44.149] [modloading-worker-0/DEBUG] [com.tterrag.registrate.AbstractRegistrate/REGISTRATE.REGISTER]: Captured registration for entry waxed_oxidized_copper_shingle_stairs of type minecraft:item
[27Jul2026 19:37:44.149] [modloading-worker-0/DEBUG] [com.tterrag.registrate.AbstractRegistrate/REGISTRATE.REGISTER]: Captured registration for entry waxed_oxidized_copper_shingle_stairs of type minecraft:block
[27Jul2026 19:37:44.150] [modloading-worker-0/DEBUG] [com.tterrag.registrate.AbstractRegistrate/REGISTRATE.REGISTER]: Captured registration for entry copper_tiles of type minecraft:item
[27Jul2026 19:37:44.151] [modloading-worker-0/DEBUG] [com.tterrag.registrate.AbstractRegistrate/REGISTRATE.REGISTER]: Captured registration for entry copper_tiles of type minecraft:block
[27Jul2026 19:37:44.151] [modloading-worker-0/DEBUG] [com.tterrag.registrate.AbstractRegistrate/REGISTRATE.REGISTER]: Captured registration for entry exposed_copper_tiles of type minecraft:item
[27Jul2026 19:37:44.151] [modloading-worker-0/DEBUG] [com.tterrag.registrate.AbstractRegistrate/REGISTRATE.REGISTER]: Captured registration for entry exposed_copper_tiles of type minecraft:block
[27Jul2026 19:37:44.151] [modloading-worker-0/DEBUG] [com.tterrag.registrate.AbstractRegistrate/REGISTRATE.REGISTER]: Captured registration for entry weathered_copper_tiles of type minecraft:item
[27Jul2026 19:37:44.151] [modloading-worker-0/DEBUG] [com.tterrag.registrate.AbstractRegistrate/REGISTRATE.REGISTER]: Captured registration for entry weathered_copper_tiles of type minecraft:block
[27Jul2026 19:37:44.152] [modloading-worker-0/DEBUG] [com.tterrag.registrate.AbstractRegistrate/REGISTRATE.REGISTER]: Captured registration for entry oxidized_copper_tiles of type minecraft:item
[27Jul2026 19:37:44.152] [modloading-worker-0/DEBUG] [com.tterrag.registrate.AbstractRegistrate/REGISTRATE.REGISTER]: Captured registration for entry oxidized_copper_tiles of type minecraft:block
[27Jul2026 19:37:44.152] [modloading-worker-0/DEBUG] [com.tterrag.registrate.AbstractRegistrate/REGISTRATE.REGISTER]: Captured registration for entry copper_tile_slab of type minecraft:item
[27Jul2026 19:37:44.152] [modloading-worker-0/DEBUG] [com.tterrag.registrate.AbstractRegistrate/REGISTRATE.REGISTER]: Captured registration for entry copper_tile_slab of type minecraft:block
[27Jul2026 19:37:44.152] [modloading-worker-0/DEBUG] [com.tterrag.registrate.AbstractRegistrate/REGISTRATE.REGISTER]: Captured registration for entry exposed_copper_tile_slab of type minecraft:item
[27Jul2026 19:37:44.153] [modloading-worker-0/DEBUG] [com.tterrag.registrate.AbstractRegistrate/REGISTRATE.REGISTER]: Captured registration for entry exposed_copper_tile_slab of type minecraft:block
[27Jul2026 19:37:44.153] [modloading-worker-0/DEBUG] [com.tterrag.registrate.AbstractRegistrate/REGISTRATE.REGISTER]: Captured registration for entry weathered_copper_tile_slab of type minecraft:item
[27Jul2026 19:37:44.153] [modloading-worker-0/DEBUG] [com.tterrag.registrate.AbstractRegistrate/REGISTRATE.REGISTER]: Captured registration for entry weathered_copper_tile_slab of type minecraft:block
[27Jul2026 19:37:44.153] [modloading-worker-0/DEBUG] [com.tterrag.registrate.AbstractRegistrate/REGISTRATE.REGISTER]: Captured registration for entry oxidized_copper_tile_slab of type minecraft:item
[27Jul2026 19:37:44.153] [modloading-worker-0/DEBUG] [com.tterrag.registrate.AbstractRegistrate/REGISTRATE.REGISTER]: Captured registration for entry oxidized_copper_tile_slab of type minecraft:block
[27Jul2026 19:37:44.154] [modloading-worker-0/DEBUG] [com.tterrag.registrate.AbstractRegistrate/REGISTRATE.REGISTER]: Captured registration for entry copper_tile_stairs of type minecraft:item
[27Jul2026 19:37:44.154] [modloading-worker-0/DEBUG] [com.tterrag.registrate.AbstractRegistrate/REGISTRATE.REGISTER]: Captured registration for entry copper_tile_stairs of type minecraft:block
[27Jul2026 19:37:44.154] [modloading-worker-0/DEBUG] [com.tterrag.registrate.AbstractRegistrate/REGISTRATE.REGISTER]: Captured registration for entry exposed_copper_tile_stairs of type minecraft:item
[27Jul2026 19:37:44.154] [modloading-worker-0/DEBUG] [com.tterrag.registrate.AbstractRegistrate/REGISTRATE.REGISTER]: Captured registration for entry exposed_copper_tile_stairs of type minecraft:block
[27Jul2026 19:37:44.154] [modloading-worker-0/DEBUG] [com.tterrag.registrate.AbstractRegistrate/REGISTRATE.REGISTER]: Captured registration for entry weathered_copper_tile_stairs of type minecraft:item
[27Jul2026 19:37:44.154] [modloading-worker-0/DEBUG] [com.tterrag.registrate.AbstractRegistrate/REGISTRATE.REGISTER]: Captured registration for entry weathered_copper_tile_stairs of type minecraft:block
[27Jul2026 19:37:44.155] [modloading-worker-0/DEBUG] [com.tterrag.registrate.AbstractRegistrate/REGISTRATE.REGISTER]: Captured registration for entry oxidized_copper_tile_stairs of type minecraft:item
[27Jul2026 19:37:44.155] [modloading-worker-0/DEBUG] [com.tterrag.registrate.AbstractRegistrate/REGISTRATE.REGISTER]: Captured registration for entry oxidized_copper_tile_stairs of type minecraft:block
[27Jul2026 19:37:44.155] [modloading-worker-0/DEBUG] [com.tterrag.registrate.AbstractRegistrate/REGISTRATE.REGISTER]: Captured registration for entry waxed_copper_tiles of type minecraft:item
[27Jul2026 19:37:44.155] [modloading-worker-0/DEBUG] [com.tterrag.registrate.AbstractRegistrate/REGISTRATE.REGISTER]: Captured registration for entry waxed_copper_tiles of type minecraft:block
[27Jul2026 19:37:44.155] [modloading-worker-0/DEBUG] [com.tterrag.registrate.AbstractRegistrate/REGISTRATE.REGISTER]: Captured registration for entry waxed_exposed_copper_tiles of type minecraft:item
[27Jul2026 19:37:44.155] [modloading-worker-0/DEBUG] [com.tterrag.registrate.AbstractRegistrate/REGISTRATE.REGISTER]: Captured registration for entry waxed_exposed_copper_tiles of type minecraft:block
[27Jul2026 19:37:44.156] [modloading-worker-0/DEBUG] [com.tterrag.registrate.AbstractRegistrate/REGISTRATE.REGISTER]: Captured registration for entry waxed_weathered_copper_tiles of type minecraft:item
[27Jul2026 19:37:44.156] [modloading-worker-0/DEBUG] [com.tterrag.registrate.AbstractRegistrate/REGISTRATE.REGISTER]: Captured registration for entry waxed_weathered_copper_tiles of type minecraft:block
[27Jul2026 19:37:44.156] [modloading-worker-0/DEBUG] [com.tterrag.registrate.AbstractRegistrate/REGISTRATE.REGISTER]: Captured registration for entry waxed_oxidized_copper_tiles of type minecraft:item
[27Jul2026 19:37:44.156] [modloading-worker-0/DEBUG] [com.tterrag.registrate.AbstractRegistrate/REGISTRATE.REGISTER]: Captured registration for entry waxed_oxidized_copper_tiles of type minecraft:block
[27Jul2026 19:37:44.156] [modloading-worker-0/DEBUG] [com.tterrag.registrate.AbstractRegistrate/REGISTRATE.REGISTER]: Captured registration for entry waxed_copper_tile_slab of type minecraft:item
[27Jul2026 19:37:44.156] [modloading-worker-0/DEBUG] [com.tterrag.registrate.AbstractRegistrate/REGISTRATE.REGISTER]: Captured registration for entry waxed_copper_tile_slab of type minecraft:block
[27Jul2026 19:37:44.156] [modloading-worker-0/DEBUG] [com.tterrag.registrate.AbstractRegistrate/REGISTRATE.REGISTER]: Captured registration for entry waxed_exposed_copper_tile_slab of type minecraft:item
[27Jul2026 19:37:44.159] [modloading-worker-0/DEBUG] [com.tterrag.registrate.AbstractRegistrate/REGISTRATE.REGISTER]: Captured registration for entry waxed_exposed_copper_tile_slab of type minecraft:block
[27Jul2026 19:37:44.159] [modloading-worker-0/DEBUG] [com.tterrag.registrate.AbstractRegistrate/REGISTRATE.REGISTER]: Captured registration for entry waxed_weathered_copper_tile_slab of type minecraft:item
[27Jul2026 19:37:44.159] [modloading-worker-0/DEBUG] [com.tterrag.registrate.AbstractRegistrate/REGISTRATE.REGISTER]: Captured registration for entry waxed_weathered_copper_tile_slab of type minecraft:block
[27Jul2026 19:37:44.159] [modloading-worker-0/DEBUG] [com.tterrag.registrate.AbstractRegistrate/REGISTRATE.REGISTER]: Captured registration for entry waxed_oxidized_copper_tile_slab of type minecraft:item
[27Jul2026 19:37:44.160] [modloading-worker-0/DEBUG] [com.tterrag.registrate.AbstractRegistrate/REGISTRATE.REGISTER]: Captured registration for entry waxed_oxidized_copper_tile_slab of type minecraft:block
[27Jul2026 19:37:44.160] [modloading-worker-0/DEBUG] [com.tterrag.registrate.AbstractRegistrate/REGISTRATE.REGISTER]: Captured registration for entry waxed_copper_tile_stairs of type minecraft:item
[27Jul2026 19:37:44.160] [modloading-worker-0/DEBUG] [com.tterrag.registrate.AbstractRegistrate/REGISTRATE.REGISTER]: Captured registration for entry waxed_copper_tile_stairs of type minecraft:block
[27Jul2026 19:37:44.160] [modloading-worker-0/DEBUG] [com.tterrag.registrate.AbstractRegistrate/REGISTRATE.REGISTER]: Captured registration for entry waxed_exposed_copper_tile_stairs of type minecraft:item
[27Jul2026 19:37:44.160] [modloading-worker-0/DEBUG] [com.tterrag.registrate.AbstractRegistrate/REGISTRATE.REGISTER]: Captured registration for entry waxed_exposed_copper_tile_stairs of type minecraft:block
[27Jul2026 19:37:44.160] [modloading-worker-0/DEBUG] [com.tterrag.registrate.AbstractRegistrate/REGISTRATE.REGISTER]: Captured registration for entry waxed_weathered_copper_tile_stairs of type minecraft:item
[27Jul2026 19:37:44.161] [modloading-worker-0/DEBUG] [com.tterrag.registrate.AbstractRegistrate/REGISTRATE.REGISTER]: Captured registration for entry waxed_weathered_copper_tile_stairs of type minecraft:block
[27Jul2026 19:37:44.161] [modloading-worker-0/DEBUG] [com.tterrag.registrate.AbstractRegistrate/REGISTRATE.REGISTER]: Captured registration for entry waxed_oxidized_copper_tile_stairs of type minecraft:item
[27Jul2026 19:37:44.161] [modloading-worker-0/DEBUG] [com.tterrag.registrate.AbstractRegistrate/REGISTRATE.REGISTER]: Captured registration for entry waxed_oxidized_copper_tile_stairs of type minecraft:block
[27Jul2026 19:37:44.185] [modloading-worker-0/DEBUG] [com.tterrag.registrate.AbstractRegistrate/REGISTRATE.REGISTER]: Captured registration for entry potion of type forge:fluid_type
[27Jul2026 19:37:44.186] [modloading-worker-0/DEBUG] [com.tterrag.registrate.AbstractRegistrate/REGISTRATE.REGISTER]: Captured registration for entry potion of type minecraft:fluid
[27Jul2026 19:37:44.187] [modloading-worker-0/DEBUG] [com.tterrag.registrate.AbstractRegistrate/REGISTRATE.REGISTER]: Captured registration for entry flowing_potion of type minecraft:fluid
[27Jul2026 19:37:44.191] [modloading-worker-0/DEBUG] [com.tterrag.registrate.AbstractRegistrate/REGISTRATE.REGISTER]: Captured registration for entry tea of type forge:fluid_type
[27Jul2026 19:37:44.191] [modloading-worker-0/DEBUG] [com.tterrag.registrate.AbstractRegistrate/REGISTRATE.REGISTER]: Captured registration for entry tea of type minecraft:fluid
[27Jul2026 19:37:44.192] [modloading-worker-0/DEBUG] [com.tterrag.registrate.AbstractRegistrate/REGISTRATE.REGISTER]: Captured registration for entry flowing_tea of type minecraft:fluid
[27Jul2026 19:37:44.201] [modloading-worker-0/DEBUG] [com.tterrag.registrate.AbstractRegistrate/REGISTRATE.REGISTER]: Captured registration for entry honey of type minecraft:block
[27Jul2026 19:37:44.202] [modloading-worker-0/DEBUG] [com.tterrag.registrate.AbstractRegistrate/REGISTRATE.REGISTER]: Captured registration for entry honey_bucket of type minecraft:item
[27Jul2026 19:37:44.203] [modloading-worker-0/DEBUG] [com.tterrag.registrate.AbstractRegistrate/REGISTRATE.REGISTER]: Captured registration for entry honey of type forge:fluid_type
[27Jul2026 19:37:44.203] [modloading-worker-0/DEBUG] [com.tterrag.registrate.AbstractRegistrate/REGISTRATE.REGISTER]: Captured registration for entry honey of type minecraft:fluid
[27Jul2026 19:37:44.203] [modloading-worker-0/DEBUG] [com.tterrag.registrate.AbstractRegistrate/REGISTRATE.REGISTER]: Captured registration for entry flowing_honey of type minecraft:fluid
[27Jul2026 19:37:44.207] [modloading-worker-0/DEBUG] [com.tterrag.registrate.AbstractRegistrate/REGISTRATE.REGISTER]: Captured registration for entry chocolate of type minecraft:block
[27Jul2026 19:37:44.207] [modloading-worker-0/DEBUG] [com.tterrag.registrate.AbstractRegistrate/REGISTRATE.REGISTER]: Captured registration for entry chocolate_bucket of type minecraft:item
[27Jul2026 19:37:44.208] [modloading-worker-0/DEBUG] [com.tterrag.registrate.AbstractRegistrate/REGISTRATE.REGISTER]: Captured registration for entry chocolate of type forge:fluid_type
[27Jul2026 19:37:44.208] [modloading-worker-0/DEBUG] [com.tterrag.registrate.AbstractRegistrate/REGISTRATE.REGISTER]: Captured registration for entry chocolate of type minecraft:fluid
[27Jul2026 19:37:44.208] [modloading-worker-0/DEBUG] [com.tterrag.registrate.AbstractRegistrate/REGISTRATE.REGISTER]: Captured registration for entry flowing_chocolate of type minecraft:fluid
[27Jul2026 19:37:44.220] [modloading-worker-0/DEBUG] [com.tterrag.registrate.AbstractRegistrate/REGISTRATE.REGISTER]: Captured registration for entry tiled_glass of type minecraft:item
[27Jul2026 19:37:44.221] [modloading-worker-0/DEBUG] [com.tterrag.registrate.AbstractRegistrate/REGISTRATE.REGISTER]: Captured registration for entry tiled_glass of type minecraft:block
[27Jul2026 19:37:44.230] [modloading-worker-0/DEBUG] [com.tterrag.registrate.AbstractRegistrate/REGISTRATE.REGISTER]: Captured registration for entry framed_glass of type minecraft:item
[27Jul2026 19:37:44.231] [modloading-worker-0/DEBUG] [com.tterrag.registrate.AbstractRegistrate/REGISTRATE.REGISTER]: Captured registration for entry framed_glass of type minecraft:block
[27Jul2026 19:37:44.231] [modloading-worker-0/DEBUG] [com.tterrag.registrate.AbstractRegistrate/REGISTRATE.REGISTER]: Captured registration for entry horizontal_framed_glass of type minecraft:item
[27Jul2026 19:37:44.232] [modloading-worker-0/DEBUG] [com.tterrag.registrate.AbstractRegistrate/REGISTRATE.REGISTER]: Captured registration for entry horizontal_framed_glass of type minecraft:block
[27Jul2026 19:37:44.232] [modloading-worker-0/DEBUG] [com.tterrag.registrate.AbstractRegistrate/REGISTRATE.REGISTER]: Captured registration for entry vertical_framed_glass of type minecraft:item
[27Jul2026 19:37:44.232] [modloading-worker-0/DEBUG] [com.tterrag.registrate.AbstractRegistrate/REGISTRATE.REGISTER]: Captured registration for entry vertical_framed_glass of type minecraft:block
[27Jul2026 19:37:44.236] [modloading-worker-0/DEBUG] [com.tterrag.registrate.AbstractRegistrate/REGISTRATE.REGISTER]: Captured registration for entry tiled_glass_pane of type minecraft:item
[27Jul2026 19:37:44.236] [modloading-worker-0/DEBUG] [com.tterrag.registrate.AbstractRegistrate/REGISTRATE.REGISTER]: Captured registration for entry tiled_glass_pane of type minecraft:block
[27Jul2026 19:37:44.238] [modloading-worker-0/DEBUG] [com.tterrag.registrate.AbstractRegistrate/REGISTRATE.REGISTER]: Captured registration for entry framed_glass_pane of type minecraft:item
[27Jul2026 19:37:44.239] [modloading-worker-0/DEBUG] [com.tterrag.registrate.AbstractRegistrate/REGISTRATE.REGISTER]: Captured registration for entry framed_glass_pane of type minecraft:block
[27Jul2026 19:37:44.239] [modloading-worker-0/DEBUG] [com.tterrag.registrate.AbstractRegistrate/REGISTRATE.REGISTER]: Captured registration for entry horizontal_framed_glass_pane of type minecraft:item
[27Jul2026 19:37:44.239] [modloading-worker-0/DEBUG] [com.tterrag.registrate.AbstractRegistrate/REGISTRATE.REGISTER]: Captured registration for entry horizontal_framed_glass_pane of type minecraft:block
[27Jul2026 19:37:44.240] [modloading-worker-0/DEBUG] [com.tterrag.registrate.AbstractRegistrate/REGISTRATE.REGISTER]: Captured registration for entry vertical_framed_glass_pane of type minecraft:item
[27Jul2026 19:37:44.240] [modloading-worker-0/DEBUG] [com.tterrag.registrate.AbstractRegistrate/REGISTRATE.REGISTER]: Captured registration for entry vertical_framed_glass_pane of type minecraft:block
[27Jul2026 19:37:44.244] [modloading-worker-0/DEBUG] [com.tterrag.registrate.AbstractRegistrate/REGISTRATE.REGISTER]: Captured registration for entry oak_window of type minecraft:item
[27Jul2026 19:37:44.244] [modloading-worker-0/DEBUG] [com.tterrag.registrate.AbstractRegistrate/REGISTRATE.REGISTER]: Captured registration for entry oak_window of type minecraft:block
[27Jul2026 19:37:44.244] [modloading-worker-0/DEBUG] [com.tterrag.registrate.AbstractRegistrate/REGISTRATE.REGISTER]: Captured registration for entry spruce_window of type minecraft:item
[27Jul2026 19:37:44.245] [modloading-worker-0/DEBUG] [com.tterrag.registrate.AbstractRegistrate/REGISTRATE.REGISTER]: Captured registration for entry spruce_window of type minecraft:block
[27Jul2026 19:37:44.246] [modloading-worker-0/DEBUG] [com.tterrag.registrate.AbstractRegistrate/REGISTRATE.REGISTER]: Captured registration for entry birch_window of type minecraft:item
[27Jul2026 19:37:44.246] [modloading-worker-0/DEBUG] [com.tterrag.registrate.AbstractRegistrate/REGISTRATE.REGISTER]: Captured registration for entry birch_window of type minecraft:block
[27Jul2026 19:37:44.246] [modloading-worker-0/DEBUG] [com.tterrag.registrate.AbstractRegistrate/REGISTRATE.REGISTER]: Captured registration for entry jungle_window of type minecraft:item
[27Jul2026 19:37:44.246] [modloading-worker-0/DEBUG] [com.tterrag.registrate.AbstractRegistrate/REGISTRATE.REGISTER]: Captured registration for entry jungle_window of type minecraft:block
[27Jul2026 19:37:44.246] [modloading-worker-0/DEBUG] [com.tterrag.registrate.AbstractRegistrate/REGISTRATE.REGISTER]: Captured registration for entry acacia_window of type minecraft:item
[27Jul2026 19:37:44.247] [modloading-worker-0/DEBUG] [com.tterrag.registrate.AbstractRegistrate/REGISTRATE.REGISTER]: Captured registration for entry acacia_window of type minecraft:block
[27Jul2026 19:37:44.247] [modloading-worker-0/DEBUG] [com.tterrag.registrate.AbstractRegistrate/REGISTRATE.REGISTER]: Captured registration for entry dark_oak_window of type minecraft:item
[27Jul2026 19:37:44.247] [modloading-worker-0/DEBUG] [com.tterrag.registrate.AbstractRegistrate/REGISTRATE.REGISTER]: Captured registration for entry dark_oak_window of type minecraft:block
[27Jul2026 19:37:44.247] [modloading-worker-0/DEBUG] [com.tterrag.registrate.AbstractRegistrate/REGISTRATE.REGISTER]: Captured registration for entry mangrove_window of type minecraft:item
[27Jul2026 19:37:44.247] [modloading-worker-0/DEBUG] [com.tterrag.registrate.AbstractRegistrate/REGISTRATE.REGISTER]: Captured registration for entry mangrove_window of type minecraft:block
[27Jul2026 19:37:44.247] [modloading-worker-0/DEBUG] [com.tterrag.registrate.AbstractRegistrate/REGISTRATE.REGISTER]: Captured registration for entry crimson_window of type minecraft:item
[27Jul2026 19:37:44.247] [modloading-worker-0/DEBUG] [com.tterrag.registrate.AbstractRegistrate/REGISTRATE.REGISTER]: Captured registration for entry crimson_window of type minecraft:block
[27Jul2026 19:37:44.248] [modloading-worker-0/DEBUG] [com.tterrag.registrate.AbstractRegistrate/REGISTRATE.REGISTER]: Captured registration for entry warped_window of type minecraft:item
[27Jul2026 19:37:44.248] [modloading-worker-0/DEBUG] [com.tterrag.registrate.AbstractRegistrate/REGISTRATE.REGISTER]: Captured registration for entry warped_window of type minecraft:block
[27Jul2026 19:37:44.248] [modloading-worker-0/DEBUG] [com.tterrag.registrate.AbstractRegistrate/REGISTRATE.REGISTER]: Captured registration for entry cherry_window of type minecraft:item
[27Jul2026 19:37:44.248] [modloading-worker-0/DEBUG] [com.tterrag.registrate.AbstractRegistrate/REGISTRATE.REGISTER]: Captured registration for entry cherry_window of type minecraft:block
[27Jul2026 19:37:44.248] [modloading-worker-0/DEBUG] [com.tterrag.registrate.AbstractRegistrate/REGISTRATE.REGISTER]: Captured registration for entry bamboo_window of type minecraft:item
[27Jul2026 19:37:44.248] [modloading-worker-0/DEBUG] [com.tterrag.registrate.AbstractRegistrate/REGISTRATE.REGISTER]: Captured registration for entry bamboo_window of type minecraft:block
[27Jul2026 19:37:44.252] [modloading-worker-0/DEBUG] [com.tterrag.registrate.AbstractRegistrate/REGISTRATE.REGISTER]: Captured registration for entry ornate_iron_window of type minecraft:item
[27Jul2026 19:37:44.253] [modloading-worker-0/DEBUG] [com.tterrag.registrate.AbstractRegistrate/REGISTRATE.REGISTER]: Captured registration for entry ornate_iron_window of type minecraft:block
[27Jul2026 19:37:44.254] [modloading-worker-0/DEBUG] [com.tterrag.registrate.AbstractRegistrate/REGISTRATE.REGISTER]: Captured registration for entry industrial_iron_window of type minecraft:item
[27Jul2026 19:37:44.254] [modloading-worker-0/DEBUG] [com.tterrag.registrate.AbstractRegistrate/REGISTRATE.REGISTER]: Captured registration for entry industrial_iron_window of type minecraft:block
[27Jul2026 19:37:44.257] [modloading-worker-0/DEBUG] [com.tterrag.registrate.AbstractRegistrate/REGISTRATE.REGISTER]: Captured registration for entry weathered_iron_window of type minecraft:item
[27Jul2026 19:37:44.258] [modloading-worker-0/DEBUG] [com.tterrag.registrate.AbstractRegistrate/REGISTRATE.REGISTER]: Captured registration for entry weathered_iron_window of type minecraft:item
[27Jul2026 19:37:44.258] [modloading-worker-0/DEBUG] [com.tterrag.registrate.AbstractRegistrate/REGISTRATE.REGISTER]: Captured registration for entry weathered_iron_window of type minecraft:block
[27Jul2026 19:37:44.259] [modloading-worker-0/DEBUG] [com.tterrag.registrate.AbstractRegistrate/REGISTRATE.REGISTER]: Captured registration for entry oak_window_pane of type minecraft:item
[27Jul2026 19:37:44.259] [modloading-worker-0/DEBUG] [com.tterrag.registrate.AbstractRegistrate/REGISTRATE.REGISTER]: Captured registration for entry oak_window_pane of type minecraft:block
[27Jul2026 19:37:44.260] [modloading-worker-0/DEBUG] [com.tterrag.registrate.AbstractRegistrate/REGISTRATE.REGISTER]: Captured registration for entry spruce_window_pane of type minecraft:item
[27Jul2026 19:37:44.260] [modloading-worker-0/DEBUG] [com.tterrag.registrate.AbstractRegistrate/REGISTRATE.REGISTER]: Captured registration for entry spruce_window_pane of type minecraft:block
[27Jul2026 19:37:44.260] [modloading-worker-0/DEBUG] [com.tterrag.registrate.AbstractRegistrate/REGISTRATE.REGISTER]: Captured registration for entry birch_window_pane of type minecraft:item
[27Jul2026 19:37:44.261] [modloading-worker-0/DEBUG] [com.tterrag.registrate.AbstractRegistrate/REGISTRATE.REGISTER]: Captured registration for entry birch_window_pane of type minecraft:block
[27Jul2026 19:37:44.261] [modloading-worker-0/DEBUG] [com.tterrag.registrate.AbstractRegistrate/REGISTRATE.REGISTER]: Captured registration for entry jungle_window_pane of type minecraft:item
[27Jul2026 19:37:44.261] [modloading-worker-0/DEBUG] [com.tterrag.registrate.AbstractRegistrate/REGISTRATE.REGISTER]: Captured registration for entry jungle_window_pane of type minecraft:block
[27Jul2026 19:37:44.261] [modloading-worker-0/DEBUG] [com.tterrag.registrate.AbstractRegistrate/REGISTRATE.REGISTER]: Captured registration for entry acacia_window_pane of type minecraft:item
[27Jul2026 19:37:44.262] [modloading-worker-0/DEBUG] [com.tterrag.registrate.AbstractRegistrate/REGISTRATE.REGISTER]: Captured registration for entry acacia_window_pane of type minecraft:block
[27Jul2026 19:37:44.262] [modloading-worker-0/DEBUG] [com.tterrag.registrate.AbstractRegistrate/REGISTRATE.REGISTER]: Captured registration for entry dark_oak_window_pane of type minecraft:item
[27Jul2026 19:37:44.262] [modloading-worker-0/DEBUG] [com.tterrag.registrate.AbstractRegistrate/REGISTRATE.REGISTER]: Captured registration for entry dark_oak_window_pane of type minecraft:block
[27Jul2026 19:37:44.262] [modloading-worker-0/DEBUG] [com.tterrag.registrate.AbstractRegistrate/REGISTRATE.REGISTER]: Captured registration for entry mangrove_window_pane of type minecraft:item
[27Jul2026 19:37:44.262] [modloading-worker-0/DEBUG] [com.tterrag.registrate.AbstractRegistrate/REGISTRATE.REGISTER]: Captured registration for entry mangrove_window_pane of type minecraft:block
[27Jul2026 19:37:44.262] [modloading-worker-0/DEBUG] [com.tterrag.registrate.AbstractRegistrate/REGISTRATE.REGISTER]: Captured registration for entry crimson_window_pane of type minecraft:item
[27Jul2026 19:37:44.262] [modloading-worker-0/DEBUG] [com.tterrag.registrate.AbstractRegistrate/REGISTRATE.REGISTER]: Captured registration for entry crimson_window_pane of type minecraft:block
[27Jul2026 19:37:44.263] [modloading-worker-0/DEBUG] [com.tterrag.registrate.AbstractRegistrate/REGISTRATE.REGISTER]: Captured registration for entry warped_window_pane of type minecraft:item
[27Jul2026 19:37:44.263] [modloading-worker-0/DEBUG] [com.tterrag.registrate.AbstractRegistrate/REGISTRATE.REGISTER]: Captured registration for entry warped_window_pane of type minecraft:block
[27Jul2026 19:37:44.263] [modloading-worker-0/DEBUG] [com.tterrag.registrate.AbstractRegistrate/REGISTRATE.REGISTER]: Captured registration for entry cherry_window_pane of type minecraft:item
[27Jul2026 19:37:44.263] [modloading-worker-0/DEBUG] [com.tterrag.registrate.AbstractRegistrate/REGISTRATE.REGISTER]: Captured registration for entry cherry_window_pane of type minecraft:block
[27Jul2026 19:37:44.263] [modloading-worker-0/DEBUG] [com.tterrag.registrate.AbstractRegistrate/REGISTRATE.REGISTER]: Captured registration for entry bamboo_window_pane of type minecraft:item
[27Jul2026 19:37:44.263] [modloading-worker-0/DEBUG] [com.tterrag.registrate.AbstractRegistrate/REGISTRATE.REGISTER]: Captured registration for entry bamboo_window_pane of type minecraft:block
[27Jul2026 19:37:44.264] [modloading-worker-0/DEBUG] [com.tterrag.registrate.AbstractRegistrate/REGISTRATE.REGISTER]: Captured registration for entry ornate_iron_window_pane of type minecraft:item
[27Jul2026 19:37:44.264] [modloading-worker-0/DEBUG] [com.tterrag.registrate.AbstractRegistrate/REGISTRATE.REGISTER]: Captured registration for entry ornate_iron_window_pane of type minecraft:block
[27Jul2026 19:37:44.265] [modloading-worker-0/DEBUG] [com.tterrag.registrate.AbstractRegistrate/REGISTRATE.REGISTER]: Captured registration for entry industrial_iron_window_pane of type minecraft:item
[27Jul2026 19:37:44.265] [modloading-worker-0/DEBUG] [com.tterrag.registrate.AbstractRegistrate/REGISTRATE.REGISTER]: Captured registration for entry industrial_iron_window_pane of type minecraft:block
[27Jul2026 19:37:44.266] [modloading-worker-0/DEBUG] [com.tterrag.registrate.AbstractRegistrate/REGISTRATE.REGISTER]: Captured registration for entry weathered_iron_window_pane of type minecraft:item
[27Jul2026 19:37:44.266] [modloading-worker-0/DEBUG] [com.tterrag.registrate.AbstractRegistrate/REGISTRATE.REGISTER]: Captured registration for entry weathered_iron_window_pane of type minecraft:block
[27Jul2026 19:37:44.319] [modloading-worker-0/DEBUG] [com.tterrag.registrate.AbstractRegistrate/REGISTRATE.REGISTER]: Captured registration for entry cut_granite of type minecraft:item
[27Jul2026 19:37:44.320] [modloading-worker-0/DEBUG] [com.tterrag.registrate.AbstractRegistrate/REGISTRATE.REGISTER]: Captured registration for entry cut_granite of type minecraft:block
[27Jul2026 19:37:44.323] [modloading-worker-0/DEBUG] [com.tterrag.registrate.AbstractRegistrate/REGISTRATE.REGISTER]: Captured registration for entry cut_granite_stairs of type minecraft:item
[27Jul2026 19:37:44.323] [modloading-worker-0/DEBUG] [com.tterrag.registrate.AbstractRegistrate/REGISTRATE.REGISTER]: Captured registration for entry cut_granite_stairs of type minecraft:block
[27Jul2026 19:37:44.324] [modloading-worker-0/DEBUG] [com.tterrag.registrate.AbstractRegistrate/REGISTRATE.REGISTER]: Captured registration for entry cut_granite_slab of type minecraft:item
[27Jul2026 19:37:44.324] [modloading-worker-0/DEBUG] [com.tterrag.registrate.AbstractRegistrate/REGISTRATE.REGISTER]: Captured registration for entry cut_granite_slab of type minecraft:block
[27Jul2026 19:37:44.325] [modloading-worker-0/DEBUG] [com.tterrag.registrate.AbstractRegistrate/REGISTRATE.REGISTER]: Captured registration for entry cut_granite_wall of type minecraft:item
[27Jul2026 19:37:44.325] [modloading-worker-0/DEBUG] [com.tterrag.registrate.AbstractRegistrate/REGISTRATE.REGISTER]: Captured registration for entry cut_granite_wall of type minecraft:block
[27Jul2026 19:37:44.325] [modloading-worker-0/DEBUG] [com.tterrag.registrate.AbstractRegistrate/REGISTRATE.REGISTER]: Captured registration for entry polished_cut_granite of type minecraft:item
[27Jul2026 19:37:44.325] [modloading-worker-0/DEBUG] [com.tterrag.registrate.AbstractRegistrate/REGISTRATE.REGISTER]: Captured registration for entry polished_cut_granite of type minecraft:block
[27Jul2026 19:37:44.325] [modloading-worker-0/DEBUG] [com.tterrag.registrate.AbstractRegistrate/REGISTRATE.REGISTER]: Captured registration for entry polished_cut_granite_stairs of type minecraft:item
[27Jul2026 19:37:44.325] [modloading-worker-0/DEBUG] [com.tterrag.registrate.AbstractRegistrate/REGISTRATE.REGISTER]: Captured registration for entry polished_cut_granite_stairs of type minecraft:block
[27Jul2026 19:37:44.326] [modloading-worker-0/DEBUG] [com.tterrag.registrate.AbstractRegistrate/REGISTRATE.REGISTER]: Captured registration for entry polished_cut_granite_slab of type minecraft:item
[27Jul2026 19:37:44.326] [modloading-worker-0/DEBUG] [com.tterrag.registrate.AbstractRegistrate/REGISTRATE.REGISTER]: Captured registration for entry polished_cut_granite_slab of type minecraft:block
[27Jul2026 19:37:44.326] [modloading-worker-0/DEBUG] [com.tterrag.registrate.AbstractRegistrate/REGISTRATE.REGISTER]: Captured registration for entry polished_cut_granite_wall of type minecraft:item
[27Jul2026 19:37:44.326] [modloading-worker-0/DEBUG] [com.tterrag.registrate.AbstractRegistrate/REGISTRATE.REGISTER]: Captured registration for entry polished_cut_granite_wall of type minecraft:block
[27Jul2026 19:37:44.326] [modloading-worker-0/DEBUG] [com.tterrag.registrate.AbstractRegistrate/REGISTRATE.REGISTER]: Captured registration for entry cut_granite_bricks of type minecraft:item
[27Jul2026 19:37:44.326] [modloading-worker-0/DEBUG] [com.tterrag.registrate.AbstractRegistrate/REGISTRATE.REGISTER]: Captured registration for entry cut_granite_bricks of type minecraft:block
[27Jul2026 19:37:44.327] [modloading-worker-0/DEBUG] [com.tterrag.registrate.AbstractRegistrate/REGISTRATE.REGISTER]: Captured registration for entry cut_granite_brick_stairs of type minecraft:item
[27Jul2026 19:37:44.327] [modloading-worker-0/DEBUG] [com.tterrag.registrate.AbstractRegistrate/REGISTRATE.REGISTER]: Captured registration for entry cut_granite_brick_stairs of type minecraft:block
[27Jul2026 19:37:44.327] [modloading-worker-0/DEBUG] [com.tterrag.registrate.AbstractRegistrate/REGISTRATE.REGISTER]: Captured registration for entry cut_granite_brick_slab of type minecraft:item
[27Jul2026 19:37:44.327] [modloading-worker-0/DEBUG] [com.tterrag.registrate.AbstractRegistrate/REGISTRATE.REGISTER]: Captured registration for entry cut_granite_brick_slab of type minecraft:block
[27Jul2026 19:37:44.327] [modloading-worker-0/DEBUG] [com.tterrag.registrate.AbstractRegistrate/REGISTRATE.REGISTER]: Captured registration for entry cut_granite_brick_wall of type minecraft:item
[27Jul2026 19:37:44.327] [modloading-worker-0/DEBUG] [com.tterrag.registrate.AbstractRegistrate/REGISTRATE.REGISTER]: Captured registration for entry cut_granite_brick_wall of type minecraft:block
[27Jul2026 19:37:44.328] [modloading-worker-0/DEBUG] [com.tterrag.registrate.AbstractRegistrate/REGISTRATE.REGISTER]: Captured registration for entry small_granite_bricks of type minecraft:item
[27Jul2026 19:37:44.328] [modloading-worker-0/DEBUG] [com.tterrag.registrate.AbstractRegistrate/REGISTRATE.REGISTER]: Captured registration for entry small_granite_bricks of type minecraft:block
[27Jul2026 19:37:44.328] [modloading-worker-0/DEBUG] [com.tterrag.registrate.AbstractRegistrate/REGISTRATE.REGISTER]: Captured registration for entry small_granite_brick_stairs of type minecraft:item
[27Jul2026 19:37:44.328] [modloading-worker-0/DEBUG] [com.tterrag.registrate.AbstractRegistrate/REGISTRATE.REGISTER]: Captured registration for entry small_granite_brick_stairs of type minecraft:block
[27Jul2026 19:37:44.328] [modloading-worker-0/DEBUG] [com.tterrag.registrate.AbstractRegistrate/REGISTRATE.REGISTER]: Captured registration for entry small_granite_brick_slab of type minecraft:item
[27Jul2026 19:37:44.328] [modloading-worker-0/DEBUG] [com.tterrag.registrate.AbstractRegistrate/REGISTRATE.REGISTER]: Captured registration for entry small_granite_brick_slab of type minecraft:block
[27Jul2026 19:37:44.328] [modloading-worker-0/DEBUG] [com.tterrag.registrate.AbstractRegistrate/REGISTRATE.REGISTER]: Captured registration for entry small_granite_brick_wall of type minecraft:item
[27Jul2026 19:37:44.329] [modloading-worker-0/DEBUG] [com.tterrag.registrate.AbstractRegistrate/REGISTRATE.REGISTER]: Captured registration for entry small_granite_brick_wall of type minecraft:block
[27Jul2026 19:37:44.330] [modloading-worker-0/DEBUG] [com.tterrag.registrate.AbstractRegistrate/REGISTRATE.REGISTER]: Captured registration for entry layered_granite of type minecraft:item
[27Jul2026 19:37:44.330] [modloading-worker-0/DEBUG] [com.tterrag.registrate.AbstractRegistrate/REGISTRATE.REGISTER]: Captured registration for entry layered_granite of type minecraft:block
[27Jul2026 19:37:44.331] [modloading-worker-0/DEBUG] [com.tterrag.registrate.AbstractRegistrate/REGISTRATE.REGISTER]: Captured registration for entry granite_pillar of type minecraft:item
[27Jul2026 19:37:44.332] [modloading-worker-0/DEBUG] [com.tterrag.registrate.AbstractRegistrate/REGISTRATE.REGISTER]: Captured registration for entry granite_pillar of type minecraft:block
[27Jul2026 19:37:44.335] [modloading-worker-0/DEBUG] [com.tterrag.registrate.AbstractRegistrate/REGISTRATE.REGISTER]: Captured registration for entry cut_diorite of type minecraft:item
[27Jul2026 19:37:44.336] [modloading-worker-0/DEBUG] [com.tterrag.registrate.AbstractRegistrate/REGISTRATE.REGISTER]: Captured registration for entry cut_diorite of type minecraft:block
[27Jul2026 19:37:44.336] [modloading-worker-0/DEBUG] [com.tterrag.registrate.AbstractRegistrate/REGISTRATE.REGISTER]: Captured registration for entry cut_diorite_stairs of type minecraft:item
[27Jul2026 19:37:44.336] [modloading-worker-0/DEBUG] [com.tterrag.registrate.AbstractRegistrate/REGISTRATE.REGISTER]: Captured registration for entry cut_diorite_stairs of type minecraft:block
[27Jul2026 19:37:44.336] [modloading-worker-0/DEBUG] [com.tterrag.registrate.AbstractRegistrate/REGISTRATE.REGISTER]: Captured registration for entry cut_diorite_slab of type minecraft:item
[27Jul2026 19:37:44.336] [modloading-worker-0/DEBUG] [com.tterrag.registrate.AbstractRegistrate/REGISTRATE.REGISTER]: Captured registration for entry cut_diorite_slab of type minecraft:block
[27Jul2026 19:37:44.337] [modloading-worker-0/DEBUG] [com.tterrag.registrate.AbstractRegistrate/REGISTRATE.REGISTER]: Captured registration for entry cut_diorite_wall of type minecraft:item
[27Jul2026 19:37:44.337] [modloading-worker-0/DEBUG] [com.tterrag.registrate.AbstractRegistrate/REGISTRATE.REGISTER]: Captured registration for entry cut_diorite_wall of type minecraft:block
[27Jul2026 19:37:44.337] [modloading-worker-0/DEBUG] [com.tterrag.registrate.AbstractRegistrate/REGISTRATE.REGISTER]: Captured registration for entry polished_cut_diorite of type minecraft:item
[27Jul2026 19:37:44.337] [modloading-worker-0/DEBUG] [com.tterrag.registrate.AbstractRegistrate/REGISTRATE.REGISTER]: Captured registration for entry polished_cut_diorite of type minecraft:block
[27Jul2026 19:37:44.337] [modloading-worker-0/DEBUG] [com.tterrag.registrate.AbstractRegistrate/REGISTRATE.REGISTER]: Captured registration for entry polished_cut_diorite_stairs of type minecraft:item
[27Jul2026 19:37:44.337] [modloading-worker-0/DEBUG] [com.tterrag.registrate.AbstractRegistrate/REGISTRATE.REGISTER]: Captured registration for entry polished_cut_diorite_stairs of type minecraft:block
[27Jul2026 19:37:44.338] [modloading-worker-0/DEBUG] [com.tterrag.registrate.AbstractRegistrate/REGISTRATE.REGISTER]: Captured registration for entry polished_cut_diorite_slab of type minecraft:item
[27Jul2026 19:37:44.338] [modloading-worker-0/DEBUG] [com.tterrag.registrate.AbstractRegistrate/REGISTRATE.REGISTER]: Captured registration for entry polished_cut_diorite_slab of type minecraft:block
[27Jul2026 19:37:44.338] [modloading-worker-0/DEBUG] [com.tterrag.registrate.AbstractRegistrate/REGISTRATE.REGISTER]: Captured registration for entry polished_cut_diorite_wall of type minecraft:item
[27Jul2026 19:37:44.338] [modloading-worker-0/DEBUG] [com.tterrag.registrate.AbstractRegistrate/REGISTRATE.REGISTER]: Captured registration for entry polished_cut_diorite_wall of type minecraft:block
[27Jul2026 19:37:44.338] [modloading-worker-0/DEBUG] [com.tterrag.registrate.AbstractRegistrate/REGISTRATE.REGISTER]: Captured registration for entry cut_diorite_bricks of type minecraft:item
[27Jul2026 19:37:44.338] [modloading-worker-0/DEBUG] [com.tterrag.registrate.AbstractRegistrate/REGISTRATE.REGISTER]: Captured registration for entry cut_diorite_bricks of type minecraft:block
[27Jul2026 19:37:44.339] [modloading-worker-0/DEBUG] [com.tterrag.registrate.AbstractRegistrate/REGISTRATE.REGISTER]: Captured registration for entry cut_diorite_brick_stairs of type minecraft:item
[27Jul2026 19:37:44.339] [modloading-worker-0/DEBUG] [com.tterrag.registrate.AbstractRegistrate/REGISTRATE.REGISTER]: Captured registration for entry cut_diorite_brick_stairs of type minecraft:block
[27Jul2026 19:37:44.339] [modloading-worker-0/DEBUG] [com.tterrag.registrate.AbstractRegistrate/REGISTRATE.REGISTER]: Captured registration for entry cut_diorite_brick_slab of type minecraft:item
[27Jul2026 19:37:44.339] [modloading-worker-0/DEBUG] [com.tterrag.registrate.AbstractRegistrate/REGISTRATE.REGISTER]: Captured registration for entry cut_diorite_brick_slab of type minecraft:block
[27Jul2026 19:37:44.339] [modloading-worker-0/DEBUG] [com.tterrag.registrate.AbstractRegistrate/REGISTRATE.REGISTER]: Captured registration for entry cut_diorite_brick_wall of type minecraft:item
[27Jul2026 19:37:44.339] [modloading-worker-0/DEBUG] [com.tterrag.registrate.AbstractRegistrate/REGISTRATE.REGISTER]: Captured registration for entry cut_diorite_brick_wall of type minecraft:block
[27Jul2026 19:37:44.340] [modloading-worker-0/DEBUG] [com.tterrag.registrate.AbstractRegistrate/REGISTRATE.REGISTER]: Captured registration for entry small_diorite_bricks of type minecraft:item
[27Jul2026 19:37:44.340] [modloading-worker-0/DEBUG] [com.tterrag.registrate.AbstractRegistrate/REGISTRATE.REGISTER]: Captured registration for entry small_diorite_bricks of type minecraft:block
[27Jul2026 19:37:44.340] [modloading-worker-0/DEBUG] [com.tterrag.registrate.AbstractRegistrate/REGISTRATE.REGISTER]: Captured registration for entry small_diorite_brick_stairs of type minecraft:item
[27Jul2026 19:37:44.340] [modloading-worker-0/DEBUG] [com.tterrag.registrate.AbstractRegistrate/REGISTRATE.REGISTER]: Captured registration for entry small_diorite_brick_stairs of type minecraft:block
[27Jul2026 19:37:44.343] [modloading-worker-0/DEBUG] [com.tterrag.registrate.AbstractRegistrate/REGISTRATE.REGISTER]: Captured registration for entry small_diorite_brick_slab of type minecraft:item
[27Jul2026 19:37:44.343] [modloading-worker-0/DEBUG] [com.tterrag.registrate.AbstractRegistrate/REGISTRATE.REGISTER]: Captured registration for entry small_diorite_brick_slab of type minecraft:block
[27Jul2026 19:37:44.343] [modloading-worker-0/DEBUG] [com.tterrag.registrate.AbstractRegistrate/REGISTRATE.REGISTER]: Captured registration for entry small_diorite_brick_wall of type minecraft:item
[27Jul2026 19:37:44.343] [modloading-worker-0/DEBUG] [com.tterrag.registrate.AbstractRegistrate/REGISTRATE.REGISTER]: Captured registration for entry small_diorite_brick_wall of type minecraft:block
[27Jul2026 19:37:44.343] [modloading-worker-0/DEBUG] [com.tterrag.registrate.AbstractRegistrate/REGISTRATE.REGISTER]: Captured registration for entry layered_diorite of type minecraft:item
[27Jul2026 19:37:44.344] [modloading-worker-0/DEBUG] [com.tterrag.registrate.AbstractRegistrate/REGISTRATE.REGISTER]: Captured registration for entry layered_diorite of type minecraft:block
[27Jul2026 19:37:44.344] [modloading-worker-0/DEBUG] [com.tterrag.registrate.AbstractRegistrate/REGISTRATE.REGISTER]: Captured registration for entry diorite_pillar of type minecraft:item
[27Jul2026 19:37:44.344] [modloading-worker-0/DEBUG] [com.tterrag.registrate.AbstractRegistrate/REGISTRATE.REGISTER]: Captured registration for entry diorite_pillar of type minecraft:block
[27Jul2026 19:37:44.345] [modloading-worker-0/DEBUG] [com.tterrag.registrate.AbstractRegistrate/REGISTRATE.REGISTER]: Captured registration for entry cut_andesite of type minecraft:item
[27Jul2026 19:37:44.345] [modloading-worker-0/DEBUG] [com.tterrag.registrate.AbstractRegistrate/REGISTRATE.REGISTER]: Captured registration for entry cut_andesite of type minecraft:block
[27Jul2026 19:37:44.345] [modloading-worker-0/DEBUG] [com.tterrag.registrate.AbstractRegistrate/REGISTRATE.REGISTER]: Captured registration for entry cut_andesite_stairs of type minecraft:item
[27Jul2026 19:37:44.346] [modloading-worker-0/DEBUG] [com.tterrag.registrate.AbstractRegistrate/REGISTRATE.REGISTER]: Captured registration for entry cut_andesite_stairs of type minecraft:block
[27Jul2026 19:37:44.346] [modloading-worker-0/DEBUG] [com.tterrag.registrate.AbstractRegistrate/REGISTRATE.REGISTER]: Captured registration for entry cut_andesite_slab of type minecraft:item
[27Jul2026 19:37:44.346] [modloading-worker-0/DEBUG] [com.tterrag.registrate.AbstractRegistrate/REGISTRATE.REGISTER]: Captured registration for entry cut_andesite_slab of type minecraft:block
[27Jul2026 19:37:44.346] [modloading-worker-0/DEBUG] [com.tterrag.registrate.AbstractRegistrate/REGISTRATE.REGISTER]: Captured registration for entry cut_andesite_wall of type minecraft:item
[27Jul2026 19:37:44.346] [modloading-worker-0/DEBUG] [com.tterrag.registrate.AbstractRegistrate/REGISTRATE.REGISTER]: Captured registration for entry cut_andesite_wall of type minecraft:block
[27Jul2026 19:37:44.346] [modloading-worker-0/DEBUG] [com.tterrag.registrate.AbstractRegistrate/REGISTRATE.REGISTER]: Captured registration for entry polished_cut_andesite of type minecraft:item
[27Jul2026 19:37:44.346] [modloading-worker-0/DEBUG] [com.tterrag.registrate.AbstractRegistrate/REGISTRATE.REGISTER]: Captured registration for entry polished_cut_andesite of type minecraft:block
[27Jul2026 19:37:44.347] [modloading-worker-0/DEBUG] [com.tterrag.registrate.AbstractRegistrate/REGISTRATE.REGISTER]: Captured registration for entry polished_cut_andesite_stairs of type minecraft:item
[27Jul2026 19:37:44.347] [modloading-worker-0/DEBUG] [com.tterrag.registrate.AbstractRegistrate/REGISTRATE.REGISTER]: Captured registration for entry polished_cut_andesite_stairs of type minecraft:block
[27Jul2026 19:37:44.347] [modloading-worker-0/DEBUG] [com.tterrag.registrate.AbstractRegistrate/REGISTRATE.REGISTER]: Captured registration for entry polished_cut_andesite_slab of type minecraft:item
[27Jul2026 19:37:44.347] [modloading-worker-0/DEBUG] [com.tterrag.registrate.AbstractRegistrate/REGISTRATE.REGISTER]: Captured registration for entry polished_cut_andesite_slab of type minecraft:block
[27Jul2026 19:37:44.347] [modloading-worker-0/DEBUG] [com.tterrag.registrate.AbstractRegistrate/REGISTRATE.REGISTER]: Captured registration for entry polished_cut_andesite_wall of type minecraft:item
[27Jul2026 19:37:44.347] [modloading-worker-0/DEBUG] [com.tterrag.registrate.AbstractRegistrate/REGISTRATE.REGISTER]: Captured registration for entry polished_cut_andesite_wall of type minecraft:block
[27Jul2026 19:37:44.348] [modloading-worker-0/DEBUG] [com.tterrag.registrate.AbstractRegistrate/REGISTRATE.REGISTER]: Captured registration for entry cut_andesite_bricks of type minecraft:item
[27Jul2026 19:37:44.348] [modloading-worker-0/DEBUG] [com.tterrag.registrate.AbstractRegistrate/REGISTRATE.REGISTER]: Captured registration for entry cut_andesite_bricks of type minecraft:block
[27Jul2026 19:37:44.348] [modloading-worker-0/DEBUG] [com.tterrag.registrate.AbstractRegistrate/REGISTRATE.REGISTER]: Captured registration for entry cut_andesite_brick_stairs of type minecraft:item
[27Jul2026 19:37:44.348] [modloading-worker-0/DEBUG] [com.tterrag.registrate.AbstractRegistrate/REGISTRATE.REGISTER]: Captured registration for entry cut_andesite_brick_stairs of type minecraft:block
[27Jul2026 19:37:44.349] [modloading-worker-0/DEBUG] [com.tterrag.registrate.AbstractRegistrate/REGISTRATE.REGISTER]: Captured registration for entry cut_andesite_brick_slab of type minecraft:item
[27Jul2026 19:37:44.349] [modloading-worker-0/DEBUG] [com.tterrag.registrate.AbstractRegistrate/REGISTRATE.REGISTER]: Captured registration for entry cut_andesite_brick_slab of type minecraft:block
[27Jul2026 19:37:44.349] [modloading-worker-0/DEBUG] [com.tterrag.registrate.AbstractRegistrate/REGISTRATE.REGISTER]: Captured registration for entry cut_andesite_brick_wall of type minecraft:item
[27Jul2026 19:37:44.349] [modloading-worker-0/DEBUG] [com.tterrag.registrate.AbstractRegistrate/REGISTRATE.REGISTER]: Captured registration for entry cut_andesite_brick_wall of type minecraft:block
[27Jul2026 19:37:44.349] [modloading-worker-0/DEBUG] [com.tterrag.registrate.AbstractRegistrate/REGISTRATE.REGISTER]: Captured registration for entry small_andesite_bricks of type minecraft:item
[27Jul2026 19:37:44.350] [modloading-worker-0/DEBUG] [com.tterrag.registrate.AbstractRegistrate/REGISTRATE.REGISTER]: Captured registration for entry small_andesite_bricks of type minecraft:block
[27Jul2026 19:37:44.350] [modloading-worker-0/DEBUG] [com.tterrag.registrate.AbstractRegistrate/REGISTRATE.REGISTER]: Captured registration for entry small_andesite_brick_stairs of type minecraft:item
[27Jul2026 19:37:44.350] [modloading-worker-0/DEBUG] [com.tterrag.registrate.AbstractRegistrate/REGISTRATE.REGISTER]: Captured registration for entry small_andesite_brick_stairs of type minecraft:block
[27Jul2026 19:37:44.350] [modloading-worker-0/DEBUG] [com.tterrag.registrate.AbstractRegistrate/REGISTRATE.REGISTER]: Captured registration for entry small_andesite_brick_slab of type minecraft:item
[27Jul2026 19:37:44.350] [modloading-worker-0/DEBUG] [com.tterrag.registrate.AbstractRegistrate/REGISTRATE.REGISTER]: Captured registration for entry small_andesite_brick_slab of type minecraft:block
[27Jul2026 19:37:44.350] [modloading-worker-0/DEBUG] [com.tterrag.registrate.AbstractRegistrate/REGISTRATE.REGISTER]: Captured registration for entry small_andesite_brick_wall of type minecraft:item
[27Jul2026 19:37:44.351] [modloading-worker-0/DEBUG] [com.tterrag.registrate.AbstractRegistrate/REGISTRATE.REGISTER]: Captured registration for entry small_andesite_brick_wall of type minecraft:block
[27Jul2026 19:37:44.351] [modloading-worker-0/DEBUG] [com.tterrag.registrate.AbstractRegistrate/REGISTRATE.REGISTER]: Captured registration for entry layered_andesite of type minecraft:item
[27Jul2026 19:37:44.351] [modloading-worker-0/DEBUG] [com.tterrag.registrate.AbstractRegistrate/REGISTRATE.REGISTER]: Captured registration for entry layered_andesite of type minecraft:block
[27Jul2026 19:37:44.351] [modloading-worker-0/DEBUG] [com.tterrag.registrate.AbstractRegistrate/REGISTRATE.REGISTER]: Captured registration for entry andesite_pillar of type minecraft:item
[27Jul2026 19:37:44.351] [modloading-worker-0/DEBUG] [com.tterrag.registrate.AbstractRegistrate/REGISTRATE.REGISTER]: Captured registration for entry andesite_pillar of type minecraft:block
[27Jul2026 19:37:44.353] [modloading-worker-0/DEBUG] [com.tterrag.registrate.AbstractRegistrate/REGISTRATE.REGISTER]: Captured registration for entry cut_calcite of type minecraft:item
[27Jul2026 19:37:44.353] [modloading-worker-0/DEBUG] [com.tterrag.registrate.AbstractRegistrate/REGISTRATE.REGISTER]: Captured registration for entry cut_calcite of type minecraft:block
[27Jul2026 19:37:44.354] [modloading-worker-0/DEBUG] [com.tterrag.registrate.AbstractRegistrate/REGISTRATE.REGISTER]: Captured registration for entry cut_calcite_stairs of type minecraft:item
[27Jul2026 19:37:44.354] [modloading-worker-0/DEBUG] [com.tterrag.registrate.AbstractRegistrate/REGISTRATE.REGISTER]: Captured registration for entry cut_calcite_stairs of type minecraft:block
[27Jul2026 19:37:44.354] [modloading-worker-0/DEBUG] [com.tterrag.registrate.AbstractRegistrate/REGISTRATE.REGISTER]: Captured registration for entry cut_calcite_slab of type minecraft:item
[27Jul2026 19:37:44.355] [modloading-worker-0/DEBUG] [com.tterrag.registrate.AbstractRegistrate/REGISTRATE.REGISTER]: Captured registration for entry cut_calcite_slab of type minecraft:block
[27Jul2026 19:37:44.355] [modloading-worker-0/DEBUG] [com.tterrag.registrate.AbstractRegistrate/REGISTRATE.REGISTER]: Captured registration for entry cut_calcite_wall of type minecraft:item
[27Jul2026 19:37:44.355] [modloading-worker-0/DEBUG] [com.tterrag.registrate.AbstractRegistrate/REGISTRATE.REGISTER]: Captured registration for entry cut_calcite_wall of type minecraft:block
[27Jul2026 19:37:44.355] [modloading-worker-0/DEBUG] [com.tterrag.registrate.AbstractRegistrate/REGISTRATE.REGISTER]: Captured registration for entry polished_cut_calcite of type minecraft:item
[27Jul2026 19:37:44.355] [modloading-worker-0/DEBUG] [com.tterrag.registrate.AbstractRegistrate/REGISTRATE.REGISTER]: Captured registration for entry polished_cut_calcite of type minecraft:block
[27Jul2026 19:37:44.355] [modloading-worker-0/DEBUG] [com.tterrag.registrate.AbstractRegistrate/REGISTRATE.REGISTER]: Captured registration for entry polished_cut_calcite_stairs of type minecraft:item
[27Jul2026 19:37:44.355] [modloading-worker-0/DEBUG] [com.tterrag.registrate.AbstractRegistrate/REGISTRATE.REGISTER]: Captured registration for entry polished_cut_calcite_stairs of type minecraft:block
[27Jul2026 19:37:44.355] [modloading-worker-0/DEBUG] [com.tterrag.registrate.AbstractRegistrate/REGISTRATE.REGISTER]: Captured registration for entry polished_cut_calcite_slab of type minecraft:item
[27Jul2026 19:37:44.355] [modloading-worker-0/DEBUG] [com.tterrag.registrate.AbstractRegistrate/REGISTRATE.REGISTER]: Captured registration for entry polished_cut_calcite_slab of type minecraft:block
[27Jul2026 19:37:44.355] [modloading-worker-0/DEBUG] [com.tterrag.registrate.AbstractRegistrate/REGISTRATE.REGISTER]: Captured registration for entry polished_cut_calcite_wall of type minecraft:item
[27Jul2026 19:37:44.355] [modloading-worker-0/DEBUG] [com.tterrag.registrate.AbstractRegistrate/REGISTRATE.REGISTER]: Captured registration for entry polished_cut_calcite_wall of type minecraft:block
[27Jul2026 19:37:44.355] [modloading-worker-0/DEBUG] [com.tterrag.registrate.AbstractRegistrate/REGISTRATE.REGISTER]: Captured registration for entry cut_calcite_bricks of type minecraft:item
[27Jul2026 19:37:44.355] [modloading-worker-0/DEBUG] [com.tterrag.registrate.AbstractRegistrate/REGISTRATE.REGISTER]: Captured registration for entry cut_calcite_bricks of type minecraft:block
[27Jul2026 19:37:44.356] [modloading-worker-0/DEBUG] [com.tterrag.registrate.AbstractRegistrate/REGISTRATE.REGISTER]: Captured registration for entry cut_calcite_brick_stairs of type minecraft:item
[27Jul2026 19:37:44.356] [modloading-worker-0/DEBUG] [com.tterrag.registrate.AbstractRegistrate/REGISTRATE.REGISTER]: Captured registration for entry cut_calcite_brick_stairs of type minecraft:block
[27Jul2026 19:37:44.356] [modloading-worker-0/DEBUG] [com.tterrag.registrate.AbstractRegistrate/REGISTRATE.REGISTER]: Captured registration for entry cut_calcite_brick_slab of type minecraft:item
[27Jul2026 19:37:44.356] [modloading-worker-0/DEBUG] [com.tterrag.registrate.AbstractRegistrate/REGISTRATE.REGISTER]: Captured registration for entry cut_calcite_brick_slab of type minecraft:block
[27Jul2026 19:37:44.356] [modloading-worker-0/DEBUG] [com.tterrag.registrate.AbstractRegistrate/REGISTRATE.REGISTER]: Captured registration for entry cut_calcite_brick_wall of type minecraft:item
[27Jul2026 19:37:44.356] [modloading-worker-0/DEBUG] [com.tterrag.registrate.AbstractRegistrate/REGISTRATE.REGISTER]: Captured registration for entry cut_calcite_brick_wall of type minecraft:block
[27Jul2026 19:37:44.357] [modloading-worker-0/DEBUG] [com.tterrag.registrate.AbstractRegistrate/REGISTRATE.REGISTER]: Captured registration for entry small_calcite_bricks of type minecraft:item
[27Jul2026 19:37:44.357] [modloading-worker-0/DEBUG] [com.tterrag.registrate.AbstractRegistrate/REGISTRATE.REGISTER]: Captured registration for entry small_calcite_bricks of type minecraft:block
[27Jul2026 19:37:44.357] [modloading-worker-0/DEBUG] [com.tterrag.registrate.AbstractRegistrate/REGISTRATE.REGISTER]: Captured registration for entry small_calcite_brick_stairs of type minecraft:item
[27Jul2026 19:37:44.357] [modloading-worker-0/DEBUG] [com.tterrag.registrate.AbstractRegistrate/REGISTRATE.REGISTER]: Captured registration for entry small_calcite_brick_stairs of type minecraft:block
[27Jul2026 19:37:44.357] [modloading-worker-0/DEBUG] [com.tterrag.registrate.AbstractRegistrate/REGISTRATE.REGISTER]: Captured registration for entry small_calcite_brick_slab of type minecraft:item
[27Jul2026 19:37:44.357] [modloading-worker-0/DEBUG] [com.tterrag.registrate.AbstractRegistrate/REGISTRATE.REGISTER]: Captured registration for entry small_calcite_brick_slab of type minecraft:block
[27Jul2026 19:37:44.358] [modloading-worker-0/DEBUG] [com.tterrag.registrate.AbstractRegistrate/REGISTRATE.REGISTER]: Captured registration for entry small_calcite_brick_wall of type minecraft:item
[27Jul2026 19:37:44.358] [modloading-worker-0/DEBUG] [com.tterrag.registrate.AbstractRegistrate/REGISTRATE.REGISTER]: Captured registration for entry small_calcite_brick_wall of type minecraft:block
[27Jul2026 19:37:44.358] [modloading-worker-0/DEBUG] [com.tterrag.registrate.AbstractRegistrate/REGISTRATE.REGISTER]: Captured registration for entry layered_calcite of type minecraft:item
[27Jul2026 19:37:44.358] [modloading-worker-0/DEBUG] [com.tterrag.registrate.AbstractRegistrate/REGISTRATE.REGISTER]: Captured registration for entry layered_calcite of type minecraft:block
[27Jul2026 19:37:44.358] [modloading-worker-0/DEBUG] [com.tterrag.registrate.AbstractRegistrate/REGISTRATE.REGISTER]: Captured registration for entry calcite_pillar of type minecraft:item
[27Jul2026 19:37:44.358] [modloading-worker-0/DEBUG] [com.tterrag.registrate.AbstractRegistrate/REGISTRATE.REGISTER]: Captured registration for entry calcite_pillar of type minecraft:block
[27Jul2026 19:37:44.359] [modloading-worker-0/DEBUG] [com.tterrag.registrate.AbstractRegistrate/REGISTRATE.REGISTER]: Captured registration for entry cut_dripstone of type minecraft:item
[27Jul2026 19:37:44.360] [modloading-worker-0/DEBUG] [com.tterrag.registrate.AbstractRegistrate/REGISTRATE.REGISTER]: Captured registration for entry cut_dripstone of type minecraft:block
[27Jul2026 19:37:44.360] [modloading-worker-0/DEBUG] [com.tterrag.registrate.AbstractRegistrate/REGISTRATE.REGISTER]: Captured registration for entry cut_dripstone_stairs of type minecraft:item
[27Jul2026 19:37:44.360] [modloading-worker-0/DEBUG] [com.tterrag.registrate.AbstractRegistrate/REGISTRATE.REGISTER]: Captured registration for entry cut_dripstone_stairs of type minecraft:block
[27Jul2026 19:37:44.368] [modloading-worker-0/DEBUG] [com.tterrag.registrate.AbstractRegistrate/REGISTRATE.REGISTER]: Captured registration for entry cut_dripstone_slab of type minecraft:item
[27Jul2026 19:37:44.373] [modloading-worker-0/DEBUG] [com.tterrag.registrate.AbstractRegistrate/REGISTRATE.REGISTER]: Captured registration for entry cut_dripstone_slab of type minecraft:block
[27Jul2026 19:37:44.374] [modloading-worker-0/DEBUG] [com.tterrag.registrate.AbstractRegistrate/REGISTRATE.REGISTER]: Captured registration for entry cut_dripstone_wall of type minecraft:item
[27Jul2026 19:37:44.374] [modloading-worker-0/DEBUG] [com.tterrag.registrate.AbstractRegistrate/REGISTRATE.REGISTER]: Captured registration for entry cut_dripstone_wall of type minecraft:block
[27Jul2026 19:37:44.374] [modloading-worker-0/DEBUG] [com.tterrag.registrate.AbstractRegistrate/REGISTRATE.REGISTER]: Captured registration for entry polished_cut_dripstone of type minecraft:item
[27Jul2026 19:37:44.374] [modloading-worker-0/DEBUG] [com.tterrag.registrate.AbstractRegistrate/REGISTRATE.REGISTER]: Captured registration for entry polished_cut_dripstone of type minecraft:block
[27Jul2026 19:37:44.376] [modloading-worker-0/DEBUG] [com.tterrag.registrate.AbstractRegistrate/REGISTRATE.REGISTER]: Captured registration for entry polished_cut_dripstone_stairs of type minecraft:item
[27Jul2026 19:37:44.381] [modloading-worker-0/DEBUG] [com.tterrag.registrate.AbstractRegistrate/REGISTRATE.REGISTER]: Captured registration for entry polished_cut_dripstone_stairs of type minecraft:block
[27Jul2026 19:37:44.382] [modloading-worker-0/DEBUG] [com.tterrag.registrate.AbstractRegistrate/REGISTRATE.REGISTER]: Captured registration for entry polished_cut_dripstone_slab of type minecraft:item
[27Jul2026 19:37:44.382] [modloading-worker-0/DEBUG] [com.tterrag.registrate.AbstractRegistrate/REGISTRATE.REGISTER]: Captured registration for entry polished_cut_dripstone_slab of type minecraft:block
[27Jul2026 19:37:44.382] [modloading-worker-0/DEBUG] [com.tterrag.registrate.AbstractRegistrate/REGISTRATE.REGISTER]: Captured registration for entry polished_cut_dripstone_wall of type minecraft:item
[27Jul2026 19:37:44.382] [modloading-worker-0/DEBUG] [com.tterrag.registrate.AbstractRegistrate/REGISTRATE.REGISTER]: Captured registration for entry polished_cut_dripstone_wall of type minecraft:block
[27Jul2026 19:37:44.382] [modloading-worker-0/DEBUG] [com.tterrag.registrate.AbstractRegistrate/REGISTRATE.REGISTER]: Captured registration for entry cut_dripstone_bricks of type minecraft:item
[27Jul2026 19:37:44.382] [modloading-worker-0/DEBUG] [com.tterrag.registrate.AbstractRegistrate/REGISTRATE.REGISTER]: Captured registration for entry cut_dripstone_bricks of type minecraft:block
[27Jul2026 19:37:44.384] [modloading-worker-0/DEBUG] [com.tterrag.registrate.AbstractRegistrate/REGISTRATE.REGISTER]: Captured registration for entry cut_dripstone_brick_stairs of type minecraft:item
[27Jul2026 19:37:44.384] [modloading-worker-0/DEBUG] [com.tterrag.registrate.AbstractRegistrate/REGISTRATE.REGISTER]: Captured registration for entry cut_dripstone_brick_stairs of type minecraft:block
[27Jul2026 19:37:44.385] [modloading-worker-0/DEBUG] [com.tterrag.registrate.AbstractRegistrate/REGISTRATE.REGISTER]: Captured registration for entry cut_dripstone_brick_slab of type minecraft:item
[27Jul2026 19:37:44.385] [modloading-worker-0/DEBUG] [com.tterrag.registrate.AbstractRegistrate/REGISTRATE.REGISTER]: Captured registration for entry cut_dripstone_brick_slab of type minecraft:block
[27Jul2026 19:37:44.385] [modloading-worker-0/DEBUG] [com.tterrag.registrate.AbstractRegistrate/REGISTRATE.REGISTER]: Captured registration for entry cut_dripstone_brick_wall of type minecraft:item
[27Jul2026 19:37:44.385] [modloading-worker-0/DEBUG] [com.tterrag.registrate.AbstractRegistrate/REGISTRATE.REGISTER]: Captured registration for entry cut_dripstone_brick_wall of type minecraft:block
[27Jul2026 19:37:44.385] [modloading-worker-0/DEBUG] [com.tterrag.registrate.AbstractRegistrate/REGISTRATE.REGISTER]: Captured registration for entry small_dripstone_bricks of type minecraft:item
[27Jul2026 19:37:44.385] [modloading-worker-0/DEBUG] [com.tterrag.registrate.AbstractRegistrate/REGISTRATE.REGISTER]: Captured registration for entry small_dripstone_bricks of type minecraft:block
[27Jul2026 19:37:44.386] [modloading-worker-0/DEBUG] [com.tterrag.registrate.AbstractRegistrate/REGISTRATE.REGISTER]: Captured registration for entry small_dripstone_brick_stairs of type minecraft:item
[27Jul2026 19:37:44.386] [modloading-worker-0/DEBUG] [com.tterrag.registrate.AbstractRegistrate/REGISTRATE.REGISTER]: Captured registration for entry small_dripstone_brick_stairs of type minecraft:block
[27Jul2026 19:37:44.386] [modloading-worker-0/DEBUG] [com.tterrag.registrate.AbstractRegistrate/REGISTRATE.REGISTER]: Captured registration for entry small_dripstone_brick_slab of type minecraft:item
[27Jul2026 19:37:44.386] [modloading-worker-0/DEBUG] [com.tterrag.registrate.AbstractRegistrate/REGISTRATE.REGISTER]: Captured registration for entry small_dripstone_brick_slab of type minecraft:block
[27Jul2026 19:37:44.386] [modloading-worker-0/DEBUG] [com.tterrag.registrate.AbstractRegistrate/REGISTRATE.REGISTER]: Captured registration for entry small_dripstone_brick_wall of type minecraft:item
[27Jul2026 19:37:44.386] [modloading-worker-0/DEBUG] [com.tterrag.registrate.AbstractRegistrate/REGISTRATE.REGISTER]: Captured registration for entry small_dripstone_brick_wall of type minecraft:block
[27Jul2026 19:37:44.387] [modloading-worker-0/DEBUG] [com.tterrag.registrate.AbstractRegistrate/REGISTRATE.REGISTER]: Captured registration for entry layered_dripstone of type minecraft:item
[27Jul2026 19:37:44.387] [modloading-worker-0/DEBUG] [com.tterrag.registrate.AbstractRegistrate/REGISTRATE.REGISTER]: Captured registration for entry layered_dripstone of type minecraft:block
[27Jul2026 19:37:44.387] [modloading-worker-0/DEBUG] [com.tterrag.registrate.AbstractRegistrate/REGISTRATE.REGISTER]: Captured registration for entry dripstone_pillar of type minecraft:item
[27Jul2026 19:37:44.387] [modloading-worker-0/DEBUG] [com.tterrag.registrate.AbstractRegistrate/REGISTRATE.REGISTER]: Captured registration for entry dripstone_pillar of type minecraft:block
[27Jul2026 19:37:44.388] [modloading-worker-0/DEBUG] [com.tterrag.registrate.AbstractRegistrate/REGISTRATE.REGISTER]: Captured registration for entry cut_deepslate of type minecraft:item
[27Jul2026 19:37:44.388] [modloading-worker-0/DEBUG] [com.tterrag.registrate.AbstractRegistrate/REGISTRATE.REGISTER]: Captured registration for entry cut_deepslate of type minecraft:block
[27Jul2026 19:37:44.388] [modloading-worker-0/DEBUG] [com.tterrag.registrate.AbstractRegistrate/REGISTRATE.REGISTER]: Captured registration for entry cut_deepslate_stairs of type minecraft:item
[27Jul2026 19:37:44.388] [modloading-worker-0/DEBUG] [com.tterrag.registrate.AbstractRegistrate/REGISTRATE.REGISTER]: Captured registration for entry cut_deepslate_stairs of type minecraft:block
[27Jul2026 19:37:44.388] [modloading-worker-0/DEBUG] [com.tterrag.registrate.AbstractRegistrate/REGISTRATE.REGISTER]: Captured registration for entry cut_deepslate_slab of type minecraft:item
[27Jul2026 19:37:44.388] [modloading-worker-0/DEBUG] [com.tterrag.registrate.AbstractRegistrate/REGISTRATE.REGISTER]: Captured registration for entry cut_deepslate_slab of type minecraft:block
[27Jul2026 19:37:44.389] [modloading-worker-0/DEBUG] [com.tterrag.registrate.AbstractRegistrate/REGISTRATE.REGISTER]: Captured registration for entry cut_deepslate_wall of type minecraft:item
[27Jul2026 19:37:44.389] [modloading-worker-0/DEBUG] [com.tterrag.registrate.AbstractRegistrate/REGISTRATE.REGISTER]: Captured registration for entry cut_deepslate_wall of type minecraft:block
[27Jul2026 19:37:44.389] [modloading-worker-0/DEBUG] [com.tterrag.registrate.AbstractRegistrate/REGISTRATE.REGISTER]: Captured registration for entry polished_cut_deepslate of type minecraft:item
[27Jul2026 19:37:44.389] [modloading-worker-0/DEBUG] [com.tterrag.registrate.AbstractRegistrate/REGISTRATE.REGISTER]: Captured registration for entry polished_cut_deepslate of type minecraft:block
[27Jul2026 19:37:44.389] [modloading-worker-0/DEBUG] [com.tterrag.registrate.AbstractRegistrate/REGISTRATE.REGISTER]: Captured registration for entry polished_cut_deepslate_stairs of type minecraft:item
[27Jul2026 19:37:44.389] [modloading-worker-0/DEBUG] [com.tterrag.registrate.AbstractRegistrate/REGISTRATE.REGISTER]: Captured registration for entry polished_cut_deepslate_stairs of type minecraft:block
[27Jul2026 19:37:44.390] [modloading-worker-0/DEBUG] [com.tterrag.registrate.AbstractRegistrate/REGISTRATE.REGISTER]: Captured registration for entry polished_cut_deepslate_slab of type minecraft:item
[27Jul2026 19:37:44.390] [modloading-worker-0/DEBUG] [com.tterrag.registrate.AbstractRegistrate/REGISTRATE.REGISTER]: Captured registration for entry polished_cut_deepslate_slab of type minecraft:block
[27Jul2026 19:37:44.390] [modloading-worker-0/DEBUG] [com.tterrag.registrate.AbstractRegistrate/REGISTRATE.REGISTER]: Captured registration for entry polished_cut_deepslate_wall of type minecraft:item
[27Jul2026 19:37:44.390] [modloading-worker-0/DEBUG] [com.tterrag.registrate.AbstractRegistrate/REGISTRATE.REGISTER]: Captured registration for entry polished_cut_deepslate_wall of type minecraft:block
[27Jul2026 19:37:44.390] [modloading-worker-0/DEBUG] [com.tterrag.registrate.AbstractRegistrate/REGISTRATE.REGISTER]: Captured registration for entry cut_deepslate_bricks of type minecraft:item
[27Jul2026 19:37:44.390] [modloading-worker-0/DEBUG] [com.tterrag.registrate.AbstractRegistrate/REGISTRATE.REGISTER]: Captured registration for entry cut_deepslate_bricks of type minecraft:block
[27Jul2026 19:37:44.390] [modloading-worker-0/DEBUG] [com.tterrag.registrate.AbstractRegistrate/REGISTRATE.REGISTER]: Captured registration for entry cut_deepslate_brick_stairs of type minecraft:item
[27Jul2026 19:37:44.390] [modloading-worker-0/DEBUG] [com.tterrag.registrate.AbstractRegistrate/REGISTRATE.REGISTER]: Captured registration for entry cut_deepslate_brick_stairs of type minecraft:block
[27Jul2026 19:37:44.391] [modloading-worker-0/DEBUG] [com.tterrag.registrate.AbstractRegistrate/REGISTRATE.REGISTER]: Captured registration for entry cut_deepslate_brick_slab of type minecraft:item
[27Jul2026 19:37:44.391] [modloading-worker-0/DEBUG] [com.tterrag.registrate.AbstractRegistrate/REGISTRATE.REGISTER]: Captured registration for entry cut_deepslate_brick_slab of type minecraft:block
[27Jul2026 19:37:44.392] [modloading-worker-0/DEBUG] [com.tterrag.registrate.AbstractRegistrate/REGISTRATE.REGISTER]: Captured registration for entry cut_deepslate_brick_wall of type minecraft:item
[27Jul2026 19:37:44.392] [modloading-worker-0/DEBUG] [com.tterrag.registrate.AbstractRegistrate/REGISTRATE.REGISTER]: Captured registration for entry cut_deepslate_brick_wall of type minecraft:block
[27Jul2026 19:37:44.392] [modloading-worker-0/DEBUG] [com.tterrag.registrate.AbstractRegistrate/REGISTRATE.REGISTER]: Captured registration for entry small_deepslate_bricks of type minecraft:item
[27Jul2026 19:37:44.392] [modloading-worker-0/DEBUG] [com.tterrag.registrate.AbstractRegistrate/REGISTRATE.REGISTER]: Captured registration for entry small_deepslate_bricks of type minecraft:block
[27Jul2026 19:37:44.392] [modloading-worker-0/DEBUG] [com.tterrag.registrate.AbstractRegistrate/REGISTRATE.REGISTER]: Captured registration for entry small_deepslate_brick_stairs of type minecraft:item
[27Jul2026 19:37:44.392] [modloading-worker-0/DEBUG] [com.tterrag.registrate.AbstractRegistrate/REGISTRATE.REGISTER]: Captured registration for entry small_deepslate_brick_stairs of type minecraft:block
[27Jul2026 19:37:44.393] [modloading-worker-0/DEBUG] [com.tterrag.registrate.AbstractRegistrate/REGISTRATE.REGISTER]: Captured registration for entry small_deepslate_brick_slab of type minecraft:item
[27Jul2026 19:37:44.393] [modloading-worker-0/DEBUG] [com.tterrag.registrate.AbstractRegistrate/REGISTRATE.REGISTER]: Captured registration for entry small_deepslate_brick_slab of type minecraft:block
[27Jul2026 19:37:44.393] [modloading-worker-0/DEBUG] [com.tterrag.registrate.AbstractRegistrate/REGISTRATE.REGISTER]: Captured registration for entry small_deepslate_brick_wall of type minecraft:item
[27Jul2026 19:37:44.393] [modloading-worker-0/DEBUG] [com.tterrag.registrate.AbstractRegistrate/REGISTRATE.REGISTER]: Captured registration for entry small_deepslate_brick_wall of type minecraft:block
[27Jul2026 19:37:44.393] [modloading-worker-0/DEBUG] [com.tterrag.registrate.AbstractRegistrate/REGISTRATE.REGISTER]: Captured registration for entry layered_deepslate of type minecraft:item
[27Jul2026 19:37:44.393] [modloading-worker-0/DEBUG] [com.tterrag.registrate.AbstractRegistrate/REGISTRATE.REGISTER]: Captured registration for entry layered_deepslate of type minecraft:block
[27Jul2026 19:37:44.394] [modloading-worker-0/DEBUG] [com.tterrag.registrate.AbstractRegistrate/REGISTRATE.REGISTER]: Captured registration for entry deepslate_pillar of type minecraft:item
[27Jul2026 19:37:44.394] [modloading-worker-0/DEBUG] [com.tterrag.registrate.AbstractRegistrate/REGISTRATE.REGISTER]: Captured registration for entry deepslate_pillar of type minecraft:block
[27Jul2026 19:37:44.395] [modloading-worker-0/DEBUG] [com.tterrag.registrate.AbstractRegistrate/REGISTRATE.REGISTER]: Captured registration for entry cut_tuff of type minecraft:item
[27Jul2026 19:37:44.395] [modloading-worker-0/DEBUG] [com.tterrag.registrate.AbstractRegistrate/REGISTRATE.REGISTER]: Captured registration for entry cut_tuff of type minecraft:block
[27Jul2026 19:37:44.395] [modloading-worker-0/DEBUG] [com.tterrag.registrate.AbstractRegistrate/REGISTRATE.REGISTER]: Captured registration for entry cut_tuff_stairs of type minecraft:item
[27Jul2026 19:37:44.395] [modloading-worker-0/DEBUG] [com.tterrag.registrate.AbstractRegistrate/REGISTRATE.REGISTER]: Captured registration for entry cut_tuff_stairs of type minecraft:block
[27Jul2026 19:37:44.396] [modloading-worker-0/DEBUG] [com.tterrag.registrate.AbstractRegistrate/REGISTRATE.REGISTER]: Captured registration for entry cut_tuff_slab of type minecraft:item
[27Jul2026 19:37:44.396] [modloading-worker-0/DEBUG] [com.tterrag.registrate.AbstractRegistrate/REGISTRATE.REGISTER]: Captured registration for entry cut_tuff_slab of type minecraft:block
[27Jul2026 19:37:44.397] [modloading-worker-0/DEBUG] [com.tterrag.registrate.AbstractRegistrate/REGISTRATE.REGISTER]: Captured registration for entry cut_tuff_wall of type minecraft:item
[27Jul2026 19:37:44.397] [modloading-worker-0/DEBUG] [com.tterrag.registrate.AbstractRegistrate/REGISTRATE.REGISTER]: Captured registration for entry cut_tuff_wall of type minecraft:block
[27Jul2026 19:37:44.398] [modloading-worker-0/DEBUG] [com.tterrag.registrate.AbstractRegistrate/REGISTRATE.REGISTER]: Captured registration for entry polished_cut_tuff of type minecraft:item
[27Jul2026 19:37:44.399] [modloading-worker-0/DEBUG] [com.tterrag.registrate.AbstractRegistrate/REGISTRATE.REGISTER]: Captured registration for entry polished_cut_tuff of type minecraft:block
[27Jul2026 19:37:44.401] [modloading-worker-0/DEBUG] [com.tterrag.registrate.AbstractRegistrate/REGISTRATE.REGISTER]: Captured registration for entry polished_cut_tuff_stairs of type minecraft:item
[27Jul2026 19:37:44.402] [modloading-worker-0/DEBUG] [com.tterrag.registrate.AbstractRegistrate/REGISTRATE.REGISTER]: Captured registration for entry polished_cut_tuff_stairs of type minecraft:block
[27Jul2026 19:37:44.402] [modloading-worker-0/DEBUG] [com.tterrag.registrate.AbstractRegistrate/REGISTRATE.REGISTER]: Captured registration for entry polished_cut_tuff_slab of type minecraft:item
[27Jul2026 19:37:44.402] [modloading-worker-0/DEBUG] [com.tterrag.registrate.AbstractRegistrate/REGISTRATE.REGISTER]: Captured registration for entry polished_cut_tuff_slab of type minecraft:block
[27Jul2026 19:37:44.408] [modloading-worker-0/DEBUG] [com.tterrag.registrate.AbstractRegistrate/REGISTRATE.REGISTER]: Captured registration for entry polished_cut_tuff_wall of type minecraft:item
[27Jul2026 19:37:44.408] [modloading-worker-0/DEBUG] [com.tterrag.registrate.AbstractRegistrate/REGISTRATE.REGISTER]: Captured registration for entry polished_cut_tuff_wall of type minecraft:block
[27Jul2026 19:37:44.410] [modloading-worker-0/DEBUG] [com.tterrag.registrate.AbstractRegistrate/REGISTRATE.REGISTER]: Captured registration for entry cut_tuff_bricks of type minecraft:item
[27Jul2026 19:37:44.410] [modloading-worker-0/DEBUG] [com.tterrag.registrate.AbstractRegistrate/REGISTRATE.REGISTER]: Captured registration for entry cut_tuff_bricks of type minecraft:block
[27Jul2026 19:37:44.411] [modloading-worker-0/DEBUG] [com.tterrag.registrate.AbstractRegistrate/REGISTRATE.REGISTER]: Captured registration for entry cut_tuff_brick_stairs of type minecraft:item
[27Jul2026 19:37:44.411] [modloading-worker-0/DEBUG] [com.tterrag.registrate.AbstractRegistrate/REGISTRATE.REGISTER]: Captured registration for entry cut_tuff_brick_stairs of type minecraft:block
[27Jul2026 19:37:44.411] [modloading-worker-0/DEBUG] [com.tterrag.registrate.AbstractRegistrate/REGISTRATE.REGISTER]: Captured registration for entry cut_tuff_brick_slab of type minecraft:item
[27Jul2026 19:37:44.411] [modloading-worker-0/DEBUG] [com.tterrag.registrate.AbstractRegistrate/REGISTRATE.REGISTER]: Captured registration for entry cut_tuff_brick_slab of type minecraft:block
[27Jul2026 19:37:44.412] [modloading-worker-0/DEBUG] [com.tterrag.registrate.AbstractRegistrate/REGISTRATE.REGISTER]: Captured registration for entry cut_tuff_brick_wall of type minecraft:item
[27Jul2026 19:37:44.412] [modloading-worker-0/DEBUG] [com.tterrag.registrate.AbstractRegistrate/REGISTRATE.REGISTER]: Captured registration for entry cut_tuff_brick_wall of type minecraft:block
[27Jul2026 19:37:44.412] [modloading-worker-0/DEBUG] [com.tterrag.registrate.AbstractRegistrate/REGISTRATE.REGISTER]: Captured registration for entry small_tuff_bricks of type minecraft:item
[27Jul2026 19:37:44.413] [modloading-worker-0/DEBUG] [com.tterrag.registrate.AbstractRegistrate/REGISTRATE.REGISTER]: Captured registration for entry small_tuff_bricks of type minecraft:block
[27Jul2026 19:37:44.413] [modloading-worker-0/DEBUG] [com.tterrag.registrate.AbstractRegistrate/REGISTRATE.REGISTER]: Captured registration for entry small_tuff_brick_stairs of type minecraft:item
[27Jul2026 19:37:44.413] [modloading-worker-0/DEBUG] [com.tterrag.registrate.AbstractRegistrate/REGISTRATE.REGISTER]: Captured registration for entry small_tuff_brick_stairs of type minecraft:block
[27Jul2026 19:37:44.413] [modloading-worker-0/DEBUG] [com.tterrag.registrate.AbstractRegistrate/REGISTRATE.REGISTER]: Captured registration for entry small_tuff_brick_slab of type minecraft:item
[27Jul2026 19:37:44.414] [modloading-worker-0/DEBUG] [com.tterrag.registrate.AbstractRegistrate/REGISTRATE.REGISTER]: Captured registration for entry small_tuff_brick_slab of type minecraft:block
[27Jul2026 19:37:44.414] [modloading-worker-0/DEBUG] [com.tterrag.registrate.AbstractRegistrate/REGISTRATE.REGISTER]: Captured registration for entry small_tuff_brick_wall of type minecraft:item
[27Jul2026 19:37:44.414] [modloading-worker-0/DEBUG] [com.tterrag.registrate.AbstractRegistrate/REGISTRATE.REGISTER]: Captured registration for entry small_tuff_brick_wall of type minecraft:block
[27Jul2026 19:37:44.415] [modloading-worker-0/DEBUG] [com.tterrag.registrate.AbstractRegistrate/REGISTRATE.REGISTER]: Captured registration for entry layered_tuff of type minecraft:item
[27Jul2026 19:37:44.415] [modloading-worker-0/DEBUG] [com.tterrag.registrate.AbstractRegistrate/REGISTRATE.REGISTER]: Captured registration for entry layered_tuff of type minecraft:block
[27Jul2026 19:37:44.415] [modloading-worker-0/DEBUG] [com.tterrag.registrate.AbstractRegistrate/REGISTRATE.REGISTER]: Captured registration for entry tuff_pillar of type minecraft:item
[27Jul2026 19:37:44.415] [modloading-worker-0/DEBUG] [com.tterrag.registrate.AbstractRegistrate/REGISTRATE.REGISTER]: Captured registration for entry tuff_pillar of type minecraft:block
[27Jul2026 19:37:44.425] [modloading-worker-0/DEBUG] [com.tterrag.registrate.AbstractRegistrate/REGISTRATE.REGISTER]: Captured registration for entry asurine of type minecraft:item
[27Jul2026 19:37:44.425] [modloading-worker-0/DEBUG] [com.tterrag.registrate.AbstractRegistrate/REGISTRATE.REGISTER]: Captured registration for entry asurine of type minecraft:block
[27Jul2026 19:37:44.426] [modloading-worker-0/DEBUG] [com.tterrag.registrate.AbstractRegistrate/REGISTRATE.REGISTER]: Captured registration for entry cut_asurine of type minecraft:item
[27Jul2026 19:37:44.426] [modloading-worker-0/DEBUG] [com.tterrag.registrate.AbstractRegistrate/REGISTRATE.REGISTER]: Captured registration for entry cut_asurine of type minecraft:block
[27Jul2026 19:37:44.427] [modloading-worker-0/DEBUG] [com.tterrag.registrate.AbstractRegistrate/REGISTRATE.REGISTER]: Captured registration for entry cut_asurine_stairs of type minecraft:item
[27Jul2026 19:37:44.428] [modloading-worker-0/DEBUG] [com.tterrag.registrate.AbstractRegistrate/REGISTRATE.REGISTER]: Captured registration for entry cut_asurine_stairs of type minecraft:block
[27Jul2026 19:37:44.429] [modloading-worker-0/DEBUG] [com.tterrag.registrate.AbstractRegistrate/REGISTRATE.REGISTER]: Captured registration for entry cut_asurine_slab of type minecraft:item
[27Jul2026 19:37:44.429] [modloading-worker-0/DEBUG] [com.tterrag.registrate.AbstractRegistrate/REGISTRATE.REGISTER]: Captured registration for entry cut_asurine_slab of type minecraft:block
[27Jul2026 19:37:44.429] [modloading-worker-0/DEBUG] [com.tterrag.registrate.AbstractRegistrate/REGISTRATE.REGISTER]: Captured registration for entry cut_asurine_wall of type minecraft:item
[27Jul2026 19:37:44.430] [modloading-worker-0/DEBUG] [com.tterrag.registrate.AbstractRegistrate/REGISTRATE.REGISTER]: Captured registration for entry cut_asurine_wall of type minecraft:block
[27Jul2026 19:37:44.430] [modloading-worker-0/DEBUG] [com.tterrag.registrate.AbstractRegistrate/REGISTRATE.REGISTER]: Captured registration for entry polished_cut_asurine of type minecraft:item
[27Jul2026 19:37:44.430] [modloading-worker-0/DEBUG] [com.tterrag.registrate.AbstractRegistrate/REGISTRATE.REGISTER]: Captured registration for entry polished_cut_asurine of type minecraft:block
[27Jul2026 19:37:44.430] [modloading-worker-0/DEBUG] [com.tterrag.registrate.AbstractRegistrate/REGISTRATE.REGISTER]: Captured registration for entry polished_cut_asurine_stairs of type minecraft:item
[27Jul2026 19:37:44.430] [modloading-worker-0/DEBUG] [com.tterrag.registrate.AbstractRegistrate/REGISTRATE.REGISTER]: Captured registration for entry polished_cut_asurine_stairs of type minecraft:block
[27Jul2026 19:37:44.430] [modloading-worker-0/DEBUG] [com.tterrag.registrate.AbstractRegistrate/REGISTRATE.REGISTER]: Captured registration for entry polished_cut_asurine_slab of type minecraft:item
[27Jul2026 19:37:44.430] [modloading-worker-0/DEBUG] [com.tterrag.registrate.AbstractRegistrate/REGISTRATE.REGISTER]: Captured registration for entry polished_cut_asurine_slab of type minecraft:block
[27Jul2026 19:37:44.431] [modloading-worker-0/DEBUG] [com.tterrag.registrate.AbstractRegistrate/REGISTRATE.REGISTER]: Captured registration for entry polished_cut_asurine_wall of type minecraft:item
[27Jul2026 19:37:44.431] [modloading-worker-0/DEBUG] [com.tterrag.registrate.AbstractRegistrate/REGISTRATE.REGISTER]: Captured registration for entry polished_cut_asurine_wall of type minecraft:block
[27Jul2026 19:37:44.431] [modloading-worker-0/DEBUG] [com.tterrag.registrate.AbstractRegistrate/REGISTRATE.REGISTER]: Captured registration for entry cut_asurine_bricks of type minecraft:item
[27Jul2026 19:37:44.431] [modloading-worker-0/DEBUG] [com.tterrag.registrate.AbstractRegistrate/REGISTRATE.REGISTER]: Captured registration for entry cut_asurine_bricks of type minecraft:block
[27Jul2026 19:37:44.432] [modloading-worker-0/DEBUG] [com.tterrag.registrate.AbstractRegistrate/REGISTRATE.REGISTER]: Captured registration for entry cut_asurine_brick_stairs of type minecraft:item
[27Jul2026 19:37:44.432] [modloading-worker-0/DEBUG] [com.tterrag.registrate.AbstractRegistrate/REGISTRATE.REGISTER]: Captured registration for entry cut_asurine_brick_stairs of type minecraft:block
[27Jul2026 19:37:44.432] [modloading-worker-0/DEBUG] [com.tterrag.registrate.AbstractRegistrate/REGISTRATE.REGISTER]: Captured registration for entry cut_asurine_brick_slab of type minecraft:item
[27Jul2026 19:37:44.432] [modloading-worker-0/DEBUG] [com.tterrag.registrate.AbstractRegistrate/REGISTRATE.REGISTER]: Captured registration for entry cut_asurine_brick_slab of type minecraft:block
[27Jul2026 19:37:44.433] [modloading-worker-0/DEBUG] [com.tterrag.registrate.AbstractRegistrate/REGISTRATE.REGISTER]: Captured registration for entry cut_asurine_brick_wall of type minecraft:item
[27Jul2026 19:37:44.433] [modloading-worker-0/DEBUG] [com.tterrag.registrate.AbstractRegistrate/REGISTRATE.REGISTER]: Captured registration for entry cut_asurine_brick_wall of type minecraft:block
[27Jul2026 19:37:44.433] [modloading-worker-0/DEBUG] [com.tterrag.registrate.AbstractRegistrate/REGISTRATE.REGISTER]: Captured registration for entry small_asurine_bricks of type minecraft:item
[27Jul2026 19:37:44.433] [modloading-worker-0/DEBUG] [com.tterrag.registrate.AbstractRegistrate/REGISTRATE.REGISTER]: Captured registration for entry small_asurine_bricks of type minecraft:block
[27Jul2026 19:37:44.434] [modloading-worker-0/DEBUG] [com.tterrag.registrate.AbstractRegistrate/REGISTRATE.REGISTER]: Captured registration for entry small_asurine_brick_stairs of type minecraft:item
[27Jul2026 19:37:44.434] [modloading-worker-0/DEBUG] [com.tterrag.registrate.AbstractRegistrate/REGISTRATE.REGISTER]: Captured registration for entry small_asurine_brick_stairs of type minecraft:block
[27Jul2026 19:37:44.434] [modloading-worker-0/DEBUG] [com.tterrag.registrate.AbstractRegistrate/REGISTRATE.REGISTER]: Captured registration for entry small_asurine_brick_slab of type minecraft:item
[27Jul2026 19:37:44.434] [modloading-worker-0/DEBUG] [com.tterrag.registrate.AbstractRegistrate/REGISTRATE.REGISTER]: Captured registration for entry small_asurine_brick_slab of type minecraft:block
[27Jul2026 19:37:44.435] [modloading-worker-0/DEBUG] [com.tterrag.registrate.AbstractRegistrate/REGISTRATE.REGISTER]: Captured registration for entry small_asurine_brick_wall of type minecraft:item
[27Jul2026 19:37:44.435] [modloading-worker-0/DEBUG] [com.tterrag.registrate.AbstractRegistrate/REGISTRATE.REGISTER]: Captured registration for entry small_asurine_brick_wall of type minecraft:block
[27Jul2026 19:37:44.435] [modloading-worker-0/DEBUG] [com.tterrag.registrate.AbstractRegistrate/REGISTRATE.REGISTER]: Captured registration for entry layered_asurine of type minecraft:item
[27Jul2026 19:37:44.435] [modloading-worker-0/DEBUG] [com.tterrag.registrate.AbstractRegistrate/REGISTRATE.REGISTER]: Captured registration for entry layered_asurine of type minecraft:block
[27Jul2026 19:37:44.435] [modloading-worker-0/DEBUG] [com.tterrag.registrate.AbstractRegistrate/REGISTRATE.REGISTER]: Captured registration for entry asurine_pillar of type minecraft:item
[27Jul2026 19:37:44.436] [modloading-worker-0/DEBUG] [com.tterrag.registrate.AbstractRegistrate/REGISTRATE.REGISTER]: Captured registration for entry asurine_pillar of type minecraft:block
[27Jul2026 19:37:44.438] [modloading-worker-0/DEBUG] [com.tterrag.registrate.AbstractRegistrate/REGISTRATE.REGISTER]: Captured registration for entry crimsite of type minecraft:item
[27Jul2026 19:37:44.438] [modloading-worker-0/DEBUG] [com.tterrag.registrate.AbstractRegistrate/REGISTRATE.REGISTER]: Captured registration for entry crimsite of type minecraft:block
[27Jul2026 19:37:44.439] [modloading-worker-0/DEBUG] [com.tterrag.registrate.AbstractRegistrate/REGISTRATE.REGISTER]: Captured registration for entry cut_crimsite of type minecraft:item
[27Jul2026 19:37:44.439] [modloading-worker-0/DEBUG] [com.tterrag.registrate.AbstractRegistrate/REGISTRATE.REGISTER]: Captured registration for entry cut_crimsite of type minecraft:block
[27Jul2026 19:37:44.439] [modloading-worker-0/DEBUG] [com.tterrag.registrate.AbstractRegistrate/REGISTRATE.REGISTER]: Captured registration for entry cut_crimsite_stairs of type minecraft:item
[27Jul2026 19:37:44.439] [modloading-worker-0/DEBUG] [com.tterrag.registrate.AbstractRegistrate/REGISTRATE.REGISTER]: Captured registration for entry cut_crimsite_stairs of type minecraft:block
[27Jul2026 19:37:44.440] [modloading-worker-0/DEBUG] [com.tterrag.registrate.AbstractRegistrate/REGISTRATE.REGISTER]: Captured registration for entry cut_crimsite_slab of type minecraft:item
[27Jul2026 19:37:44.440] [modloading-worker-0/DEBUG] [com.tterrag.registrate.AbstractRegistrate/REGISTRATE.REGISTER]: Captured registration for entry cut_crimsite_slab of type minecraft:block
[27Jul2026 19:37:44.440] [modloading-worker-0/DEBUG] [com.tterrag.registrate.AbstractRegistrate/REGISTRATE.REGISTER]: Captured registration for entry cut_crimsite_wall of type minecraft:item
[27Jul2026 19:37:44.440] [modloading-worker-0/DEBUG] [com.tterrag.registrate.AbstractRegistrate/REGISTRATE.REGISTER]: Captured registration for entry cut_crimsite_wall of type minecraft:block
[27Jul2026 19:37:44.440] [modloading-worker-0/DEBUG] [com.tterrag.registrate.AbstractRegistrate/REGISTRATE.REGISTER]: Captured registration for entry polished_cut_crimsite of type minecraft:item
[27Jul2026 19:37:44.440] [modloading-worker-0/DEBUG] [com.tterrag.registrate.AbstractRegistrate/REGISTRATE.REGISTER]: Captured registration for entry polished_cut_crimsite of type minecraft:block
[27Jul2026 19:37:44.441] [modloading-worker-0/DEBUG] [com.tterrag.registrate.AbstractRegistrate/REGISTRATE.REGISTER]: Captured registration for entry polished_cut_crimsite_stairs of type minecraft:item
[27Jul2026 19:37:44.441] [modloading-worker-0/DEBUG] [com.tterrag.registrate.AbstractRegistrate/REGISTRATE.REGISTER]: Captured registration for entry polished_cut_crimsite_stairs of type minecraft:block
[27Jul2026 19:37:44.441] [modloading-worker-0/DEBUG] [com.tterrag.registrate.AbstractRegistrate/REGISTRATE.REGISTER]: Captured registration for entry polished_cut_crimsite_slab of type minecraft:item
[27Jul2026 19:37:44.441] [modloading-worker-0/DEBUG] [com.tterrag.registrate.AbstractRegistrate/REGISTRATE.REGISTER]: Captured registration for entry polished_cut_crimsite_slab of type minecraft:block
[27Jul2026 19:37:44.441] [modloading-worker-0/DEBUG] [com.tterrag.registrate.AbstractRegistrate/REGISTRATE.REGISTER]: Captured registration for entry polished_cut_crimsite_wall of type minecraft:item
[27Jul2026 19:37:44.441] [modloading-worker-0/DEBUG] [com.tterrag.registrate.AbstractRegistrate/REGISTRATE.REGISTER]: Captured registration for entry polished_cut_crimsite_wall of type minecraft:block
[27Jul2026 19:37:44.442] [modloading-worker-0/DEBUG] [com.tterrag.registrate.AbstractRegistrate/REGISTRATE.REGISTER]: Captured registration for entry cut_crimsite_bricks of type minecraft:item
[27Jul2026 19:37:44.442] [modloading-worker-0/DEBUG] [com.tterrag.registrate.AbstractRegistrate/REGISTRATE.REGISTER]: Captured registration for entry cut_crimsite_bricks of type minecraft:block
[27Jul2026 19:37:44.442] [modloading-worker-0/DEBUG] [com.tterrag.registrate.AbstractRegistrate/REGISTRATE.REGISTER]: Captured registration for entry cut_crimsite_brick_stairs of type minecraft:item
[27Jul2026 19:37:44.442] [modloading-worker-0/DEBUG] [com.tterrag.registrate.AbstractRegistrate/REGISTRATE.REGISTER]: Captured registration for entry cut_crimsite_brick_stairs of type minecraft:block
[27Jul2026 19:37:44.442] [modloading-worker-0/DEBUG] [com.tterrag.registrate.AbstractRegistrate/REGISTRATE.REGISTER]: Captured registration for entry cut_crimsite_brick_slab of type minecraft:item
[27Jul2026 19:37:44.442] [modloading-worker-0/DEBUG] [com.tterrag.registrate.AbstractRegistrate/REGISTRATE.REGISTER]: Captured registration for entry cut_crimsite_brick_slab of type minecraft:block
[27Jul2026 19:37:44.443] [modloading-worker-0/DEBUG] [com.tterrag.registrate.AbstractRegistrate/REGISTRATE.REGISTER]: Captured registration for entry cut_crimsite_brick_wall of type minecraft:item
[27Jul2026 19:37:44.443] [modloading-worker-0/DEBUG] [com.tterrag.registrate.AbstractRegistrate/REGISTRATE.REGISTER]: Captured registration for entry cut_crimsite_brick_wall of type minecraft:block
[27Jul2026 19:37:44.443] [modloading-worker-0/DEBUG] [com.tterrag.registrate.AbstractRegistrate/REGISTRATE.REGISTER]: Captured registration for entry small_crimsite_bricks of type minecraft:item
[27Jul2026 19:37:44.443] [modloading-worker-0/DEBUG] [com.tterrag.registrate.AbstractRegistrate/REGISTRATE.REGISTER]: Captured registration for entry small_crimsite_bricks of type minecraft:block
[27Jul2026 19:37:44.444] [modloading-worker-0/DEBUG] [com.tterrag.registrate.AbstractRegistrate/REGISTRATE.REGISTER]: Captured registration for entry small_crimsite_brick_stairs of type minecraft:item
[27Jul2026 19:37:44.444] [modloading-worker-0/DEBUG] [com.tterrag.registrate.AbstractRegistrate/REGISTRATE.REGISTER]: Captured registration for entry small_crimsite_brick_stairs of type minecraft:block
[27Jul2026 19:37:44.445] [modloading-worker-0/DEBUG] [com.tterrag.registrate.AbstractRegistrate/REGISTRATE.REGISTER]: Captured registration for entry small_crimsite_brick_slab of type minecraft:item
[27Jul2026 19:37:44.446] [modloading-worker-0/DEBUG] [com.tterrag.registrate.AbstractRegistrate/REGISTRATE.REGISTER]: Captured registration for entry small_crimsite_brick_slab of type minecraft:block
[27Jul2026 19:37:44.447] [modloading-worker-0/DEBUG] [com.tterrag.registrate.AbstractRegistrate/REGISTRATE.REGISTER]: Captured registration for entry small_crimsite_brick_wall of type minecraft:item
[27Jul2026 19:37:44.447] [modloading-worker-0/DEBUG] [com.tterrag.registrate.AbstractRegistrate/REGISTRATE.REGISTER]: Captured registration for entry small_crimsite_brick_wall of type minecraft:block
[27Jul2026 19:37:44.447] [modloading-worker-0/DEBUG] [com.tterrag.registrate.AbstractRegistrate/REGISTRATE.REGISTER]: Captured registration for entry layered_crimsite of type minecraft:item
[27Jul2026 19:37:44.447] [modloading-worker-0/DEBUG] [com.tterrag.registrate.AbstractRegistrate/REGISTRATE.REGISTER]: Captured registration for entry layered_crimsite of type minecraft:block
[27Jul2026 19:37:44.448] [modloading-worker-0/DEBUG] [com.tterrag.registrate.AbstractRegistrate/REGISTRATE.REGISTER]: Captured registration for entry crimsite_pillar of type minecraft:item
[27Jul2026 19:37:44.448] [modloading-worker-0/DEBUG] [com.tterrag.registrate.AbstractRegistrate/REGISTRATE.REGISTER]: Captured registration for entry crimsite_pillar of type minecraft:block
[27Jul2026 19:37:44.449] [modloading-worker-0/DEBUG] [com.tterrag.registrate.AbstractRegistrate/REGISTRATE.REGISTER]: Captured registration for entry limestone of type minecraft:item
[27Jul2026 19:37:44.449] [modloading-worker-0/DEBUG] [com.tterrag.registrate.AbstractRegistrate/REGISTRATE.REGISTER]: Captured registration for entry limestone of type minecraft:block
[27Jul2026 19:37:44.450] [modloading-worker-0/DEBUG] [com.tterrag.registrate.AbstractRegistrate/REGISTRATE.REGISTER]: Captured registration for entry cut_limestone of type minecraft:item
[27Jul2026 19:37:44.450] [modloading-worker-0/DEBUG] [com.tterrag.registrate.AbstractRegistrate/REGISTRATE.REGISTER]: Captured registration for entry cut_limestone of type minecraft:block
[27Jul2026 19:37:44.450] [modloading-worker-0/DEBUG] [com.tterrag.registrate.AbstractRegistrate/REGISTRATE.REGISTER]: Captured registration for entry cut_limestone_stairs of type minecraft:item
[27Jul2026 19:37:44.450] [modloading-worker-0/DEBUG] [com.tterrag.registrate.AbstractRegistrate/REGISTRATE.REGISTER]: Captured registration for entry cut_limestone_stairs of type minecraft:block
[27Jul2026 19:37:44.450] [modloading-worker-0/DEBUG] [com.tterrag.registrate.AbstractRegistrate/REGISTRATE.REGISTER]: Captured registration for entry cut_limestone_slab of type minecraft:item
[27Jul2026 19:37:44.450] [modloading-worker-0/DEBUG] [com.tterrag.registrate.AbstractRegistrate/REGISTRATE.REGISTER]: Captured registration for entry cut_limestone_slab of type minecraft:block
[27Jul2026 19:37:44.451] [modloading-worker-0/DEBUG] [com.tterrag.registrate.AbstractRegistrate/REGISTRATE.REGISTER]: Captured registration for entry cut_limestone_wall of type minecraft:item
[27Jul2026 19:37:44.451] [modloading-worker-0/DEBUG] [com.tterrag.registrate.AbstractRegistrate/REGISTRATE.REGISTER]: Captured registration for entry cut_limestone_wall of type minecraft:block
[27Jul2026 19:37:44.451] [modloading-worker-0/DEBUG] [com.tterrag.registrate.AbstractRegistrate/REGISTRATE.REGISTER]: Captured registration for entry polished_cut_limestone of type minecraft:item
[27Jul2026 19:37:44.451] [modloading-worker-0/DEBUG] [com.tterrag.registrate.AbstractRegistrate/REGISTRATE.REGISTER]: Captured registration for entry polished_cut_limestone of type minecraft:block
[27Jul2026 19:37:44.451] [modloading-worker-0/DEBUG] [com.tterrag.registrate.AbstractRegistrate/REGISTRATE.REGISTER]: Captured registration for entry polished_cut_limestone_stairs of type minecraft:item
[27Jul2026 19:37:44.451] [modloading-worker-0/DEBUG] [com.tterrag.registrate.AbstractRegistrate/REGISTRATE.REGISTER]: Captured registration for entry polished_cut_limestone_stairs of type minecraft:block
[27Jul2026 19:37:44.452] [modloading-worker-0/DEBUG] [com.tterrag.registrate.AbstractRegistrate/REGISTRATE.REGISTER]: Captured registration for entry polished_cut_limestone_slab of type minecraft:item
[27Jul2026 19:37:44.452] [modloading-worker-0/DEBUG] [com.tterrag.registrate.AbstractRegistrate/REGISTRATE.REGISTER]: Captured registration for entry polished_cut_limestone_slab of type minecraft:block
[27Jul2026 19:37:44.452] [modloading-worker-0/DEBUG] [com.tterrag.registrate.AbstractRegistrate/REGISTRATE.REGISTER]: Captured registration for entry polished_cut_limestone_wall of type minecraft:item
[27Jul2026 19:37:44.452] [modloading-worker-0/DEBUG] [com.tterrag.registrate.AbstractRegistrate/REGISTRATE.REGISTER]: Captured registration for entry polished_cut_limestone_wall of type minecraft:block
[27Jul2026 19:37:44.452] [modloading-worker-0/DEBUG] [com.tterrag.registrate.AbstractRegistrate/REGISTRATE.REGISTER]: Captured registration for entry cut_limestone_bricks of type minecraft:item
[27Jul2026 19:37:44.452] [modloading-worker-0/DEBUG] [com.tterrag.registrate.AbstractRegistrate/REGISTRATE.REGISTER]: Captured registration for entry cut_limestone_bricks of type minecraft:block
[27Jul2026 19:37:44.453] [modloading-worker-0/DEBUG] [com.tterrag.registrate.AbstractRegistrate/REGISTRATE.REGISTER]: Captured registration for entry cut_limestone_brick_stairs of type minecraft:item
[27Jul2026 19:37:44.453] [modloading-worker-0/DEBUG] [com.tterrag.registrate.AbstractRegistrate/REGISTRATE.REGISTER]: Captured registration for entry cut_limestone_brick_stairs of type minecraft:block
[27Jul2026 19:37:44.453] [modloading-worker-0/DEBUG] [com.tterrag.registrate.AbstractRegistrate/REGISTRATE.REGISTER]: Captured registration for entry cut_limestone_brick_slab of type minecraft:item
[27Jul2026 19:37:44.453] [modloading-worker-0/DEBUG] [com.tterrag.registrate.AbstractRegistrate/REGISTRATE.REGISTER]: Captured registration for entry cut_limestone_brick_slab of type minecraft:block
[27Jul2026 19:37:44.453] [modloading-worker-0/DEBUG] [com.tterrag.registrate.AbstractRegistrate/REGISTRATE.REGISTER]: Captured registration for entry cut_limestone_brick_wall of type minecraft:item
[27Jul2026 19:37:44.453] [modloading-worker-0/DEBUG] [com.tterrag.registrate.AbstractRegistrate/REGISTRATE.REGISTER]: Captured registration for entry cut_limestone_brick_wall of type minecraft:block
[27Jul2026 19:37:44.454] [modloading-worker-0/DEBUG] [com.tterrag.registrate.AbstractRegistrate/REGISTRATE.REGISTER]: Captured registration for entry small_limestone_bricks of type minecraft:item
[27Jul2026 19:37:44.454] [modloading-worker-0/DEBUG] [com.tterrag.registrate.AbstractRegistrate/REGISTRATE.REGISTER]: Captured registration for entry small_limestone_bricks of type minecraft:block
[27Jul2026 19:37:44.454] [modloading-worker-0/DEBUG] [com.tterrag.registrate.AbstractRegistrate/REGISTRATE.REGISTER]: Captured registration for entry small_limestone_brick_stairs of type minecraft:item
[27Jul2026 19:37:44.454] [modloading-worker-0/DEBUG] [com.tterrag.registrate.AbstractRegistrate/REGISTRATE.REGISTER]: Captured registration for entry small_limestone_brick_stairs of type minecraft:block
[27Jul2026 19:37:44.454] [modloading-worker-0/DEBUG] [com.tterrag.registrate.AbstractRegistrate/REGISTRATE.REGISTER]: Captured registration for entry small_limestone_brick_slab of type minecraft:item
[27Jul2026 19:37:44.454] [modloading-worker-0/DEBUG] [com.tterrag.registrate.AbstractRegistrate/REGISTRATE.REGISTER]: Captured registration for entry small_limestone_brick_slab of type minecraft:block
[27Jul2026 19:37:44.455] [modloading-worker-0/DEBUG] [com.tterrag.registrate.AbstractRegistrate/REGISTRATE.REGISTER]: Captured registration for entry small_limestone_brick_wall of type minecraft:item
[27Jul2026 19:37:44.455] [modloading-worker-0/DEBUG] [com.tterrag.registrate.AbstractRegistrate/REGISTRATE.REGISTER]: Captured registration for entry small_limestone_brick_wall of type minecraft:block
[27Jul2026 19:37:44.455] [modloading-worker-0/DEBUG] [com.tterrag.registrate.AbstractRegistrate/REGISTRATE.REGISTER]: Captured registration for entry layered_limestone of type minecraft:item
[27Jul2026 19:37:44.455] [modloading-worker-0/DEBUG] [com.tterrag.registrate.AbstractRegistrate/REGISTRATE.REGISTER]: Captured registration for entry layered_limestone of type minecraft:block
[27Jul2026 19:37:44.455] [modloading-worker-0/DEBUG] [com.tterrag.registrate.AbstractRegistrate/REGISTRATE.REGISTER]: Captured registration for entry limestone_pillar of type minecraft:item
[27Jul2026 19:37:44.455] [modloading-worker-0/DEBUG] [com.tterrag.registrate.AbstractRegistrate/REGISTRATE.REGISTER]: Captured registration for entry limestone_pillar of type minecraft:block
[27Jul2026 19:37:44.456] [modloading-worker-0/DEBUG] [com.tterrag.registrate.AbstractRegistrate/REGISTRATE.REGISTER]: Captured registration for entry ochrum of type minecraft:item
[27Jul2026 19:37:44.456] [modloading-worker-0/DEBUG] [com.tterrag.registrate.AbstractRegistrate/REGISTRATE.REGISTER]: Captured registration for entry ochrum of type minecraft:block
[27Jul2026 19:37:44.456] [modloading-worker-0/DEBUG] [com.tterrag.registrate.AbstractRegistrate/REGISTRATE.REGISTER]: Captured registration for entry cut_ochrum of type minecraft:item
[27Jul2026 19:37:44.457] [modloading-worker-0/DEBUG] [com.tterrag.registrate.AbstractRegistrate/REGISTRATE.REGISTER]: Captured registration for entry cut_ochrum of type minecraft:block
[27Jul2026 19:37:44.457] [modloading-worker-0/DEBUG] [com.tterrag.registrate.AbstractRegistrate/REGISTRATE.REGISTER]: Captured registration for entry cut_ochrum_stairs of type minecraft:item
[27Jul2026 19:37:44.457] [modloading-worker-0/DEBUG] [com.tterrag.registrate.AbstractRegistrate/REGISTRATE.REGISTER]: Captured registration for entry cut_ochrum_stairs of type minecraft:block
[27Jul2026 19:37:44.457] [modloading-worker-0/DEBUG] [com.tterrag.registrate.AbstractRegistrate/REGISTRATE.REGISTER]: Captured registration for entry cut_ochrum_slab of type minecraft:item
[27Jul2026 19:37:44.457] [modloading-worker-0/DEBUG] [com.tterrag.registrate.AbstractRegistrate/REGISTRATE.REGISTER]: Captured registration for entry cut_ochrum_slab of type minecraft:block
[27Jul2026 19:37:44.457] [modloading-worker-0/DEBUG] [com.tterrag.registrate.AbstractRegistrate/REGISTRATE.REGISTER]: Captured registration for entry cut_ochrum_wall of type minecraft:item
[27Jul2026 19:37:44.457] [modloading-worker-0/DEBUG] [com.tterrag.registrate.AbstractRegistrate/REGISTRATE.REGISTER]: Captured registration for entry cut_ochrum_wall of type minecraft:block
[27Jul2026 19:37:44.458] [modloading-worker-0/DEBUG] [com.tterrag.registrate.AbstractRegistrate/REGISTRATE.REGISTER]: Captured registration for entry polished_cut_ochrum of type minecraft:item
[27Jul2026 19:37:44.458] [modloading-worker-0/DEBUG] [com.tterrag.registrate.AbstractRegistrate/REGISTRATE.REGISTER]: Captured registration for entry polished_cut_ochrum of type minecraft:block
[27Jul2026 19:37:44.458] [modloading-worker-0/DEBUG] [com.tterrag.registrate.AbstractRegistrate/REGISTRATE.REGISTER]: Captured registration for entry polished_cut_ochrum_stairs of type minecraft:item
[27Jul2026 19:37:44.458] [modloading-worker-0/DEBUG] [com.tterrag.registrate.AbstractRegistrate/REGISTRATE.REGISTER]: Captured registration for entry polished_cut_ochrum_stairs of type minecraft:block
[27Jul2026 19:37:44.458] [modloading-worker-0/DEBUG] [com.tterrag.registrate.AbstractRegistrate/REGISTRATE.REGISTER]: Captured registration for entry polished_cut_ochrum_slab of type minecraft:item
[27Jul2026 19:37:44.458] [modloading-worker-0/DEBUG] [com.tterrag.registrate.AbstractRegistrate/REGISTRATE.REGISTER]: Captured registration for entry polished_cut_ochrum_slab of type minecraft:block
[27Jul2026 19:37:44.459] [modloading-worker-0/DEBUG] [com.tterrag.registrate.AbstractRegistrate/REGISTRATE.REGISTER]: Captured registration for entry polished_cut_ochrum_wall of type minecraft:item
[27Jul2026 19:37:44.459] [modloading-worker-0/DEBUG] [com.tterrag.registrate.AbstractRegistrate/REGISTRATE.REGISTER]: Captured registration for entry polished_cut_ochrum_wall of type minecraft:block
[27Jul2026 19:37:44.459] [modloading-worker-0/DEBUG] [com.tterrag.registrate.AbstractRegistrate/REGISTRATE.REGISTER]: Captured registration for entry cut_ochrum_bricks of type minecraft:item
[27Jul2026 19:37:44.459] [modloading-worker-0/DEBUG] [com.tterrag.registrate.AbstractRegistrate/REGISTRATE.REGISTER]: Captured registration for entry cut_ochrum_bricks of type minecraft:block
[27Jul2026 19:37:44.459] [modloading-worker-0/DEBUG] [com.tterrag.registrate.AbstractRegistrate/REGISTRATE.REGISTER]: Captured registration for entry cut_ochrum_brick_stairs of type minecraft:item
[27Jul2026 19:37:44.459] [modloading-worker-0/DEBUG] [com.tterrag.registrate.AbstractRegistrate/REGISTRATE.REGISTER]: Captured registration for entry cut_ochrum_brick_stairs of type minecraft:block
[27Jul2026 19:37:44.460] [modloading-worker-0/DEBUG] [com.tterrag.registrate.AbstractRegistrate/REGISTRATE.REGISTER]: Captured registration for entry cut_ochrum_brick_slab of type minecraft:item
[27Jul2026 19:37:44.460] [modloading-worker-0/DEBUG] [com.tterrag.registrate.AbstractRegistrate/REGISTRATE.REGISTER]: Captured registration for entry cut_ochrum_brick_slab of type minecraft:block
[27Jul2026 19:37:44.460] [modloading-worker-0/DEBUG] [com.tterrag.registrate.AbstractRegistrate/REGISTRATE.REGISTER]: Captured registration for entry cut_ochrum_brick_wall of type minecraft:item
[27Jul2026 19:37:44.460] [modloading-worker-0/DEBUG] [com.tterrag.registrate.AbstractRegistrate/REGISTRATE.REGISTER]: Captured registration for entry cut_ochrum_brick_wall of type minecraft:block
[27Jul2026 19:37:44.460] [modloading-worker-0/DEBUG] [com.tterrag.registrate.AbstractRegistrate/REGISTRATE.REGISTER]: Captured registration for entry small_ochrum_bricks of type minecraft:item
[27Jul2026 19:37:44.460] [modloading-worker-0/DEBUG] [com.tterrag.registrate.AbstractRegistrate/REGISTRATE.REGISTER]: Captured registration for entry small_ochrum_bricks of type minecraft:block
[27Jul2026 19:37:44.460] [modloading-worker-0/DEBUG] [com.tterrag.registrate.AbstractRegistrate/REGISTRATE.REGISTER]: Captured registration for entry small_ochrum_brick_stairs of type minecraft:item
[27Jul2026 19:37:44.461] [modloading-worker-0/DEBUG] [com.tterrag.registrate.AbstractRegistrate/REGISTRATE.REGISTER]: Captured registration for entry small_ochrum_brick_stairs of type minecraft:block
[27Jul2026 19:37:44.461] [modloading-worker-0/DEBUG] [com.tterrag.registrate.AbstractRegistrate/REGISTRATE.REGISTER]: Captured registration for entry small_ochrum_brick_slab of type minecraft:item
[27Jul2026 19:37:44.461] [modloading-worker-0/DEBUG] [com.tterrag.registrate.AbstractRegistrate/REGISTRATE.REGISTER]: Captured registration for entry small_ochrum_brick_slab of type minecraft:block
[27Jul2026 19:37:44.461] [modloading-worker-0/DEBUG] [com.tterrag.registrate.AbstractRegistrate/REGISTRATE.REGISTER]: Captured registration for entry small_ochrum_brick_wall of type minecraft:item
[27Jul2026 19:37:44.461] [modloading-worker-0/DEBUG] [com.tterrag.registrate.AbstractRegistrate/REGISTRATE.REGISTER]: Captured registration for entry small_ochrum_brick_wall of type minecraft:block
[27Jul2026 19:37:44.461] [modloading-worker-0/DEBUG] [com.tterrag.registrate.AbstractRegistrate/REGISTRATE.REGISTER]: Captured registration for entry layered_ochrum of type minecraft:item
[27Jul2026 19:37:44.461] [modloading-worker-0/DEBUG] [com.tterrag.registrate.AbstractRegistrate/REGISTRATE.REGISTER]: Captured registration for entry layered_ochrum of type minecraft:block
[27Jul2026 19:37:44.462] [modloading-worker-0/DEBUG] [com.tterrag.registrate.AbstractRegistrate/REGISTRATE.REGISTER]: Captured registration for entry ochrum_pillar of type minecraft:item
[27Jul2026 19:37:44.462] [modloading-worker-0/DEBUG] [com.tterrag.registrate.AbstractRegistrate/REGISTRATE.REGISTER]: Captured registration for entry ochrum_pillar of type minecraft:block
[27Jul2026 19:37:44.462] [modloading-worker-0/DEBUG] [com.tterrag.registrate.AbstractRegistrate/REGISTRATE.REGISTER]: Captured registration for entry scoria of type minecraft:item
[27Jul2026 19:37:44.462] [modloading-worker-0/DEBUG] [com.tterrag.registrate.AbstractRegistrate/REGISTRATE.REGISTER]: Captured registration for entry scoria of type minecraft:block
[27Jul2026 19:37:44.463] [modloading-worker-0/DEBUG] [com.tterrag.registrate.AbstractRegistrate/REGISTRATE.REGISTER]: Captured registration for entry cut_scoria of type minecraft:item
[27Jul2026 19:37:44.463] [modloading-worker-0/DEBUG] [com.tterrag.registrate.AbstractRegistrate/REGISTRATE.REGISTER]: Captured registration for entry cut_scoria of type minecraft:block
[27Jul2026 19:37:44.463] [modloading-worker-0/DEBUG] [com.tterrag.registrate.AbstractRegistrate/REGISTRATE.REGISTER]: Captured registration for entry cut_scoria_stairs of type minecraft:item
[27Jul2026 19:37:44.463] [modloading-worker-0/DEBUG] [com.tterrag.registrate.AbstractRegistrate/REGISTRATE.REGISTER]: Captured registration for entry cut_scoria_stairs of type minecraft:block
[27Jul2026 19:37:44.463] [modloading-worker-0/DEBUG] [com.tterrag.registrate.AbstractRegistrate/REGISTRATE.REGISTER]: Captured registration for entry cut_scoria_slab of type minecraft:item
[27Jul2026 19:37:44.463] [modloading-worker-0/DEBUG] [com.tterrag.registrate.AbstractRegistrate/REGISTRATE.REGISTER]: Captured registration for entry cut_scoria_slab of type minecraft:block
[27Jul2026 19:37:44.464] [modloading-worker-0/DEBUG] [com.tterrag.registrate.AbstractRegistrate/REGISTRATE.REGISTER]: Captured registration for entry cut_scoria_wall of type minecraft:item
[27Jul2026 19:37:44.464] [modloading-worker-0/DEBUG] [com.tterrag.registrate.AbstractRegistrate/REGISTRATE.REGISTER]: Captured registration for entry cut_scoria_wall of type minecraft:block
[27Jul2026 19:37:44.464] [modloading-worker-0/DEBUG] [com.tterrag.registrate.AbstractRegistrate/REGISTRATE.REGISTER]: Captured registration for entry polished_cut_scoria of type minecraft:item
[27Jul2026 19:37:44.464] [modloading-worker-0/DEBUG] [com.tterrag.registrate.AbstractRegistrate/REGISTRATE.REGISTER]: Captured registration for entry polished_cut_scoria of type minecraft:block
[27Jul2026 19:37:44.464] [modloading-worker-0/DEBUG] [com.tterrag.registrate.AbstractRegistrate/REGISTRATE.REGISTER]: Captured registration for entry polished_cut_scoria_stairs of type minecraft:item
[27Jul2026 19:37:44.464] [modloading-worker-0/DEBUG] [com.tterrag.registrate.AbstractRegistrate/REGISTRATE.REGISTER]: Captured registration for entry polished_cut_scoria_stairs of type minecraft:block
[27Jul2026 19:37:44.464] [modloading-worker-0/DEBUG] [com.tterrag.registrate.AbstractRegistrate/REGISTRATE.REGISTER]: Captured registration for entry polished_cut_scoria_slab of type minecraft:item
[27Jul2026 19:37:44.464] [modloading-worker-0/DEBUG] [com.tterrag.registrate.AbstractRegistrate/REGISTRATE.REGISTER]: Captured registration for entry polished_cut_scoria_slab of type minecraft:block
[27Jul2026 19:37:44.465] [modloading-worker-0/DEBUG] [com.tterrag.registrate.AbstractRegistrate/REGISTRATE.REGISTER]: Captured registration for entry polished_cut_scoria_wall of type minecraft:item
[27Jul2026 19:37:44.465] [modloading-worker-0/DEBUG] [com.tterrag.registrate.AbstractRegistrate/REGISTRATE.REGISTER]: Captured registration for entry polished_cut_scoria_wall of type minecraft:block
[27Jul2026 19:37:44.465] [modloading-worker-0/DEBUG] [com.tterrag.registrate.AbstractRegistrate/REGISTRATE.REGISTER]: Captured registration for entry cut_scoria_bricks of type minecraft:item
[27Jul2026 19:37:44.465] [modloading-worker-0/DEBUG] [com.tterrag.registrate.AbstractRegistrate/REGISTRATE.REGISTER]: Captured registration for entry cut_scoria_bricks of type minecraft:block
[27Jul2026 19:37:44.465] [modloading-worker-0/DEBUG] [com.tterrag.registrate.AbstractRegistrate/REGISTRATE.REGISTER]: Captured registration for entry cut_scoria_brick_stairs of type minecraft:item
[27Jul2026 19:37:44.465] [modloading-worker-0/DEBUG] [com.tterrag.registrate.AbstractRegistrate/REGISTRATE.REGISTER]: Captured registration for entry cut_scoria_brick_stairs of type minecraft:block
[27Jul2026 19:37:44.465] [modloading-worker-0/DEBUG] [com.tterrag.registrate.AbstractRegistrate/REGISTRATE.REGISTER]: Captured registration for entry cut_scoria_brick_slab of type minecraft:item
[27Jul2026 19:37:44.465] [modloading-worker-0/DEBUG] [com.tterrag.registrate.AbstractRegistrate/REGISTRATE.REGISTER]: Captured registration for entry cut_scoria_brick_slab of type minecraft:block
[27Jul2026 19:37:44.466] [modloading-worker-0/DEBUG] [com.tterrag.registrate.AbstractRegistrate/REGISTRATE.REGISTER]: Captured registration for entry cut_scoria_brick_wall of type minecraft:item
[27Jul2026 19:37:44.466] [modloading-worker-0/DEBUG] [com.tterrag.registrate.AbstractRegistrate/REGISTRATE.REGISTER]: Captured registration for entry cut_scoria_brick_wall of type minecraft:block
[27Jul2026 19:37:44.466] [modloading-worker-0/DEBUG] [com.tterrag.registrate.AbstractRegistrate/REGISTRATE.REGISTER]: Captured registration for entry small_scoria_bricks of type minecraft:item
[27Jul2026 19:37:44.466] [modloading-worker-0/DEBUG] [com.tterrag.registrate.AbstractRegistrate/REGISTRATE.REGISTER]: Captured registration for entry small_scoria_bricks of type minecraft:block
[27Jul2026 19:37:44.466] [modloading-worker-0/DEBUG] [com.tterrag.registrate.AbstractRegistrate/REGISTRATE.REGISTER]: Captured registration for entry small_scoria_brick_stairs of type minecraft:item
[27Jul2026 19:37:44.466] [modloading-worker-0/DEBUG] [com.tterrag.registrate.AbstractRegistrate/REGISTRATE.REGISTER]: Captured registration for entry small_scoria_brick_stairs of type minecraft:block
[27Jul2026 19:37:44.467] [modloading-worker-0/DEBUG] [com.tterrag.registrate.AbstractRegistrate/REGISTRATE.REGISTER]: Captured registration for entry small_scoria_brick_slab of type minecraft:item
[27Jul2026 19:37:44.467] [modloading-worker-0/DEBUG] [com.tterrag.registrate.AbstractRegistrate/REGISTRATE.REGISTER]: Captured registration for entry small_scoria_brick_slab of type minecraft:block
[27Jul2026 19:37:44.467] [modloading-worker-0/DEBUG] [com.tterrag.registrate.AbstractRegistrate/REGISTRATE.REGISTER]: Captured registration for entry small_scoria_brick_wall of type minecraft:item
[27Jul2026 19:37:44.468] [modloading-worker-0/DEBUG] [com.tterrag.registrate.AbstractRegistrate/REGISTRATE.REGISTER]: Captured registration for entry small_scoria_brick_wall of type minecraft:block
[27Jul2026 19:37:44.468] [modloading-worker-0/DEBUG] [com.tterrag.registrate.AbstractRegistrate/REGISTRATE.REGISTER]: Captured registration for entry layered_scoria of type minecraft:item
[27Jul2026 19:37:44.468] [modloading-worker-0/DEBUG] [com.tterrag.registrate.AbstractRegistrate/REGISTRATE.REGISTER]: Captured registration for entry layered_scoria of type minecraft:block
[27Jul2026 19:37:44.468] [modloading-worker-0/DEBUG] [com.tterrag.registrate.AbstractRegistrate/REGISTRATE.REGISTER]: Captured registration for entry scoria_pillar of type minecraft:item
[27Jul2026 19:37:44.468] [modloading-worker-0/DEBUG] [com.tterrag.registrate.AbstractRegistrate/REGISTRATE.REGISTER]: Captured registration for entry scoria_pillar of type minecraft:block
[27Jul2026 19:37:44.469] [modloading-worker-0/DEBUG] [com.tterrag.registrate.AbstractRegistrate/REGISTRATE.REGISTER]: Captured registration for entry scorchia of type minecraft:item
[27Jul2026 19:37:44.469] [modloading-worker-0/DEBUG] [com.tterrag.registrate.AbstractRegistrate/REGISTRATE.REGISTER]: Captured registration for entry scorchia of type minecraft:block
[27Jul2026 19:37:44.469] [modloading-worker-0/DEBUG] [com.tterrag.registrate.AbstractRegistrate/REGISTRATE.REGISTER]: Captured registration for entry cut_scorchia of type minecraft:item
[27Jul2026 19:37:44.471] [modloading-worker-0/DEBUG] [com.tterrag.registrate.AbstractRegistrate/REGISTRATE.REGISTER]: Captured registration for entry cut_scorchia of type minecraft:block
[27Jul2026 19:37:44.471] [modloading-worker-0/DEBUG] [com.tterrag.registrate.AbstractRegistrate/REGISTRATE.REGISTER]: Captured registration for entry cut_scorchia_stairs of type minecraft:item
[27Jul2026 19:37:44.471] [modloading-worker-0/DEBUG] [com.tterrag.registrate.AbstractRegistrate/REGISTRATE.REGISTER]: Captured registration for entry cut_scorchia_stairs of type minecraft:block
[27Jul2026 19:37:44.471] [modloading-worker-0/DEBUG] [com.tterrag.registrate.AbstractRegistrate/REGISTRATE.REGISTER]: Captured registration for entry cut_scorchia_slab of type minecraft:item
[27Jul2026 19:37:44.472] [modloading-worker-0/DEBUG] [com.tterrag.registrate.AbstractRegistrate/REGISTRATE.REGISTER]: Captured registration for entry cut_scorchia_slab of type minecraft:block
[27Jul2026 19:37:44.472] [modloading-worker-0/DEBUG] [com.tterrag.registrate.AbstractRegistrate/REGISTRATE.REGISTER]: Captured registration for entry cut_scorchia_wall of type minecraft:item
[27Jul2026 19:37:44.472] [modloading-worker-0/DEBUG] [com.tterrag.registrate.AbstractRegistrate/REGISTRATE.REGISTER]: Captured registration for entry cut_scorchia_wall of type minecraft:block
[27Jul2026 19:37:44.472] [modloading-worker-0/DEBUG] [com.tterrag.registrate.AbstractRegistrate/REGISTRATE.REGISTER]: Captured registration for entry polished_cut_scorchia of type minecraft:item
[27Jul2026 19:37:44.472] [modloading-worker-0/DEBUG] [com.tterrag.registrate.AbstractRegistrate/REGISTRATE.REGISTER]: Captured registration for entry polished_cut_scorchia of type minecraft:block
[27Jul2026 19:37:44.472] [modloading-worker-0/DEBUG] [com.tterrag.registrate.AbstractRegistrate/REGISTRATE.REGISTER]: Captured registration for entry polished_cut_scorchia_stairs of type minecraft:item
[27Jul2026 19:37:44.472] [modloading-worker-0/DEBUG] [com.tterrag.registrate.AbstractRegistrate/REGISTRATE.REGISTER]: Captured registration for entry polished_cut_scorchia_stairs of type minecraft:block
[27Jul2026 19:37:44.473] [modloading-worker-0/DEBUG] [com.tterrag.registrate.AbstractRegistrate/REGISTRATE.REGISTER]: Captured registration for entry polished_cut_scorchia_slab of type minecraft:item
[27Jul2026 19:37:44.473] [modloading-worker-0/DEBUG] [com.tterrag.registrate.AbstractRegistrate/REGISTRATE.REGISTER]: Captured registration for entry polished_cut_scorchia_slab of type minecraft:block
[27Jul2026 19:37:44.473] [modloading-worker-0/DEBUG] [com.tterrag.registrate.AbstractRegistrate/REGISTRATE.REGISTER]: Captured registration for entry polished_cut_scorchia_wall of type minecraft:item
[27Jul2026 19:37:44.473] [modloading-worker-0/DEBUG] [com.tterrag.registrate.AbstractRegistrate/REGISTRATE.REGISTER]: Captured registration for entry polished_cut_scorchia_wall of type minecraft:block
[27Jul2026 19:37:44.473] [modloading-worker-0/DEBUG] [com.tterrag.registrate.AbstractRegistrate/REGISTRATE.REGISTER]: Captured registration for entry cut_scorchia_bricks of type minecraft:item
[27Jul2026 19:37:44.473] [modloading-worker-0/DEBUG] [com.tterrag.registrate.AbstractRegistrate/REGISTRATE.REGISTER]: Captured registration for entry cut_scorchia_bricks of type minecraft:block
[27Jul2026 19:37:44.474] [modloading-worker-0/DEBUG] [com.tterrag.registrate.AbstractRegistrate/REGISTRATE.REGISTER]: Captured registration for entry cut_scorchia_brick_stairs of type minecraft:item
[27Jul2026 19:37:44.474] [modloading-worker-0/DEBUG] [com.tterrag.registrate.AbstractRegistrate/REGISTRATE.REGISTER]: Captured registration for entry cut_scorchia_brick_stairs of type minecraft:block
[27Jul2026 19:37:44.474] [modloading-worker-0/DEBUG] [com.tterrag.registrate.AbstractRegistrate/REGISTRATE.REGISTER]: Captured registration for entry cut_scorchia_brick_slab of type minecraft:item
[27Jul2026 19:37:44.474] [modloading-worker-0/DEBUG] [com.tterrag.registrate.AbstractRegistrate/REGISTRATE.REGISTER]: Captured registration for entry cut_scorchia_brick_slab of type minecraft:block
[27Jul2026 19:37:44.474] [modloading-worker-0/DEBUG] [com.tterrag.registrate.AbstractRegistrate/REGISTRATE.REGISTER]: Captured registration for entry cut_scorchia_brick_wall of type minecraft:item
[27Jul2026 19:37:44.474] [modloading-worker-0/DEBUG] [com.tterrag.registrate.AbstractRegistrate/REGISTRATE.REGISTER]: Captured registration for entry cut_scorchia_brick_wall of type minecraft:block
[27Jul2026 19:37:44.475] [modloading-worker-0/DEBUG] [com.tterrag.registrate.AbstractRegistrate/REGISTRATE.REGISTER]: Captured registration for entry small_scorchia_bricks of type minecraft:item
[27Jul2026 19:37:44.475] [modloading-worker-0/DEBUG] [com.tterrag.registrate.AbstractRegistrate/REGISTRATE.REGISTER]: Captured registration for entry small_scorchia_bricks of type minecraft:block
[27Jul2026 19:37:44.475] [modloading-worker-0/DEBUG] [com.tterrag.registrate.AbstractRegistrate/REGISTRATE.REGISTER]: Captured registration for entry small_scorchia_brick_stairs of type minecraft:item
[27Jul2026 19:37:44.475] [modloading-worker-0/DEBUG] [com.tterrag.registrate.AbstractRegistrate/REGISTRATE.REGISTER]: Captured registration for entry small_scorchia_brick_stairs of type minecraft:block
[27Jul2026 19:37:44.476] [modloading-worker-0/DEBUG] [com.tterrag.registrate.AbstractRegistrate/REGISTRATE.REGISTER]: Captured registration for entry small_scorchia_brick_slab of type minecraft:item
[27Jul2026 19:37:44.476] [modloading-worker-0/DEBUG] [com.tterrag.registrate.AbstractRegistrate/REGISTRATE.REGISTER]: Captured registration for entry small_scorchia_brick_slab of type minecraft:block
[27Jul2026 19:37:44.476] [modloading-worker-0/DEBUG] [com.tterrag.registrate.AbstractRegistrate/REGISTRATE.REGISTER]: Captured registration for entry small_scorchia_brick_wall of type minecraft:item
[27Jul2026 19:37:44.476] [modloading-worker-0/DEBUG] [com.tterrag.registrate.AbstractRegistrate/REGISTRATE.REGISTER]: Captured registration for entry small_scorchia_brick_wall of type minecraft:block
[27Jul2026 19:37:44.476] [modloading-worker-0/DEBUG] [com.tterrag.registrate.AbstractRegistrate/REGISTRATE.REGISTER]: Captured registration for entry layered_scorchia of type minecraft:item
[27Jul2026 19:37:44.477] [modloading-worker-0/DEBUG] [com.tterrag.registrate.AbstractRegistrate/REGISTRATE.REGISTER]: Captured registration for entry layered_scorchia of type minecraft:block
[27Jul2026 19:37:44.477] [modloading-worker-0/DEBUG] [com.tterrag.registrate.AbstractRegistrate/REGISTRATE.REGISTER]: Captured registration for entry scorchia_pillar of type minecraft:item
[27Jul2026 19:37:44.477] [modloading-worker-0/DEBUG] [com.tterrag.registrate.AbstractRegistrate/REGISTRATE.REGISTER]: Captured registration for entry scorchia_pillar of type minecraft:block
[27Jul2026 19:37:44.477] [modloading-worker-0/DEBUG] [com.tterrag.registrate.AbstractRegistrate/REGISTRATE.REGISTER]: Captured registration for entry veridium of type minecraft:item
[27Jul2026 19:37:44.478] [modloading-worker-0/DEBUG] [com.tterrag.registrate.AbstractRegistrate/REGISTRATE.REGISTER]: Captured registration for entry veridium of type minecraft:block
[27Jul2026 19:37:44.478] [modloading-worker-0/DEBUG] [com.tterrag.registrate.AbstractRegistrate/REGISTRATE.REGISTER]: Captured registration for entry cut_veridium of type minecraft:item
[27Jul2026 19:37:44.478] [modloading-worker-0/DEBUG] [com.tterrag.registrate.AbstractRegistrate/REGISTRATE.REGISTER]: Captured registration for entry cut_veridium of type minecraft:block
[27Jul2026 19:37:44.478] [modloading-worker-0/DEBUG] [com.tterrag.registrate.AbstractRegistrate/REGISTRATE.REGISTER]: Captured registration for entry cut_veridium_stairs of type minecraft:item
[27Jul2026 19:37:44.479] [modloading-worker-0/DEBUG] [com.tterrag.registrate.AbstractRegistrate/REGISTRATE.REGISTER]: Captured registration for entry cut_veridium_stairs of type minecraft:block
[27Jul2026 19:37:44.479] [modloading-worker-0/DEBUG] [com.tterrag.registrate.AbstractRegistrate/REGISTRATE.REGISTER]: Captured registration for entry cut_veridium_slab of type minecraft:item
[27Jul2026 19:37:44.479] [modloading-worker-0/DEBUG] [com.tterrag.registrate.AbstractRegistrate/REGISTRATE.REGISTER]: Captured registration for entry cut_veridium_slab of type minecraft:block
[27Jul2026 19:37:44.479] [modloading-worker-0/DEBUG] [com.tterrag.registrate.AbstractRegistrate/REGISTRATE.REGISTER]: Captured registration for entry cut_veridium_wall of type minecraft:item
[27Jul2026 19:37:44.479] [modloading-worker-0/DEBUG] [com.tterrag.registrate.AbstractRegistrate/REGISTRATE.REGISTER]: Captured registration for entry cut_veridium_wall of type minecraft:block
[27Jul2026 19:37:44.479] [modloading-worker-0/DEBUG] [com.tterrag.registrate.AbstractRegistrate/REGISTRATE.REGISTER]: Captured registration for entry polished_cut_veridium of type minecraft:item
[27Jul2026 19:37:44.479] [modloading-worker-0/DEBUG] [com.tterrag.registrate.AbstractRegistrate/REGISTRATE.REGISTER]: Captured registration for entry polished_cut_veridium of type minecraft:block
[27Jul2026 19:37:44.480] [modloading-worker-0/DEBUG] [com.tterrag.registrate.AbstractRegistrate/REGISTRATE.REGISTER]: Captured registration for entry polished_cut_veridium_stairs of type minecraft:item
[27Jul2026 19:37:44.480] [modloading-worker-0/DEBUG] [com.tterrag.registrate.AbstractRegistrate/REGISTRATE.REGISTER]: Captured registration for entry polished_cut_veridium_stairs of type minecraft:block
[27Jul2026 19:37:44.480] [modloading-worker-0/DEBUG] [com.tterrag.registrate.AbstractRegistrate/REGISTRATE.REGISTER]: Captured registration for entry polished_cut_veridium_slab of type minecraft:item
[27Jul2026 19:37:44.480] [modloading-worker-0/DEBUG] [com.tterrag.registrate.AbstractRegistrate/REGISTRATE.REGISTER]: Captured registration for entry polished_cut_veridium_slab of type minecraft:block
[27Jul2026 19:37:44.480] [modloading-worker-0/DEBUG] [com.tterrag.registrate.AbstractRegistrate/REGISTRATE.REGISTER]: Captured registration for entry polished_cut_veridium_wall of type minecraft:item
[27Jul2026 19:37:44.480] [modloading-worker-0/DEBUG] [com.tterrag.registrate.AbstractRegistrate/REGISTRATE.REGISTER]: Captured registration for entry polished_cut_veridium_wall of type minecraft:block
[27Jul2026 19:37:44.480] [modloading-worker-0/DEBUG] [com.tterrag.registrate.AbstractRegistrate/REGISTRATE.REGISTER]: Captured registration for entry cut_veridium_bricks of type minecraft:item
[27Jul2026 19:37:44.480] [modloading-worker-0/DEBUG] [com.tterrag.registrate.AbstractRegistrate/REGISTRATE.REGISTER]: Captured registration for entry cut_veridium_bricks of type minecraft:block
[27Jul2026 19:37:44.480] [modloading-worker-0/DEBUG] [com.tterrag.registrate.AbstractRegistrate/REGISTRATE.REGISTER]: Captured registration for entry cut_veridium_brick_stairs of type minecraft:item
[27Jul2026 19:37:44.481] [modloading-worker-0/DEBUG] [com.tterrag.registrate.AbstractRegistrate/REGISTRATE.REGISTER]: Captured registration for entry cut_veridium_brick_stairs of type minecraft:block
[27Jul2026 19:37:44.481] [modloading-worker-0/DEBUG] [com.tterrag.registrate.AbstractRegistrate/REGISTRATE.REGISTER]: Captured registration for entry cut_veridium_brick_slab of type minecraft:item
[27Jul2026 19:37:44.481] [modloading-worker-0/DEBUG] [com.tterrag.registrate.AbstractRegistrate/REGISTRATE.REGISTER]: Captured registration for entry cut_veridium_brick_slab of type minecraft:block
[27Jul2026 19:37:44.481] [modloading-worker-0/DEBUG] [com.tterrag.registrate.AbstractRegistrate/REGISTRATE.REGISTER]: Captured registration for entry cut_veridium_brick_wall of type minecraft:item
[27Jul2026 19:37:44.481] [modloading-worker-0/DEBUG] [com.tterrag.registrate.AbstractRegistrate/REGISTRATE.REGISTER]: Captured registration for entry cut_veridium_brick_wall of type minecraft:block
[27Jul2026 19:37:44.481] [modloading-worker-0/DEBUG] [com.tterrag.registrate.AbstractRegistrate/REGISTRATE.REGISTER]: Captured registration for entry small_veridium_bricks of type minecraft:item
[27Jul2026 19:37:44.481] [modloading-worker-0/DEBUG] [com.tterrag.registrate.AbstractRegistrate/REGISTRATE.REGISTER]: Captured registration for entry small_veridium_bricks of type minecraft:block
[27Jul2026 19:37:44.482] [modloading-worker-0/DEBUG] [com.tterrag.registrate.AbstractRegistrate/REGISTRATE.REGISTER]: Captured registration for entry small_veridium_brick_stairs of type minecraft:item
[27Jul2026 19:37:44.482] [modloading-worker-0/DEBUG] [com.tterrag.registrate.AbstractRegistrate/REGISTRATE.REGISTER]: Captured registration for entry small_veridium_brick_stairs of type minecraft:block
[27Jul2026 19:37:44.482] [modloading-worker-0/DEBUG] [com.tterrag.registrate.AbstractRegistrate/REGISTRATE.REGISTER]: Captured registration for entry small_veridium_brick_slab of type minecraft:item
[27Jul2026 19:37:44.482] [modloading-worker-0/DEBUG] [com.tterrag.registrate.AbstractRegistrate/REGISTRATE.REGISTER]: Captured registration for entry small_veridium_brick_slab of type minecraft:block
[27Jul2026 19:37:44.482] [modloading-worker-0/DEBUG] [com.tterrag.registrate.AbstractRegistrate/REGISTRATE.REGISTER]: Captured registration for entry small_veridium_brick_wall of type minecraft:item
[27Jul2026 19:37:44.482] [modloading-worker-0/DEBUG] [com.tterrag.registrate.AbstractRegistrate/REGISTRATE.REGISTER]: Captured registration for entry small_veridium_brick_wall of type minecraft:block
[27Jul2026 19:37:44.482] [modloading-worker-0/DEBUG] [com.tterrag.registrate.AbstractRegistrate/REGISTRATE.REGISTER]: Captured registration for entry layered_veridium of type minecraft:item
[27Jul2026 19:37:44.483] [modloading-worker-0/DEBUG] [com.tterrag.registrate.AbstractRegistrate/REGISTRATE.REGISTER]: Captured registration for entry layered_veridium of type minecraft:block
[27Jul2026 19:37:44.483] [modloading-worker-0/DEBUG] [com.tterrag.registrate.AbstractRegistrate/REGISTRATE.REGISTER]: Captured registration for entry veridium_pillar of type minecraft:item
[27Jul2026 19:37:44.483] [modloading-worker-0/DEBUG] [com.tterrag.registrate.AbstractRegistrate/REGISTRATE.REGISTER]: Captured registration for entry veridium_pillar of type minecraft:block
[27Jul2026 19:37:44.490] [modloading-worker-0/DEBUG] [com.tterrag.registrate.AbstractRegistrate/REGISTRATE.REGISTER]: Captured registration for entry schematic_table of type minecraft:menu
[27Jul2026 19:37:44.494] [modloading-worker-0/DEBUG] [com.tterrag.registrate.AbstractRegistrate/REGISTRATE.REGISTER]: Captured registration for entry schematicannon of type minecraft:menu
[27Jul2026 19:37:44.498] [modloading-worker-0/DEBUG] [com.tterrag.registrate.AbstractRegistrate/REGISTRATE.REGISTER]: Captured registration for entry filter of type minecraft:menu
[27Jul2026 19:37:44.502] [modloading-worker-0/DEBUG] [com.tterrag.registrate.AbstractRegistrate/REGISTRATE.REGISTER]: Captured registration for entry attribute_filter of type minecraft:menu
[27Jul2026 19:37:44.504] [modloading-worker-0/DEBUG] [com.tterrag.registrate.AbstractRegistrate/REGISTRATE.REGISTER]: Captured registration for entry package_filter of type minecraft:menu
[27Jul2026 19:37:44.508] [modloading-worker-0/DEBUG] [com.tterrag.registrate.AbstractRegistrate/REGISTRATE.REGISTER]: Captured registration for entry crafting_blueprint of type minecraft:menu
[27Jul2026 19:37:44.509] [modloading-worker-0/DEBUG] [com.tterrag.registrate.AbstractRegistrate/REGISTRATE.REGISTER]: Captured registration for entry linked_controller of type minecraft:menu
[27Jul2026 19:37:44.513] [modloading-worker-0/DEBUG] [com.tterrag.registrate.AbstractRegistrate/REGISTRATE.REGISTER]: Captured registration for entry toolbox of type minecraft:menu
[27Jul2026 19:37:44.515] [modloading-worker-0/DEBUG] [com.tterrag.registrate.AbstractRegistrate/REGISTRATE.REGISTER]: Captured registration for entry schedule of type minecraft:menu
[27Jul2026 19:37:44.518] [modloading-worker-0/DEBUG] [com.tterrag.registrate.AbstractRegistrate/REGISTRATE.REGISTER]: Captured registration for entry stock_keeper_category of type minecraft:menu
[27Jul2026 19:37:44.520] [modloading-worker-0/DEBUG] [com.tterrag.registrate.AbstractRegistrate/REGISTRATE.REGISTER]: Captured registration for entry stock_keeper_request of type minecraft:menu
[27Jul2026 19:37:44.524] [modloading-worker-0/DEBUG] [com.tterrag.registrate.AbstractRegistrate/REGISTRATE.REGISTER]: Captured registration for entry package_port of type minecraft:menu
[27Jul2026 19:37:44.528] [modloading-worker-0/DEBUG] [com.tterrag.registrate.AbstractRegistrate/REGISTRATE.REGISTER]: Captured registration for entry redstone_requester of type minecraft:menu
[27Jul2026 19:37:44.531] [modloading-worker-0/DEBUG] [com.tterrag.registrate.AbstractRegistrate/REGISTRATE.REGISTER]: Captured registration for entry factory_panel_set_item of type minecraft:menu
[27Jul2026 19:37:44.545] [modloading-worker-0/DEBUG] [com.tterrag.registrate.AbstractRegistrate/REGISTRATE.REGISTER]: Captured registration for entry contraption of type minecraft:entity_type
[27Jul2026 19:37:44.548] [modloading-worker-0/DEBUG] [com.tterrag.registrate.AbstractRegistrate/REGISTRATE.REGISTER]: Captured registration for entry stationary_contraption of type minecraft:entity_type
[27Jul2026 19:37:44.552] [modloading-worker-0/DEBUG] [com.tterrag.registrate.AbstractRegistrate/REGISTRATE.REGISTER]: Captured registration for entry gantry_contraption of type minecraft:entity_type
[27Jul2026 19:37:44.561] [modloading-worker-0/DEBUG] [com.tterrag.registrate.AbstractRegistrate/REGISTRATE.REGISTER]: Captured registration for entry carriage_contraption of type minecraft:entity_type
[27Jul2026 19:37:44.565] [modloading-worker-0/DEBUG] [com.tterrag.registrate.AbstractRegistrate/REGISTRATE.REGISTER]: Captured registration for entry super_glue of type minecraft:entity_type
[27Jul2026 19:37:44.566] [modloading-worker-0/DEBUG] [com.tterrag.registrate.AbstractRegistrate/REGISTRATE.REGISTER]: Captured registration for entry crafting_blueprint of type minecraft:entity_type
[27Jul2026 19:37:44.569] [modloading-worker-0/DEBUG] [com.tterrag.registrate.AbstractRegistrate/REGISTRATE.REGISTER]: Captured registration for entry potato_projectile of type minecraft:entity_type
[27Jul2026 19:37:44.571] [modloading-worker-0/DEBUG] [com.tterrag.registrate.AbstractRegistrate/REGISTRATE.REGISTER]: Captured registration for entry seat of type minecraft:entity_type
[27Jul2026 19:37:44.577] [modloading-worker-0/DEBUG] [com.tterrag.registrate.AbstractRegistrate/REGISTRATE.REGISTER]: Captured registration for entry package of type minecraft:entity_type
[27Jul2026 19:37:44.595] [modloading-worker-0/DEBUG] [com.tterrag.registrate.AbstractRegistrate/REGISTRATE.REGISTER]: Captured registration for entry schematicannon of type minecraft:block_entity_type
[27Jul2026 19:37:44.600] [modloading-worker-0/DEBUG] [com.tterrag.registrate.AbstractRegistrate/REGISTRATE.REGISTER]: Captured registration for entry schematic_table of type minecraft:block_entity_type
[27Jul2026 19:37:44.604] [modloading-worker-0/DEBUG] [com.tterrag.registrate.AbstractRegistrate/REGISTRATE.REGISTER]: Captured registration for entry simple_kinetic of type minecraft:block_entity_type
[27Jul2026 19:37:44.613] [modloading-worker-0/DEBUG] [com.tterrag.registrate.AbstractRegistrate/REGISTRATE.REGISTER]: Captured registration for entry motor of type minecraft:block_entity_type
[27Jul2026 19:37:44.617] [modloading-worker-0/DEBUG] [com.tterrag.registrate.AbstractRegistrate/REGISTRATE.REGISTER]: Captured registration for entry gearbox of type minecraft:block_entity_type
[27Jul2026 19:37:44.619] [modloading-worker-0/DEBUG] [com.tterrag.registrate.AbstractRegistrate/REGISTRATE.REGISTER]: Captured registration for entry encased_shaft of type minecraft:block_entity_type
[27Jul2026 19:37:44.620] [modloading-worker-0/DEBUG] [com.tterrag.registrate.AbstractRegistrate/REGISTRATE.REGISTER]: Captured registration for entry encased_cogwheel of type minecraft:block_entity_type
[27Jul2026 19:37:44.620] [modloading-worker-0/DEBUG] [com.tterrag.registrate.AbstractRegistrate/REGISTRATE.REGISTER]: Captured registration for entry encased_large_cogwheel of type minecraft:block_entity_type
[27Jul2026 19:37:44.624] [modloading-worker-0/DEBUG] [com.tterrag.registrate.AbstractRegistrate/REGISTRATE.REGISTER]: Captured registration for entry adjustable_chain_gearshift of type minecraft:block_entity_type
[27Jul2026 19:37:44.628] [modloading-worker-0/DEBUG] [com.tterrag.registrate.AbstractRegistrate/REGISTRATE.REGISTER]: Captured registration for entry encased_fan of type minecraft:block_entity_type
[27Jul2026 19:37:44.631] [modloading-worker-0/DEBUG] [com.tterrag.registrate.AbstractRegistrate/REGISTRATE.REGISTER]: Captured registration for entry nozzle of type minecraft:block_entity_type
[27Jul2026 19:37:44.635] [modloading-worker-0/DEBUG] [com.tterrag.registrate.AbstractRegistrate/REGISTRATE.REGISTER]: Captured registration for entry clutch of type minecraft:block_entity_type
[27Jul2026 19:37:44.637] [modloading-worker-0/DEBUG] [com.tterrag.registrate.AbstractRegistrate/REGISTRATE.REGISTER]: Captured registration for entry gearshift of type minecraft:block_entity_type
[27Jul2026 19:37:44.638] [modloading-worker-0/DEBUG] [com.tterrag.registrate.AbstractRegistrate/REGISTRATE.REGISTER]: Captured registration for entry turntable of type minecraft:block_entity_type
[27Jul2026 19:37:44.641] [modloading-worker-0/DEBUG] [com.tterrag.registrate.AbstractRegistrate/REGISTRATE.REGISTER]: Captured registration for entry hand_crank of type minecraft:block_entity_type
[27Jul2026 19:37:44.645] [modloading-worker-0/DEBUG] [com.tterrag.registrate.AbstractRegistrate/REGISTRATE.REGISTER]: Captured registration for entry valve_handle of type minecraft:block_entity_type
[27Jul2026 19:37:44.651] [modloading-worker-0/DEBUG] [com.tterrag.registrate.AbstractRegistrate/REGISTRATE.REGISTER]: Captured registration for entry cuckoo_clock of type minecraft:block_entity_type
[27Jul2026 19:37:44.655] [modloading-worker-0/DEBUG] [com.tterrag.registrate.AbstractRegistrate/REGISTRATE.REGISTER]: Captured registration for entry gantry_shaft of type minecraft:block_entity_type
[27Jul2026 19:37:44.665] [modloading-worker-0/DEBUG] [com.tterrag.registrate.AbstractRegistrate/REGISTRATE.REGISTER]: Captured registration for entry gantry_pinion of type minecraft:block_entity_type
[27Jul2026 19:37:44.673] [modloading-worker-0/DEBUG] [com.tterrag.registrate.AbstractRegistrate/REGISTRATE.REGISTER]: Captured registration for entry chain_conveyor of type minecraft:block_entity_type
[27Jul2026 19:37:44.678] [modloading-worker-0/DEBUG] [com.tterrag.registrate.AbstractRegistrate/REGISTRATE.REGISTER]: Captured registration for entry mechanical_pump of type minecraft:block_entity_type
[27Jul2026 19:37:44.683] [modloading-worker-0/DEBUG] [com.tterrag.registrate.AbstractRegistrate/REGISTRATE.REGISTER]: Captured registration for entry smart_fluid_pipe of type minecraft:block_entity_type
[27Jul2026 19:37:44.685] [modloading-worker-0/DEBUG] [com.tterrag.registrate.AbstractRegistrate/REGISTRATE.REGISTER]: Captured registration for entry fluid_pipe of type minecraft:block_entity_type
[27Jul2026 19:37:44.686] [modloading-worker-0/DEBUG] [com.tterrag.registrate.AbstractRegistrate/REGISTRATE.REGISTER]: Captured registration for entry encased_fluid_pipe of type minecraft:block_entity_type
[27Jul2026 19:37:44.688] [modloading-worker-0/DEBUG] [com.tterrag.registrate.AbstractRegistrate/REGISTRATE.REGISTER]: Captured registration for entry glass_fluid_pipe of type minecraft:block_entity_type
[27Jul2026 19:37:44.692] [modloading-worker-0/DEBUG] [com.tterrag.registrate.AbstractRegistrate/REGISTRATE.REGISTER]: Captured registration for entry fluid_valve of type minecraft:block_entity_type
[27Jul2026 19:37:44.701] [modloading-worker-0/DEBUG] [com.tterrag.registrate.AbstractRegistrate/REGISTRATE.REGISTER]: Captured registration for entry fluid_tank of type minecraft:block_entity_type
[27Jul2026 19:37:44.705] [modloading-worker-0/DEBUG] [com.tterrag.registrate.AbstractRegistrate/REGISTRATE.REGISTER]: Captured registration for entry creative_fluid_tank of type minecraft:block_entity_type
[27Jul2026 19:37:44.708] [modloading-worker-0/DEBUG] [com.tterrag.registrate.AbstractRegistrate/REGISTRATE.REGISTER]: Captured registration for entry hose_pulley of type minecraft:block_entity_type
[27Jul2026 19:37:44.712] [modloading-worker-0/DEBUG] [com.tterrag.registrate.AbstractRegistrate/REGISTRATE.REGISTER]: Captured registration for entry spout of type minecraft:block_entity_type
[27Jul2026 19:37:44.713] [modloading-worker-0/DEBUG] [com.tterrag.registrate.AbstractRegistrate/REGISTRATE.REGISTER]: Captured registration for entry item_drain of type minecraft:block_entity_type
[27Jul2026 19:37:44.719] [modloading-worker-0/DEBUG] [com.tterrag.registrate.AbstractRegistrate/REGISTRATE.REGISTER]: Captured registration for entry belt of type minecraft:block_entity_type
[27Jul2026 19:37:44.726] [modloading-worker-0/DEBUG] [com.tterrag.registrate.AbstractRegistrate/REGISTRATE.REGISTER]: Captured registration for entry chute of type minecraft:block_entity_type
[27Jul2026 19:37:44.730] [modloading-worker-0/DEBUG] [com.tterrag.registrate.AbstractRegistrate/REGISTRATE.REGISTER]: Captured registration for entry smart_chute of type minecraft:block_entity_type
[27Jul2026 19:37:44.734] [modloading-worker-0/DEBUG] [com.tterrag.registrate.AbstractRegistrate/REGISTRATE.REGISTER]: Captured registration for entry andesite_tunnel of type minecraft:block_entity_type
[27Jul2026 19:37:44.744] [modloading-worker-0/DEBUG] [com.tterrag.registrate.AbstractRegistrate/REGISTRATE.REGISTER]: Captured registration for entry brass_tunnel of type minecraft:block_entity_type
[27Jul2026 19:37:44.749] [modloading-worker-0/DEBUG] [com.tterrag.registrate.AbstractRegistrate/REGISTRATE.REGISTER]: Captured registration for entry mechanical_arm of type minecraft:block_entity_type
[27Jul2026 19:37:44.752] [modloading-worker-0/DEBUG] [com.tterrag.registrate.AbstractRegistrate/REGISTRATE.REGISTER]: Captured registration for entry item_vault of type minecraft:block_entity_type
[27Jul2026 19:37:44.754] [modloading-worker-0/DEBUG] [com.tterrag.registrate.AbstractRegistrate/REGISTRATE.REGISTER]: Captured registration for entry item_hatch of type minecraft:block_entity_type
[27Jul2026 19:37:44.759] [modloading-worker-0/DEBUG] [com.tterrag.registrate.AbstractRegistrate/REGISTRATE.REGISTER]: Captured registration for entry packager of type minecraft:block_entity_type
[27Jul2026 19:37:44.761] [modloading-worker-0/DEBUG] [com.tterrag.registrate.AbstractRegistrate/REGISTRATE.REGISTER]: Captured registration for entry repackager of type minecraft:block_entity_type
[27Jul2026 19:37:44.764] [modloading-worker-0/DEBUG] [com.tterrag.registrate.AbstractRegistrate/REGISTRATE.REGISTER]: Captured registration for entry package_frogport of type minecraft:block_entity_type
[27Jul2026 19:37:44.766] [modloading-worker-0/DEBUG] [com.tterrag.registrate.AbstractRegistrate/REGISTRATE.REGISTER]: Captured registration for entry package_postbox of type minecraft:block_entity_type
[27Jul2026 19:37:44.771] [modloading-worker-0/DEBUG] [com.tterrag.registrate.AbstractRegistrate/REGISTRATE.REGISTER]: Captured registration for entry table_cloth of type minecraft:block_entity_type
[27Jul2026 19:37:44.774] [modloading-worker-0/DEBUG] [com.tterrag.registrate.AbstractRegistrate/REGISTRATE.REGISTER]: Captured registration for entry packager_link of type minecraft:block_entity_type
[27Jul2026 19:37:44.778] [modloading-worker-0/DEBUG] [com.tterrag.registrate.AbstractRegistrate/REGISTRATE.REGISTER]: Captured registration for entry stock_ticker of type minecraft:block_entity_type
[27Jul2026 19:37:44.780] [modloading-worker-0/DEBUG] [com.tterrag.registrate.AbstractRegistrate/REGISTRATE.REGISTER]: Captured registration for entry redstone_requester of type minecraft:block_entity_type
[27Jul2026 19:37:44.786] [modloading-worker-0/DEBUG] [com.tterrag.registrate.AbstractRegistrate/REGISTRATE.REGISTER]: Captured registration for entry mechanical_piston of type minecraft:block_entity_type
[27Jul2026 19:37:44.792] [modloading-worker-0/DEBUG] [com.tterrag.registrate.AbstractRegistrate/REGISTRATE.REGISTER]: Captured registration for entry windmill_bearing of type minecraft:block_entity_type
[27Jul2026 19:37:44.793] [modloading-worker-0/DEBUG] [com.tterrag.registrate.AbstractRegistrate/REGISTRATE.REGISTER]: Captured registration for entry mechanical_bearing of type minecraft:block_entity_type
[27Jul2026 19:37:44.796] [modloading-worker-0/DEBUG] [com.tterrag.registrate.AbstractRegistrate/REGISTRATE.REGISTER]: Captured registration for entry clockwork_bearing of type minecraft:block_entity_type
[27Jul2026 19:37:44.800] [modloading-worker-0/DEBUG] [com.tterrag.registrate.AbstractRegistrate/REGISTRATE.REGISTER]: Captured registration for entry rope_pulley of type minecraft:block_entity_type
[27Jul2026 19:37:44.804] [modloading-worker-0/DEBUG] [com.tterrag.registrate.AbstractRegistrate/REGISTRATE.REGISTER]: Captured registration for entry elevator_pulley of type minecraft:block_entity_type
[27Jul2026 19:37:44.805] [modloading-worker-0/DEBUG] [com.tterrag.registrate.AbstractRegistrate/REGISTRATE.REGISTER]: Captured registration for entry elevator_contact of type minecraft:block_entity_type
[27Jul2026 19:37:44.808] [modloading-worker-0/DEBUG] [com.tterrag.registrate.AbstractRegistrate/REGISTRATE.REGISTER]: Captured registration for entry chassis of type minecraft:block_entity_type
[27Jul2026 19:37:44.810] [modloading-worker-0/DEBUG] [com.tterrag.registrate.AbstractRegistrate/REGISTRATE.REGISTER]: Captured registration for entry sticker of type minecraft:block_entity_type
[27Jul2026 19:37:44.812] [modloading-worker-0/DEBUG] [com.tterrag.registrate.AbstractRegistrate/REGISTRATE.REGISTER]: Captured registration for entry contraption_controls of type minecraft:block_entity_type
[27Jul2026 19:37:44.815] [modloading-worker-0/DEBUG] [com.tterrag.registrate.AbstractRegistrate/REGISTRATE.REGISTER]: Captured registration for entry drill of type minecraft:block_entity_type
[27Jul2026 19:37:44.819] [modloading-worker-0/DEBUG] [com.tterrag.registrate.AbstractRegistrate/REGISTRATE.REGISTER]: Captured registration for entry saw of type minecraft:block_entity_type
[27Jul2026 19:37:44.820] [modloading-worker-0/DEBUG] [com.tterrag.registrate.AbstractRegistrate/REGISTRATE.REGISTER]: Captured registration for entry harvester of type minecraft:block_entity_type
[27Jul2026 19:37:44.823] [modloading-worker-0/DEBUG] [com.tterrag.registrate.AbstractRegistrate/REGISTRATE.REGISTER]: Captured registration for entry mechanical_roller of type minecraft:block_entity_type
[27Jul2026 19:37:44.826] [modloading-worker-0/DEBUG] [com.tterrag.registrate.AbstractRegistrate/REGISTRATE.REGISTER]: Captured registration for entry portable_storage_interface of type minecraft:block_entity_type
[27Jul2026 19:37:44.827] [modloading-worker-0/DEBUG] [com.tterrag.registrate.AbstractRegistrate/REGISTRATE.REGISTER]: Captured registration for entry portable_fluid_interface of type minecraft:block_entity_type
[27Jul2026 19:37:44.832] [modloading-worker-0/DEBUG] [com.tterrag.registrate.AbstractRegistrate/REGISTRATE.REGISTER]: Captured registration for entry steam_engine of type minecraft:block_entity_type
[27Jul2026 19:37:44.834] [modloading-worker-0/DEBUG] [com.tterrag.registrate.AbstractRegistrate/REGISTRATE.REGISTER]: Captured registration for entry steam_whistle of type minecraft:block_entity_type
[27Jul2026 19:37:44.835] [modloading-worker-0/DEBUG] [com.tterrag.registrate.AbstractRegistrate/REGISTRATE.REGISTER]: Captured registration for entry powered_shaft of type minecraft:block_entity_type
[27Jul2026 19:37:44.837] [modloading-worker-0/DEBUG] [com.tterrag.registrate.AbstractRegistrate/REGISTRATE.REGISTER]: Captured registration for entry flywheel of type minecraft:block_entity_type
[27Jul2026 19:37:44.839] [modloading-worker-0/DEBUG] [com.tterrag.registrate.AbstractRegistrate/REGISTRATE.REGISTER]: Captured registration for entry millstone of type minecraft:block_entity_type
[27Jul2026 19:37:44.841] [modloading-worker-0/DEBUG] [com.tterrag.registrate.AbstractRegistrate/REGISTRATE.REGISTER]: Captured registration for entry crushing_wheel of type minecraft:block_entity_type
[27Jul2026 19:37:44.844] [modloading-worker-0/DEBUG] [com.tterrag.registrate.AbstractRegistrate/REGISTRATE.REGISTER]: Captured registration for entry crushing_wheel_controller of type minecraft:block_entity_type
[27Jul2026 19:37:44.846] [modloading-worker-0/DEBUG] [com.tterrag.registrate.AbstractRegistrate/REGISTRATE.REGISTER]: Captured registration for entry water_wheel of type minecraft:block_entity_type
[27Jul2026 19:37:44.848] [modloading-worker-0/DEBUG] [com.tterrag.registrate.AbstractRegistrate/REGISTRATE.REGISTER]: Captured registration for entry large_water_wheel of type minecraft:block_entity_type
[27Jul2026 19:37:44.852] [modloading-worker-0/DEBUG] [com.tterrag.registrate.AbstractRegistrate/REGISTRATE.REGISTER]: Captured registration for entry mechanical_press of type minecraft:block_entity_type
[27Jul2026 19:37:44.854] [modloading-worker-0/DEBUG] [com.tterrag.registrate.AbstractRegistrate/REGISTRATE.REGISTER]: Captured registration for entry mechanical_mixer of type minecraft:block_entity_type
[27Jul2026 19:37:44.861] [modloading-worker-0/DEBUG] [com.tterrag.registrate.AbstractRegistrate/REGISTRATE.REGISTER]: Captured registration for entry deployer of type minecraft:block_entity_type
[27Jul2026 19:37:44.865] [modloading-worker-0/DEBUG] [com.tterrag.registrate.AbstractRegistrate/REGISTRATE.REGISTER]: Captured registration for entry basin of type minecraft:block_entity_type
[27Jul2026 19:37:44.868] [modloading-worker-0/DEBUG] [com.tterrag.registrate.AbstractRegistrate/REGISTRATE.REGISTER]: Captured registration for entry blaze_heater of type minecraft:block_entity_type
[27Jul2026 19:37:44.874] [modloading-worker-0/DEBUG] [com.tterrag.registrate.AbstractRegistrate/REGISTRATE.REGISTER]: Captured registration for entry mechanical_crafter of type minecraft:block_entity_type
[27Jul2026 19:37:44.877] [modloading-worker-0/DEBUG] [com.tterrag.registrate.AbstractRegistrate/REGISTRATE.REGISTER]: Captured registration for entry sequenced_gearshift of type minecraft:block_entity_type
[27Jul2026 19:37:44.879] [modloading-worker-0/DEBUG] [com.tterrag.registrate.AbstractRegistrate/REGISTRATE.REGISTER]: Captured registration for entry rotation_speed_controller of type minecraft:block_entity_type
[27Jul2026 19:37:44.882] [modloading-worker-0/DEBUG] [com.tterrag.registrate.AbstractRegistrate/REGISTRATE.REGISTER]: Captured registration for entry speedometer of type minecraft:block_entity_type
[27Jul2026 19:37:44.884] [modloading-worker-0/DEBUG] [com.tterrag.registrate.AbstractRegistrate/REGISTRATE.REGISTER]: Captured registration for entry stressometer of type minecraft:block_entity_type
[27Jul2026 19:37:44.886] [modloading-worker-0/DEBUG] [com.tterrag.registrate.AbstractRegistrate/REGISTRATE.REGISTER]: Captured registration for entry analog_lever of type minecraft:block_entity_type
[27Jul2026 19:37:44.888] [modloading-worker-0/DEBUG] [com.tterrag.registrate.AbstractRegistrate/REGISTRATE.REGISTER]: Captured registration for entry placard of type minecraft:block_entity_type
[27Jul2026 19:37:44.890] [modloading-worker-0/DEBUG] [com.tterrag.registrate.AbstractRegistrate/REGISTRATE.REGISTER]: Captured registration for entry factory_panel of type minecraft:block_entity_type
[27Jul2026 19:37:44.894] [modloading-worker-0/DEBUG] [com.tterrag.registrate.AbstractRegistrate/REGISTRATE.REGISTER]: Captured registration for entry cart_assembler of type minecraft:block_entity_type
[27Jul2026 19:37:44.899] [modloading-worker-0/DEBUG] [com.tterrag.registrate.AbstractRegistrate/REGISTRATE.REGISTER]: Captured registration for entry redstone_link of type minecraft:block_entity_type
[27Jul2026 19:37:44.902] [modloading-worker-0/DEBUG] [com.tterrag.registrate.AbstractRegistrate/REGISTRATE.REGISTER]: Captured registration for entry nixie_tube of type minecraft:block_entity_type
[27Jul2026 19:37:44.905] [modloading-worker-0/DEBUG] [com.tterrag.registrate.AbstractRegistrate/REGISTRATE.REGISTER]: Captured registration for entry display_link of type minecraft:block_entity_type
[27Jul2026 19:37:44.910] [modloading-worker-0/DEBUG] [com.tterrag.registrate.AbstractRegistrate/REGISTRATE.REGISTER]: Captured registration for entry stockpile_switch of type minecraft:block_entity_type
[27Jul2026 19:37:44.913] [modloading-worker-0/DEBUG] [com.tterrag.registrate.AbstractRegistrate/REGISTRATE.REGISTER]: Captured registration for entry creative_crate of type minecraft:block_entity_type
[27Jul2026 19:37:44.915] [modloading-worker-0/DEBUG] [com.tterrag.registrate.AbstractRegistrate/REGISTRATE.REGISTER]: Captured registration for entry depot of type minecraft:block_entity_type
[27Jul2026 19:37:44.921] [modloading-worker-0/DEBUG] [com.tterrag.registrate.AbstractRegistrate/REGISTRATE.REGISTER]: Captured registration for entry weighted_ejector of type minecraft:block_entity_type
[27Jul2026 19:37:44.927] [modloading-worker-0/DEBUG] [com.tterrag.registrate.AbstractRegistrate/REGISTRATE.REGISTER]: Captured registration for entry funnel of type minecraft:block_entity_type
[27Jul2026 19:37:44.927] [modloading-worker-0/DEBUG] [com.tterrag.registrate.AbstractRegistrate/REGISTRATE.REGISTER]: Captured registration for entry content_observer of type minecraft:block_entity_type
[27Jul2026 19:37:44.931] [modloading-worker-0/DEBUG] [com.tterrag.registrate.AbstractRegistrate/REGISTRATE.REGISTER]: Captured registration for entry pulse_extender of type minecraft:block_entity_type
[27Jul2026 19:37:44.933] [modloading-worker-0/DEBUG] [com.tterrag.registrate.AbstractRegistrate/REGISTRATE.REGISTER]: Captured registration for entry pulse_repeater of type minecraft:block_entity_type
[27Jul2026 19:37:44.935] [modloading-worker-0/DEBUG] [com.tterrag.registrate.AbstractRegistrate/REGISTRATE.REGISTER]: Captured registration for entry pulse_timer of type minecraft:block_entity_type
[27Jul2026 19:37:44.938] [modloading-worker-0/DEBUG] [com.tterrag.registrate.AbstractRegistrate/REGISTRATE.REGISTER]: Captured registration for entry lectern_controller of type minecraft:block_entity_type
[27Jul2026 19:37:44.941] [modloading-worker-0/DEBUG] [com.tterrag.registrate.AbstractRegistrate/REGISTRATE.REGISTER]: Captured registration for entry backtank of type minecraft:block_entity_type
[27Jul2026 19:37:44.943] [modloading-worker-0/DEBUG] [com.tterrag.registrate.AbstractRegistrate/REGISTRATE.REGISTER]: Captured registration for entry peculiar_bell of type minecraft:block_entity_type
[27Jul2026 19:37:44.946] [modloading-worker-0/DEBUG] [com.tterrag.registrate.AbstractRegistrate/REGISTRATE.REGISTER]: Captured registration for entry cursed_bell of type minecraft:block_entity_type
[27Jul2026 19:37:44.947] [modloading-worker-0/DEBUG] [com.tterrag.registrate.AbstractRegistrate/REGISTRATE.REGISTER]: Captured registration for entry desk_bell of type minecraft:block_entity_type
[27Jul2026 19:37:44.949] [modloading-worker-0/DEBUG] [com.tterrag.registrate.AbstractRegistrate/REGISTRATE.REGISTER]: Captured registration for entry toolbox of type minecraft:block_entity_type
[27Jul2026 19:37:44.954] [modloading-worker-0/DEBUG] [com.tterrag.registrate.AbstractRegistrate/REGISTRATE.REGISTER]: Captured registration for entry track of type minecraft:block_entity_type
[27Jul2026 19:37:44.956] [modloading-worker-0/DEBUG] [com.tterrag.registrate.AbstractRegistrate/REGISTRATE.REGISTER]: Captured registration for entry fake_track of type minecraft:block_entity_type
[27Jul2026 19:37:44.959] [modloading-worker-0/DEBUG] [com.tterrag.registrate.AbstractRegistrate/REGISTRATE.REGISTER]: Captured registration for entry bogey of type minecraft:block_entity_type
[27Jul2026 19:37:44.966] [modloading-worker-0/DEBUG] [com.tterrag.registrate.AbstractRegistrate/REGISTRATE.REGISTER]: Captured registration for entry track_station of type minecraft:block_entity_type
[27Jul2026 19:37:44.968] [modloading-worker-0/DEBUG] [com.tterrag.registrate.AbstractRegistrate/REGISTRATE.REGISTER]: Captured registration for entry sliding_door of type minecraft:block_entity_type
[27Jul2026 19:37:44.971] [modloading-worker-0/DEBUG] [com.tterrag.registrate.AbstractRegistrate/REGISTRATE.REGISTER]: Captured registration for entry copycat of type minecraft:block_entity_type
[27Jul2026 19:37:44.972] [modloading-worker-0/DEBUG] [com.tterrag.registrate.AbstractRegistrate/REGISTRATE.REGISTER]: Captured registration for entry flap_display of type minecraft:block_entity_type
[27Jul2026 19:37:44.975] [modloading-worker-0/DEBUG] [com.tterrag.registrate.AbstractRegistrate/REGISTRATE.REGISTER]: Captured registration for entry track_signal of type minecraft:block_entity_type
[27Jul2026 19:37:44.978] [modloading-worker-0/DEBUG] [com.tterrag.registrate.AbstractRegistrate/REGISTRATE.REGISTER]: Captured registration for entry track_observer of type minecraft:block_entity_type
[27Jul2026 19:37:44.980] [modloading-worker-0/DEBUG] [com.tterrag.registrate.AbstractRegistrate/REGISTRATE.REGISTER]: Captured registration for entry clipboard of type minecraft:block_entity_type
[27Jul2026 19:37:44.984] [modloading-worker-0/DEBUG] [com.tterrag.registrate.AbstractRegistrate/REGISTRATE.REGISTER]: Captured registration for entry potato_recovery of type minecraft:enchantment
[27Jul2026 19:37:44.985] [modloading-worker-0/DEBUG] [com.tterrag.registrate.AbstractRegistrate/REGISTRATE.REGISTER]: Captured registration for entry capacity of type minecraft:enchantment
[27Jul2026 19:37:45.155] [modloading-worker-0/DEBUG] [net.minecraftforge.fml.config.ConfigTracker/CONFIG]: Config file create-common.toml for create tracking
[27Jul2026 19:37:45.155] [modloading-worker-0/DEBUG] [net.minecraftforge.fml.config.ConfigTracker/CONFIG]: Config file create-client.toml for create tracking
[27Jul2026 19:37:45.155] [modloading-worker-0/DEBUG] [net.minecraftforge.fml.config.ConfigTracker/CONFIG]: Config file create-server.toml for create tracking
[27Jul2026 19:37:45.224] [modloading-worker-0/DEBUG] [mixin/]: Mixing accessor.GuiAccessor from create.mixins.json into net.minecraft.client.gui.Gui
[27Jul2026 19:37:45.265] [modloading-worker-0/DEBUG] [mixin/]: Mixing client.accessor.ParticleEngineAccessor from ponder.mixins.json into net.minecraft.client.particle.ParticleEngine
[27Jul2026 19:37:45.300] [modloading-worker-0/DEBUG] [net.minecraftforge.fml.javafmlmod.AutomaticEventSubscriber/LOADING]: Attempting to inject @EventBusSubscriber classes into the eventbus for create
[27Jul2026 19:37:45.300] [modloading-worker-0/DEBUG] [net.minecraftforge.fml.javafmlmod.AutomaticEventSubscriber/LOADING]: Auto-subscribing com.simibubi.create.infrastructure.gui.OpenCreateMenuButton$OpenConfigButtonHandler to FORGE
[27Jul2026 19:37:45.302] [modloading-worker-0/DEBUG] [mixin/]: Mixing ButtonAccessor from moonlight.mixins.json into net.minecraft.client.gui.components.Button
[27Jul2026 19:37:45.314] [modloading-worker-0/DEBUG] [net.minecraftforge.fml.javafmlmod.AutomaticEventSubscriber/LOADING]: Auto-subscribing com.simibubi.create.infrastructure.gametest.CreateGameTests to MOD
[27Jul2026 19:37:45.323] [modloading-worker-0/DEBUG] [net.minecraftforge.fml.javafmlmod.AutomaticEventSubscriber/LOADING]: Auto-subscribing com.simibubi.create.infrastructure.config.AllConfigs to MOD
[27Jul2026 19:37:45.324] [modloading-worker-0/DEBUG] [net.minecraftforge.fml.javafmlmod.AutomaticEventSubscriber/LOADING]: Auto-subscribing com.simibubi.create.infrastructure.RemapHelper to FORGE
[27Jul2026 19:37:45.329] [modloading-worker-0/DEBUG] [net.minecraftforge.fml.javafmlmod.AutomaticEventSubscriber/LOADING]: Auto-subscribing com.simibubi.create.impl.registry.CreateRegistriesImpl to MOD
[27Jul2026 19:37:45.330] [modloading-worker-0/DEBUG] [net.minecraftforge.fml.javafmlmod.AutomaticEventSubscriber/LOADING]: Auto-subscribing com.simibubi.create.foundation.render.RenderTypes$Shaders to MOD
[27Jul2026 19:37:45.333] [modloading-worker-0/DEBUG] [net.minecraftforge.fml.javafmlmod.AutomaticEventSubscriber/LOADING]: Auto-subscribing com.simibubi.create.foundation.recipe.AllIngredients to MOD
[27Jul2026 19:37:45.334] [modloading-worker-0/DEBUG] [net.minecraftforge.fml.javafmlmod.AutomaticEventSubscriber/LOADING]: Auto-subscribing com.simibubi.create.foundation.events.InputEvents to FORGE
[27Jul2026 19:37:45.340] [modloading-worker-0/DEBUG] [net.minecraftforge.fml.javafmlmod.AutomaticEventSubscriber/LOADING]: Auto-subscribing com.simibubi.create.foundation.events.CommonEvents to FORGE
[27Jul2026 19:37:45.350] [modloading-worker-0/DEBUG] [net.minecraftforge.fml.javafmlmod.AutomaticEventSubscriber/LOADING]: Auto-subscribing com.simibubi.create.foundation.events.CommonEvents$ModBusEvents to MOD
[27Jul2026 19:37:45.353] [modloading-worker-0/DEBUG] [net.minecraftforge.fml.javafmlmod.AutomaticEventSubscriber/LOADING]: Auto-subscribing com.simibubi.create.foundation.events.ClientEvents to FORGE
[27Jul2026 19:37:45.365] [modloading-worker-0/DEBUG] [net.minecraftforge.fml.javafmlmod.AutomaticEventSubscriber/LOADING]: Auto-subscribing com.simibubi.create.foundation.events.ClientEvents$ModBusEvents to MOD
[27Jul2026 19:37:45.372] [modloading-worker-0/DEBUG] [net.minecraftforge.fml.javafmlmod.AutomaticEventSubscriber/LOADING]: Auto-subscribing com.simibubi.create.foundation.blockEntity.behaviour.edgeInteraction.EdgeInteractionHandler to FORGE
[27Jul2026 19:37:45.375] [modloading-worker-0/DEBUG] [net.minecraftforge.fml.javafmlmod.AutomaticEventSubscriber/LOADING]: Auto-subscribing com.simibubi.create.foundation.blockEntity.behaviour.ValueSettingsInputHandler to FORGE
[27Jul2026 19:37:45.377] [modloading-worker-0/DEBUG] [net.minecraftforge.fml.javafmlmod.AutomaticEventSubscriber/LOADING]: Auto-subscribing com.simibubi.create.foundation.block.ItemUseOverrides to FORGE
[27Jul2026 19:37:45.378] [modloading-worker-0/DEBUG] [net.minecraftforge.fml.javafmlmod.AutomaticEventSubscriber/LOADING]: Auto-subscribing com.simibubi.create.content.trains.track.TrackBlockOutline to FORGE
[27Jul2026 19:37:45.383] [modloading-worker-0/DEBUG] [net.minecraftforge.fml.javafmlmod.AutomaticEventSubscriber/LOADING]: Auto-subscribing com.simibubi.create.content.trains.track.TrackBlockItem to FORGE
[27Jul2026 19:37:45.392] [modloading-worker-0/DEBUG] [net.minecraftforge.fml.javafmlmod.AutomaticEventSubscriber/LOADING]: Auto-subscribing com.simibubi.create.content.trains.schedule.ScheduleItemEntityInteraction to FORGE
[27Jul2026 19:37:45.396] [modloading-worker-0/DEBUG] [net.minecraftforge.fml.javafmlmod.AutomaticEventSubscriber/LOADING]: Auto-subscribing com.simibubi.create.content.redstone.link.LinkHandler to FORGE
[27Jul2026 19:37:45.397] [modloading-worker-0/DEBUG] [net.minecraftforge.fml.javafmlmod.AutomaticEventSubscriber/LOADING]: Auto-subscribing com.simibubi.create.content.redstone.displayLink.DisplayLinkBlockItem to FORGE
[27Jul2026 19:37:45.398] [modloading-worker-0/DEBUG] [net.minecraftforge.fml.javafmlmod.AutomaticEventSubscriber/LOADING]: Auto-subscribing com.simibubi.create.content.redstone.displayLink.ClickToLinkBlockItem to FORGE
[27Jul2026 19:37:45.399] [modloading-worker-0/DEBUG] [net.minecraftforge.fml.javafmlmod.AutomaticEventSubscriber/LOADING]: Auto-subscribing com.simibubi.create.content.processing.burner.BlazeBurnerHandler to FORGE
[27Jul2026 19:37:45.402] [modloading-worker-0/DEBUG] [net.minecraftforge.fml.javafmlmod.AutomaticEventSubscriber/LOADING]: Auto-subscribing com.simibubi.create.content.logistics.stockTicker.StockTickerInteractionHandler to FORGE
[27Jul2026 19:37:45.405] [modloading-worker-0/DEBUG] [net.minecraftforge.fml.javafmlmod.AutomaticEventSubscriber/LOADING]: Auto-subscribing com.simibubi.create.content.logistics.itemHatch.ItemHatchHandler to FORGE
[27Jul2026 19:37:45.407] [modloading-worker-0/DEBUG] [net.minecraftforge.fml.javafmlmod.AutomaticEventSubscriber/LOADING]: Auto-subscribing com.simibubi.create.content.logistics.funnel.FunnelItem to FORGE
[27Jul2026 19:37:45.407] [modloading-worker-0/DEBUG] [net.minecraftforge.fml.javafmlmod.AutomaticEventSubscriber/LOADING]: Auto-subscribing com.simibubi.create.content.logistics.depot.EjectorTargetHandler to FORGE
[27Jul2026 19:37:45.413] [modloading-worker-0/DEBUG] [net.minecraftforge.fml.javafmlmod.AutomaticEventSubscriber/LOADING]: Auto-subscribing com.simibubi.create.content.logistics.depot.EjectorItem to FORGE
[27Jul2026 19:37:45.413] [modloading-worker-0/DEBUG] [net.minecraftforge.fml.javafmlmod.AutomaticEventSubscriber/LOADING]: Auto-subscribing com.simibubi.create.content.logistics.box.PackageClientInteractionHandler to FORGE
[27Jul2026 19:37:45.415] [modloading-worker-0/DEBUG] [net.minecraftforge.fml.javafmlmod.AutomaticEventSubscriber/LOADING]: Auto-subscribing com.simibubi.create.content.kinetics.mechanicalArm.ArmItem to FORGE
[27Jul2026 19:37:45.415] [modloading-worker-0/DEBUG] [net.minecraftforge.fml.javafmlmod.AutomaticEventSubscriber/LOADING]: Auto-subscribing com.simibubi.create.content.kinetics.mechanicalArm.ArmInteractionPointHandler to FORGE
[27Jul2026 19:37:45.419] [modloading-worker-0/DEBUG] [net.minecraftforge.fml.javafmlmod.AutomaticEventSubscriber/LOADING]: Auto-subscribing com.simibubi.create.content.kinetics.deployer.ManualApplicationRecipe to FORGE
[27Jul2026 19:37:45.423] [modloading-worker-0/DEBUG] [net.minecraftforge.fml.javafmlmod.AutomaticEventSubscriber/LOADING]: Auto-subscribing com.simibubi.create.content.kinetics.deployer.DeployerFakePlayer to FORGE
[27Jul2026 19:37:45.451] [modloading-worker-0/DEBUG] [io.netty.util.internal.InternalThreadLocalMap/]: -Dio.netty.threadLocalMap.stringBuilder.initialSize: 1024
[27Jul2026 19:37:45.451] [modloading-worker-0/DEBUG] [io.netty.util.internal.InternalThreadLocalMap/]: -Dio.netty.threadLocalMap.stringBuilder.maxSize: 4096
[27Jul2026 19:37:45.472] [modloading-worker-0/DEBUG] [mixin/]: Mixing accessor.BrainAccessor from moonlight-common.mixins.json into net.minecraft.world.entity.ai.Brain
[27Jul2026 19:37:45.504] [modloading-worker-0/DEBUG] [net.minecraftforge.fml.javafmlmod.AutomaticEventSubscriber/LOADING]: Auto-subscribing com.simibubi.create.content.kinetics.crusher.CrushingWheelBlockEntity to FORGE
[27Jul2026 19:37:45.512] [modloading-worker-0/DEBUG] [net.minecraftforge.fml.javafmlmod.AutomaticEventSubscriber/LOADING]: Auto-subscribing com.simibubi.create.content.kinetics.crank.ValveHandleBlock to FORGE
[27Jul2026 19:37:45.521] [modloading-worker-0/DEBUG] [net.minecraftforge.fml.javafmlmod.AutomaticEventSubscriber/LOADING]: Auto-subscribing com.simibubi.create.content.kinetics.chainConveyor.ChainConveyorInteractionHandler to FORGE
[27Jul2026 19:37:45.525] [modloading-worker-0/DEBUG] [net.minecraftforge.fml.javafmlmod.AutomaticEventSubscriber/LOADING]: Auto-subscribing com.simibubi.create.content.kinetics.chainConveyor.ChainConveyorConnectionHandler to FORGE
[27Jul2026 19:37:45.526] [modloading-worker-0/DEBUG] [net.minecraftforge.fml.javafmlmod.AutomaticEventSubscriber/LOADING]: Auto-subscribing com.simibubi.create.content.fluids.FluidReactions to FORGE
[27Jul2026 19:37:45.531] [modloading-worker-0/DEBUG] [net.minecraftforge.fml.javafmlmod.AutomaticEventSubscriber/LOADING]: Auto-subscribing com.simibubi.create.content.fluids.FluidBottleItemHook to FORGE
[27Jul2026 19:37:45.533] [modloading-worker-0/DEBUG] [net.minecraftforge.fml.javafmlmod.AutomaticEventSubscriber/LOADING]: Auto-subscribing com.simibubi.create.content.equipment.zapper.ZapperInteractionHandler to FORGE
[27Jul2026 19:37:45.535] [modloading-worker-0/DEBUG] [net.minecraftforge.fml.javafmlmod.AutomaticEventSubscriber/LOADING]: Auto-subscribing com.simibubi.create.content.equipment.wrench.WrenchEventHandler to FORGE
[27Jul2026 19:37:45.536] [modloading-worker-0/DEBUG] [net.minecraftforge.fml.javafmlmod.AutomaticEventSubscriber/LOADING]: Auto-subscribing com.simibubi.create.content.equipment.tool.CardboardSwordItem to FORGE
[27Jul2026 19:37:45.538] [modloading-worker-0/DEBUG] [net.minecraftforge.fml.javafmlmod.AutomaticEventSubscriber/LOADING]: Auto-subscribing com.simibubi.create.content.equipment.symmetryWand.SymmetryHandler to FORGE
[27Jul2026 19:37:45.541] [modloading-worker-0/DEBUG] [net.minecraftforge.fml.javafmlmod.AutomaticEventSubscriber/LOADING]: Auto-subscribing com.simibubi.create.content.equipment.extendoGrip.ExtendoGripRenderHandler to FORGE
[27Jul2026 19:37:45.543] [modloading-worker-0/DEBUG] [net.minecraftforge.fml.javafmlmod.AutomaticEventSubscriber/LOADING]: Auto-subscribing com.simibubi.create.content.equipment.extendoGrip.ExtendoGripItem to FORGE
[27Jul2026 19:37:45.548] [modloading-worker-0/DEBUG] [net.minecraftforge.fml.javafmlmod.AutomaticEventSubscriber/LOADING]: Auto-subscribing com.simibubi.create.content.equipment.clipboard.ClipboardValueSettingsHandler to FORGE
[27Jul2026 19:37:45.550] [modloading-worker-0/DEBUG] [net.minecraftforge.fml.javafmlmod.AutomaticEventSubscriber/LOADING]: Auto-subscribing com.simibubi.create.content.equipment.bell.HauntedBellPulser to FORGE
[27Jul2026 19:37:45.552] [modloading-worker-0/DEBUG] [net.minecraftforge.fml.javafmlmod.AutomaticEventSubscriber/LOADING]: Auto-subscribing com.simibubi.create.content.equipment.armor.NetheriteDivingHandler to FORGE
[27Jul2026 19:37:45.553] [modloading-worker-0/DEBUG] [net.minecraftforge.fml.javafmlmod.AutomaticEventSubscriber/LOADING]: Auto-subscribing com.simibubi.create.content.equipment.armor.NetheriteBacktankFirstPersonRenderer to FORGE
[27Jul2026 19:37:45.555] [modloading-worker-0/DEBUG] [net.minecraftforge.fml.javafmlmod.AutomaticEventSubscriber/LOADING]: Auto-subscribing com.simibubi.create.content.equipment.armor.DivingHelmetItem to FORGE
[27Jul2026 19:37:45.556] [modloading-worker-0/DEBUG] [net.minecraftforge.fml.javafmlmod.AutomaticEventSubscriber/LOADING]: Auto-subscribing com.simibubi.create.content.equipment.armor.DivingBootsItem to FORGE
[27Jul2026 19:37:45.557] [modloading-worker-0/DEBUG] [net.minecraftforge.fml.javafmlmod.AutomaticEventSubscriber/LOADING]: Auto-subscribing com.simibubi.create.content.equipment.armor.CardboardArmorHandlerClient to FORGE
[27Jul2026 19:37:45.561] [modloading-worker-0/DEBUG] [mixin/]: Mixing client.PlayerRendererMixin from create.mixins.json into net.minecraft.client.renderer.entity.player.PlayerRenderer
[27Jul2026 19:37:45.582] [modloading-worker-0/DEBUG] [net.minecraftforge.fml.javafmlmod.AutomaticEventSubscriber/LOADING]: Auto-subscribing com.simibubi.create.content.equipment.armor.CardboardArmorHandler to FORGE
[27Jul2026 19:37:45.584] [modloading-worker-0/DEBUG] [net.minecraftforge.fml.javafmlmod.AutomaticEventSubscriber/LOADING]: Auto-subscribing com.simibubi.create.content.contraptions.mounted.MinecartContraptionItem to FORGE
[27Jul2026 19:37:45.585] [modloading-worker-0/DEBUG] [net.minecraftforge.fml.javafmlmod.AutomaticEventSubscriber/LOADING]: Auto-subscribing com.simibubi.create.content.contraptions.mounted.CartAssemblerBlockEntity to FORGE
[27Jul2026 19:37:45.586] [modloading-worker-0/DEBUG] [net.minecraftforge.fml.javafmlmod.AutomaticEventSubscriber/LOADING]: Auto-subscribing com.simibubi.create.content.contraptions.minecart.MinecartCouplingItem to FORGE
[27Jul2026 19:37:45.586] [modloading-worker-0/DEBUG] [net.minecraftforge.fml.javafmlmod.AutomaticEventSubscriber/LOADING]: Auto-subscribing com.simibubi.create.content.contraptions.minecart.CouplingHandler to FORGE
[27Jul2026 19:37:45.589] [modloading-worker-0/DEBUG] [net.minecraftforge.fml.javafmlmod.AutomaticEventSubscriber/LOADING]: Auto-subscribing com.simibubi.create.content.contraptions.glue.SuperGlueItem to FORGE
[27Jul2026 19:37:45.590] [modloading-worker-0/DEBUG] [net.minecraftforge.fml.javafmlmod.AutomaticEventSubscriber/LOADING]: Auto-subscribing com.simibubi.create.content.contraptions.glue.SuperGlueHandler to FORGE
[27Jul2026 19:37:45.591] [modloading-worker-0/DEBUG] [net.minecraftforge.fml.javafmlmod.AutomaticEventSubscriber/LOADING]: Auto-subscribing com.simibubi.create.content.contraptions.ContraptionHandlerClient to FORGE
[27Jul2026 19:37:45.593] [modloading-worker-0/DEBUG] [net.minecraftforge.fml.javafmlmod.AutomaticEventSubscriber/LOADING]: Auto-subscribing com.simibubi.create.compat.trainmap.TrainMapEvents to FORGE
[27Jul2026 19:37:45.596] [modloading-worker-0/DEBUG] [net.minecraftforge.fml.javafmlmod.AutomaticEventSubscriber/LOADING]: Auto-subscribing com.simibubi.create.AllKeys to MOD
[27Jul2026 19:37:45.598] [modloading-worker-0/DEBUG] [net.minecraftforge.fml.javafmlmod.AutomaticEventSubscriber/LOADING]: Auto-subscribing com.simibubi.create.AllCreativeModeTabs to MOD
[27Jul2026 19:37:45.646] [main/DEBUG] [net.minecraftforge.registries.ObjectHolderRegistry/REGISTRIES]: Processing ObjectHolder annotations
[27Jul2026 19:37:45.697] [main/DEBUG] [net.minecraftforge.registries.ObjectHolderRegistry/REGISTRIES]: Found 6265 ObjectHolder annotations
[27Jul2026 19:37:45.701] [main/DEBUG] [net.minecraftforge.common.capabilities.CapabilityManager/CAPABILITIES]: Attempting to automatically register: Lnet/minecraftforge/energy/IEnergyStorage;
[27Jul2026 19:37:45.701] [main/DEBUG] [net.minecraftforge.common.capabilities.CapabilityManager/CAPABILITIES]: Attempting to automatically register: Lnet/minecraftforge/fluids/capability/IFluidHandler;
[27Jul2026 19:37:45.702] [main/DEBUG] [net.minecraftforge.common.capabilities.CapabilityManager/CAPABILITIES]: Attempting to automatically register: Lnet/minecraftforge/fluids/capability/IFluidHandlerItem;
[27Jul2026 19:37:45.702] [main/DEBUG] [net.minecraftforge.common.capabilities.CapabilityManager/CAPABILITIES]: Attempting to automatically register: Lnet/minecraftforge/items/IItemHandler;
[27Jul2026 19:37:45.704] [main/DEBUG] [net.minecraftforge.registries.GameData/REGISTRIES]: Unfreezing vanilla registries
[27Jul2026 19:37:45.773] [main/DEBUG] [net.minecraftforge.registries.GameData/REGISTRIES]: Applying holder lookups: minecraft:sound_event
[27Jul2026 19:37:45.780] [main/DEBUG] [net.minecraftforge.registries.GameData/REGISTRIES]: Holder lookups applied: minecraft:sound_event
[27Jul2026 19:37:45.783] [main/DEBUG] [com.tterrag.registrate.AbstractRegistrate/REGISTRATE.REGISTER]: Registering 8 known objects of type minecraft:fluid
[27Jul2026 19:37:45.788] [main/DEBUG] [com.tterrag.registrate.AbstractRegistrate/REGISTRATE.REGISTER]: Registered create:potion to registry ResourceKey[minecraft:root / minecraft:fluid]
[27Jul2026 19:37:45.789] [main/DEBUG] [com.tterrag.registrate.AbstractRegistrate/REGISTRATE.REGISTER]: Registered create:flowing_potion to registry ResourceKey[minecraft:root / minecraft:fluid]
[27Jul2026 19:37:45.790] [main/DEBUG] [com.tterrag.registrate.AbstractRegistrate/REGISTRATE.REGISTER]: Registered create:tea to registry ResourceKey[minecraft:root / minecraft:fluid]
[27Jul2026 19:37:45.790] [main/DEBUG] [com.tterrag.registrate.AbstractRegistrate/REGISTRATE.REGISTER]: Registered create:flowing_tea to registry ResourceKey[minecraft:root / minecraft:fluid]
[27Jul2026 19:37:45.790] [main/DEBUG] [com.tterrag.registrate.AbstractRegistrate/REGISTRATE.REGISTER]: Registered create:honey to registry ResourceKey[minecraft:root / minecraft:fluid]
[27Jul2026 19:37:45.792] [main/DEBUG] [com.tterrag.registrate.AbstractRegistrate/REGISTRATE.REGISTER]: Registered create:flowing_honey to registry ResourceKey[minecraft:root / minecraft:fluid]
[27Jul2026 19:37:45.792] [main/DEBUG] [com.tterrag.registrate.AbstractRegistrate/REGISTRATE.REGISTER]: Registered create:chocolate to registry ResourceKey[minecraft:root / minecraft:fluid]
[27Jul2026 19:37:45.793] [main/DEBUG] [com.tterrag.registrate.AbstractRegistrate/REGISTRATE.REGISTER]: Registered create:flowing_chocolate to registry ResourceKey[minecraft:root / minecraft:fluid]
[27Jul2026 19:37:45.794] [main/DEBUG] [net.minecraftforge.registries.GameData/REGISTRIES]: Applying holder lookups: minecraft:fluid
[27Jul2026 19:37:45.796] [main/DEBUG] [net.minecraftforge.registries.GameData/REGISTRIES]: Holder lookups applied: minecraft:fluid
[27Jul2026 19:37:46.098] [main/DEBUG] [com.tterrag.registrate.AbstractRegistrate/REGISTRATE.REGISTER]: Registering 643 known objects of type minecraft:block
[27Jul2026 19:37:46.098] [main/DEBUG] [com.tterrag.registrate.AbstractRegistrate/REGISTRATE.REGISTER]: Registered create:schematicannon to registry ResourceKey[minecraft:root / minecraft:block]
[27Jul2026 19:37:46.099] [main/DEBUG] [com.tterrag.registrate.AbstractRegistrate/REGISTRATE.REGISTER]: Registered create:schematic_table to registry ResourceKey[minecraft:root / minecraft:block]
[27Jul2026 19:37:46.103] [main/DEBUG] [com.tterrag.registrate.AbstractRegistrate/REGISTRATE.REGISTER]: Registered create:shaft to registry ResourceKey[minecraft:root / minecraft:block]
[27Jul2026 19:37:46.103] [main/DEBUG] [com.tterrag.registrate.AbstractRegistrate/REGISTRATE.REGISTER]: Registered create:cogwheel to registry ResourceKey[minecraft:root / minecraft:block]
[27Jul2026 19:37:46.104] [main/DEBUG] [com.tterrag.registrate.AbstractRegistrate/REGISTRATE.REGISTER]: Registered create:large_cogwheel to registry ResourceKey[minecraft:root / minecraft:block]
[27Jul2026 19:37:46.106] [main/DEBUG] [com.tterrag.registrate.AbstractRegistrate/REGISTRATE.REGISTER]: Registered create:andesite_encased_shaft to registry ResourceKey[minecraft:root / minecraft:block]
[27Jul2026 19:37:46.106] [main/DEBUG] [com.tterrag.registrate.AbstractRegistrate/REGISTRATE.REGISTER]: Registered create:brass_encased_shaft to registry ResourceKey[minecraft:root / minecraft:block]
[27Jul2026 19:37:46.108] [main/DEBUG] [com.tterrag.registrate.AbstractRegistrate/REGISTRATE.REGISTER]: Registered create:andesite_encased_cogwheel to registry ResourceKey[minecraft:root / minecraft:block]
[27Jul2026 19:37:46.108] [main/DEBUG] [com.tterrag.registrate.AbstractRegistrate/REGISTRATE.REGISTER]: Registered create:brass_encased_cogwheel to registry ResourceKey[minecraft:root / minecraft:block]
[27Jul2026 19:37:46.109] [main/DEBUG] [com.tterrag.registrate.AbstractRegistrate/REGISTRATE.REGISTER]: Registered create:andesite_encased_large_cogwheel to registry ResourceKey[minecraft:root / minecraft:block]
[27Jul2026 19:37:46.109] [main/DEBUG] [com.tterrag.registrate.AbstractRegistrate/REGISTRATE.REGISTER]: Registered create:brass_encased_large_cogwheel to registry ResourceKey[minecraft:root / minecraft:block]
[27Jul2026 19:37:46.110] [main/DEBUG] [com.tterrag.registrate.AbstractRegistrate/REGISTRATE.REGISTER]: Registered create:gearbox to registry ResourceKey[minecraft:root / minecraft:block]
[27Jul2026 19:37:46.110] [main/DEBUG] [com.tterrag.registrate.AbstractRegistrate/REGISTRATE.REGISTER]: Registered create:clutch to registry ResourceKey[minecraft:root / minecraft:block]
[27Jul2026 19:37:46.110] [main/DEBUG] [com.tterrag.registrate.AbstractRegistrate/REGISTRATE.REGISTER]: Registered create:gearshift to registry ResourceKey[minecraft:root / minecraft:block]
[27Jul2026 19:37:46.111] [main/DEBUG] [com.tterrag.registrate.AbstractRegistrate/REGISTRATE.REGISTER]: Registered create:encased_chain_drive to registry ResourceKey[minecraft:root / minecraft:block]
[27Jul2026 19:37:46.112] [main/DEBUG] [com.tterrag.registrate.AbstractRegistrate/REGISTRATE.REGISTER]: Registered create:adjustable_chain_gearshift to registry ResourceKey[minecraft:root / minecraft:block]
[27Jul2026 19:37:46.123] [main/DEBUG] [com.tterrag.registrate.AbstractRegistrate/REGISTRATE.REGISTER]: Registered create:belt to registry ResourceKey[minecraft:root / minecraft:block]
[27Jul2026 19:37:46.123] [main/DEBUG] [com.tterrag.registrate.AbstractRegistrate/REGISTRATE.REGISTER]: Registered create:chain_conveyor to registry ResourceKey[minecraft:root / minecraft:block]
[27Jul2026 19:37:46.124] [main/DEBUG] [com.tterrag.registrate.AbstractRegistrate/REGISTRATE.REGISTER]: Registered create:creative_motor to registry ResourceKey[minecraft:root / minecraft:block]
[27Jul2026 19:37:46.124] [main/DEBUG] [com.tterrag.registrate.AbstractRegistrate/REGISTRATE.REGISTER]: Registered create:water_wheel to registry ResourceKey[minecraft:root / minecraft:block]
[27Jul2026 19:37:46.124] [main/DEBUG] [com.tterrag.registrate.AbstractRegistrate/REGISTRATE.REGISTER]: Registered create:large_water_wheel to registry ResourceKey[minecraft:root / minecraft:block]
[27Jul2026 19:37:46.124] [main/DEBUG] [com.tterrag.registrate.AbstractRegistrate/REGISTRATE.REGISTER]: Registered create:water_wheel_structure to registry ResourceKey[minecraft:root / minecraft:block]
[27Jul2026 19:37:46.125] [main/DEBUG] [com.tterrag.registrate.AbstractRegistrate/REGISTRATE.REGISTER]: Registered create:encased_fan to registry ResourceKey[minecraft:root / minecraft:block]
[27Jul2026 19:37:46.125] [main/DEBUG] [com.tterrag.registrate.AbstractRegistrate/REGISTRATE.REGISTER]: Registered create:nozzle to registry ResourceKey[minecraft:root / minecraft:block]
[27Jul2026 19:37:46.125] [main/DEBUG] [com.tterrag.registrate.AbstractRegistrate/REGISTRATE.REGISTER]: Registered create:turntable to registry ResourceKey[minecraft:root / minecraft:block]
[27Jul2026 19:37:46.125] [main/DEBUG] [com.tterrag.registrate.AbstractRegistrate/REGISTRATE.REGISTER]: Registered create:hand_crank to registry ResourceKey[minecraft:root / minecraft:block]
[27Jul2026 19:37:46.125] [main/DEBUG] [com.tterrag.registrate.AbstractRegistrate/REGISTRATE.REGISTER]: Registered create:cuckoo_clock to registry ResourceKey[minecraft:root / minecraft:block]
[27Jul2026 19:37:46.125] [main/DEBUG] [com.tterrag.registrate.AbstractRegistrate/REGISTRATE.REGISTER]: Registered create:mysterious_cuckoo_clock to registry ResourceKey[minecraft:root / minecraft:block]
[27Jul2026 19:37:46.126] [main/DEBUG] [com.tterrag.registrate.AbstractRegistrate/REGISTRATE.REGISTER]: Registered create:millstone to registry ResourceKey[minecraft:root / minecraft:block]
[27Jul2026 19:37:46.126] [main/DEBUG] [com.tterrag.registrate.AbstractRegistrate/REGISTRATE.REGISTER]: Registered create:crushing_wheel to registry ResourceKey[minecraft:root / minecraft:block]
[27Jul2026 19:37:46.126] [main/DEBUG] [com.tterrag.registrate.AbstractRegistrate/REGISTRATE.REGISTER]: Registered create:crushing_wheel_controller to registry ResourceKey[minecraft:root / minecraft:block]
[27Jul2026 19:37:46.126] [main/DEBUG] [com.tterrag.registrate.AbstractRegistrate/REGISTRATE.REGISTER]: Registered create:mechanical_press to registry ResourceKey[minecraft:root / minecraft:block]
[27Jul2026 19:37:46.126] [main/DEBUG] [com.tterrag.registrate.AbstractRegistrate/REGISTRATE.REGISTER]: Registered create:mechanical_mixer to registry ResourceKey[minecraft:root / minecraft:block]
[27Jul2026 19:37:46.126] [main/DEBUG] [com.tterrag.registrate.AbstractRegistrate/REGISTRATE.REGISTER]: Registered create:basin to registry ResourceKey[minecraft:root / minecraft:block]
[27Jul2026 19:37:46.128] [main/DEBUG] [com.tterrag.registrate.AbstractRegistrate/REGISTRATE.REGISTER]: Registered create:blaze_burner to registry ResourceKey[minecraft:root / minecraft:block]
[27Jul2026 19:37:46.129] [main/DEBUG] [com.tterrag.registrate.AbstractRegistrate/REGISTRATE.REGISTER]: Registered create:lit_blaze_burner to registry ResourceKey[minecraft:root / minecraft:block]
[27Jul2026 19:37:46.130] [main/DEBUG] [com.tterrag.registrate.AbstractRegistrate/REGISTRATE.REGISTER]: Registered create:depot to registry ResourceKey[minecraft:root / minecraft:block]
[27Jul2026 19:37:46.130] [main/DEBUG] [com.tterrag.registrate.AbstractRegistrate/REGISTRATE.REGISTER]: Registered create:weighted_ejector to registry ResourceKey[minecraft:root / minecraft:block]
[27Jul2026 19:37:46.131] [main/DEBUG] [com.tterrag.registrate.AbstractRegistrate/REGISTRATE.REGISTER]: Registered create:chute to registry ResourceKey[minecraft:root / minecraft:block]
[27Jul2026 19:37:46.132] [main/DEBUG] [com.tterrag.registrate.AbstractRegistrate/REGISTRATE.REGISTER]: Registered create:smart_chute to registry ResourceKey[minecraft:root / minecraft:block]
[27Jul2026 19:37:46.202] [main/DEBUG] [com.tterrag.registrate.AbstractRegistrate/REGISTRATE.REGISTER]: Registered create:speedometer to registry ResourceKey[minecraft:root / minecraft:block]
[27Jul2026 19:37:46.202] [main/DEBUG] [com.tterrag.registrate.AbstractRegistrate/REGISTRATE.REGISTER]: Registered create:stressometer to registry ResourceKey[minecraft:root / minecraft:block]
[27Jul2026 19:37:46.204] [main/DEBUG] [com.tterrag.registrate.AbstractRegistrate/REGISTRATE.REGISTER]: Registered create:wooden_bracket to registry ResourceKey[minecraft:root / minecraft:block]
[27Jul2026 19:37:46.205] [main/DEBUG] [com.tterrag.registrate.AbstractRegistrate/REGISTRATE.REGISTER]: Registered create:metal_bracket to registry ResourceKey[minecraft:root / minecraft:block]
[27Jul2026 19:37:46.214] [main/DEBUG] [com.tterrag.registrate.AbstractRegistrate/REGISTRATE.REGISTER]: Registered create:fluid_pipe to registry ResourceKey[minecraft:root / minecraft:block]
[27Jul2026 19:37:46.216] [main/DEBUG] [com.tterrag.registrate.AbstractRegistrate/REGISTRATE.REGISTER]: Registered create:encased_fluid_pipe to registry ResourceKey[minecraft:root / minecraft:block]
[27Jul2026 19:37:46.216] [main/DEBUG] [com.tterrag.registrate.AbstractRegistrate/REGISTRATE.REGISTER]: Registered create:glass_fluid_pipe to registry ResourceKey[minecraft:root / minecraft:block]
[27Jul2026 19:37:46.217] [main/DEBUG] [com.tterrag.registrate.AbstractRegistrate/REGISTRATE.REGISTER]: Registered create:mechanical_pump to registry ResourceKey[minecraft:root / minecraft:block]
[27Jul2026 19:37:46.217] [main/DEBUG] [com.tterrag.registrate.AbstractRegistrate/REGISTRATE.REGISTER]: Registered create:smart_fluid_pipe to registry ResourceKey[minecraft:root / minecraft:block]
[27Jul2026 19:37:46.218] [main/DEBUG] [com.tterrag.registrate.AbstractRegistrate/REGISTRATE.REGISTER]: Registered create:fluid_valve to registry ResourceKey[minecraft:root / minecraft:block]
[27Jul2026 19:37:46.219] [main/DEBUG] [com.tterrag.registrate.AbstractRegistrate/REGISTRATE.REGISTER]: Registered create:copper_valve_handle to registry ResourceKey[minecraft:root / minecraft:block]
[27Jul2026 19:37:46.219] [main/DEBUG] [com.tterrag.registrate.AbstractRegistrate/REGISTRATE.REGISTER]: Registered create:white_valve_handle to registry ResourceKey[minecraft:root / minecraft:block]
[27Jul2026 19:37:46.219] [main/DEBUG] [com.tterrag.registrate.AbstractRegistrate/REGISTRATE.REGISTER]: Registered create:orange_valve_handle to registry ResourceKey[minecraft:root / minecraft:block]
[27Jul2026 19:37:46.219] [main/DEBUG] [com.tterrag.registrate.AbstractRegistrate/REGISTRATE.REGISTER]: Registered create:magenta_valve_handle to registry ResourceKey[minecraft:root / minecraft:block]
[27Jul2026 19:37:46.220] [main/DEBUG] [com.tterrag.registrate.AbstractRegistrate/REGISTRATE.REGISTER]: Registered create:light_blue_valve_handle to registry ResourceKey[minecraft:root / minecraft:block]
[27Jul2026 19:37:46.220] [main/DEBUG] [com.tterrag.registrate.AbstractRegistrate/REGISTRATE.REGISTER]: Registered create:yellow_valve_handle to registry ResourceKey[minecraft:root / minecraft:block]
[27Jul2026 19:37:46.220] [main/DEBUG] [com.tterrag.registrate.AbstractRegistrate/REGISTRATE.REGISTER]: Registered create:lime_valve_handle to registry ResourceKey[minecraft:root / minecraft:block]
[27Jul2026 19:37:46.220] [main/DEBUG] [com.tterrag.registrate.AbstractRegistrate/REGISTRATE.REGISTER]: Registered create:pink_valve_handle to registry ResourceKey[minecraft:root / minecraft:block]
[27Jul2026 19:37:46.221] [main/DEBUG] [com.tterrag.registrate.AbstractRegistrate/REGISTRATE.REGISTER]: Registered create:gray_valve_handle to registry ResourceKey[minecraft:root / minecraft:block]
[27Jul2026 19:37:46.221] [main/DEBUG] [com.tterrag.registrate.AbstractRegistrate/REGISTRATE.REGISTER]: Registered create:light_gray_valve_handle to registry ResourceKey[minecraft:root / minecraft:block]
[27Jul2026 19:37:46.221] [main/DEBUG] [com.tterrag.registrate.AbstractRegistrate/REGISTRATE.REGISTER]: Registered create:cyan_valve_handle to registry ResourceKey[minecraft:root / minecraft:block]
[27Jul2026 19:37:46.221] [main/DEBUG] [com.tterrag.registrate.AbstractRegistrate/REGISTRATE.REGISTER]: Registered create:purple_valve_handle to registry ResourceKey[minecraft:root / minecraft:block]
[27Jul2026 19:37:46.222] [main/DEBUG] [com.tterrag.registrate.AbstractRegistrate/REGISTRATE.REGISTER]: Registered create:blue_valve_handle to registry ResourceKey[minecraft:root / minecraft:block]
[27Jul2026 19:37:46.222] [main/DEBUG] [com.tterrag.registrate.AbstractRegistrate/REGISTRATE.REGISTER]: Registered create:brown_valve_handle to registry ResourceKey[minecraft:root / minecraft:block]
[27Jul2026 19:37:46.222] [main/DEBUG] [com.tterrag.registrate.AbstractRegistrate/REGISTRATE.REGISTER]: Registered create:green_valve_handle to registry ResourceKey[minecraft:root / minecraft:block]
[27Jul2026 19:37:46.223] [main/DEBUG] [com.tterrag.registrate.AbstractRegistrate/REGISTRATE.REGISTER]: Registered create:red_valve_handle to registry ResourceKey[minecraft:root / minecraft:block]
[27Jul2026 19:37:46.223] [main/DEBUG] [com.tterrag.registrate.AbstractRegistrate/REGISTRATE.REGISTER]: Registered create:black_valve_handle to registry ResourceKey[minecraft:root / minecraft:block]
[27Jul2026 19:37:46.227] [main/DEBUG] [com.tterrag.registrate.AbstractRegistrate/REGISTRATE.REGISTER]: Registered create:fluid_tank to registry ResourceKey[minecraft:root / minecraft:block]
[27Jul2026 19:37:46.228] [main/DEBUG] [com.tterrag.registrate.AbstractRegistrate/REGISTRATE.REGISTER]: Registered create:creative_fluid_tank to registry ResourceKey[minecraft:root / minecraft:block]
[27Jul2026 19:37:46.228] [main/DEBUG] [com.tterrag.registrate.AbstractRegistrate/REGISTRATE.REGISTER]: Registered create:hose_pulley to registry ResourceKey[minecraft:root / minecraft:block]
[27Jul2026 19:37:46.229] [main/DEBUG] [com.tterrag.registrate.AbstractRegistrate/REGISTRATE.REGISTER]: Registered create:item_drain to registry ResourceKey[minecraft:root / minecraft:block]
[27Jul2026 19:37:46.229] [main/DEBUG] [com.tterrag.registrate.AbstractRegistrate/REGISTRATE.REGISTER]: Registered create:spout to registry ResourceKey[minecraft:root / minecraft:block]
[27Jul2026 19:37:46.229] [main/DEBUG] [com.tterrag.registrate.AbstractRegistrate/REGISTRATE.REGISTER]: Registered create:portable_fluid_interface to registry ResourceKey[minecraft:root / minecraft:block]
[27Jul2026 19:37:46.230] [main/DEBUG] [com.tterrag.registrate.AbstractRegistrate/REGISTRATE.REGISTER]: Registered create:steam_engine to registry ResourceKey[minecraft:root / minecraft:block]
[27Jul2026 19:37:46.232] [main/DEBUG] [com.tterrag.registrate.AbstractRegistrate/REGISTRATE.REGISTER]: Registered create:steam_whistle to registry ResourceKey[minecraft:root / minecraft:block]
[27Jul2026 19:37:46.233] [main/DEBUG] [com.tterrag.registrate.AbstractRegistrate/REGISTRATE.REGISTER]: Registered create:steam_whistle_extension to registry ResourceKey[minecraft:root / minecraft:block]
[27Jul2026 19:37:46.234] [main/DEBUG] [com.tterrag.registrate.AbstractRegistrate/REGISTRATE.REGISTER]: Registered create:powered_shaft to registry ResourceKey[minecraft:root / minecraft:block]
[27Jul2026 19:37:46.235] [main/DEBUG] [com.tterrag.registrate.AbstractRegistrate/REGISTRATE.REGISTER]: Registered create:mechanical_piston to registry ResourceKey[minecraft:root / minecraft:block]
[27Jul2026 19:37:46.236] [main/DEBUG] [com.tterrag.registrate.AbstractRegistrate/REGISTRATE.REGISTER]: Registered create:sticky_mechanical_piston to registry ResourceKey[minecraft:root / minecraft:block]
[27Jul2026 19:37:46.238] [main/DEBUG] [com.tterrag.registrate.AbstractRegistrate/REGISTRATE.REGISTER]: Registered create:piston_extension_pole to registry ResourceKey[minecraft:root / minecraft:block]
[27Jul2026 19:37:46.239] [main/DEBUG] [com.tterrag.registrate.AbstractRegistrate/REGISTRATE.REGISTER]: Registered create:mechanical_piston_head to registry ResourceKey[minecraft:root / minecraft:block]
[27Jul2026 19:37:46.239] [main/DEBUG] [com.tterrag.registrate.AbstractRegistrate/REGISTRATE.REGISTER]: Registered create:gantry_carriage to registry ResourceKey[minecraft:root / minecraft:block]
[27Jul2026 19:37:46.242] [main/DEBUG] [com.tterrag.registrate.AbstractRegistrate/REGISTRATE.REGISTER]: Registered create:gantry_shaft to registry ResourceKey[minecraft:root / minecraft:block]
[27Jul2026 19:37:46.242] [main/DEBUG] [com.tterrag.registrate.AbstractRegistrate/REGISTRATE.REGISTER]: Registered create:windmill_bearing to registry ResourceKey[minecraft:root / minecraft:block]
[27Jul2026 19:37:46.242] [main/DEBUG] [com.tterrag.registrate.AbstractRegistrate/REGISTRATE.REGISTER]: Registered create:mechanical_bearing to registry ResourceKey[minecraft:root / minecraft:block]
[27Jul2026 19:37:46.243] [main/DEBUG] [com.tterrag.registrate.AbstractRegistrate/REGISTRATE.REGISTER]: Registered create:clockwork_bearing to registry ResourceKey[minecraft:root / minecraft:block]
[27Jul2026 19:37:46.243] [main/DEBUG] [com.tterrag.registrate.AbstractRegistrate/REGISTRATE.REGISTER]: Registered create:rope_pulley to registry ResourceKey[minecraft:root / minecraft:block]
[27Jul2026 19:37:46.243] [main/DEBUG] [com.tterrag.registrate.AbstractRegistrate/REGISTRATE.REGISTER]: Registered create:rope to registry ResourceKey[minecraft:root / minecraft:block]
[27Jul2026 19:37:46.243] [main/DEBUG] [com.tterrag.registrate.AbstractRegistrate/REGISTRATE.REGISTER]: Registered create:pulley_magnet to registry ResourceKey[minecraft:root / minecraft:block]
[27Jul2026 19:37:46.243] [main/DEBUG] [com.tterrag.registrate.AbstractRegistrate/REGISTRATE.REGISTER]: Registered create:elevator_pulley to registry ResourceKey[minecraft:root / minecraft:block]
[27Jul2026 19:37:46.247] [main/DEBUG] [com.tterrag.registrate.AbstractRegistrate/REGISTRATE.REGISTER]: Registered create:cart_assembler to registry ResourceKey[minecraft:root / minecraft:block]
[27Jul2026 19:37:46.260] [main/DEBUG] [com.tterrag.registrate.AbstractRegistrate/REGISTRATE.REGISTER]: Registered create:controller_rail to registry ResourceKey[minecraft:root / minecraft:block]
[27Jul2026 19:37:46.260] [main/DEBUG] [com.tterrag.registrate.AbstractRegistrate/REGISTRATE.REGISTER]: Registered create:minecart_anchor to registry ResourceKey[minecraft:root / minecraft:block]
[27Jul2026 19:37:46.261] [main/DEBUG] [com.tterrag.registrate.AbstractRegistrate/REGISTRATE.REGISTER]: Registered create:linear_chassis to registry ResourceKey[minecraft:root / minecraft:block]
[27Jul2026 19:37:46.261] [main/DEBUG] [com.tterrag.registrate.AbstractRegistrate/REGISTRATE.REGISTER]: Registered create:secondary_linear_chassis to registry ResourceKey[minecraft:root / minecraft:block]
[27Jul2026 19:37:46.262] [main/DEBUG] [com.tterrag.registrate.AbstractRegistrate/REGISTRATE.REGISTER]: Registered create:radial_chassis to registry ResourceKey[minecraft:root / minecraft:block]
[27Jul2026 19:37:46.263] [main/DEBUG] [com.tterrag.registrate.AbstractRegistrate/REGISTRATE.REGISTER]: Registered create:sticker to registry ResourceKey[minecraft:root / minecraft:block]
[27Jul2026 19:37:46.263] [main/DEBUG] [com.tterrag.registrate.AbstractRegistrate/REGISTRATE.REGISTER]: Registered create:contraption_controls to registry ResourceKey[minecraft:root / minecraft:block]
[27Jul2026 19:37:46.264] [main/DEBUG] [com.tterrag.registrate.AbstractRegistrate/REGISTRATE.REGISTER]: Registered create:mechanical_drill to registry ResourceKey[minecraft:root / minecraft:block]
[27Jul2026 19:37:46.265] [main/DEBUG] [com.tterrag.registrate.AbstractRegistrate/REGISTRATE.REGISTER]: Registered create:mechanical_saw to registry ResourceKey[minecraft:root / minecraft:block]
[27Jul2026 19:37:46.266] [main/DEBUG] [com.tterrag.registrate.AbstractRegistrate/REGISTRATE.REGISTER]: Registered create:deployer to registry ResourceKey[minecraft:root / minecraft:block]
[27Jul2026 19:37:46.266] [main/DEBUG] [com.tterrag.registrate.AbstractRegistrate/REGISTRATE.REGISTER]: Registered create:portable_storage_interface to registry ResourceKey[minecraft:root / minecraft:block]
[27Jul2026 19:37:46.267] [main/DEBUG] [com.tterrag.registrate.AbstractRegistrate/REGISTRATE.REGISTER]: Registered create:redstone_contact to registry ResourceKey[minecraft:root / minecraft:block]
[27Jul2026 19:37:46.268] [main/DEBUG] [com.tterrag.registrate.AbstractRegistrate/REGISTRATE.REGISTER]: Registered create:elevator_contact to registry ResourceKey[minecraft:root / minecraft:block]
[27Jul2026 19:37:46.268] [main/DEBUG] [com.tterrag.registrate.AbstractRegistrate/REGISTRATE.REGISTER]: Registered create:mechanical_harvester to registry ResourceKey[minecraft:root / minecraft:block]
[27Jul2026 19:37:46.269] [main/DEBUG] [com.tterrag.registrate.AbstractRegistrate/REGISTRATE.REGISTER]: Registered create:mechanical_plough to registry ResourceKey[minecraft:root / minecraft:block]
[27Jul2026 19:37:46.270] [main/DEBUG] [com.tterrag.registrate.AbstractRegistrate/REGISTRATE.REGISTER]: Registered create:mechanical_roller to registry ResourceKey[minecraft:root / minecraft:block]
[27Jul2026 19:37:46.271] [main/DEBUG] [com.tterrag.registrate.AbstractRegistrate/REGISTRATE.REGISTER]: Registered create:sail_frame to registry ResourceKey[minecraft:root / minecraft:block]
[27Jul2026 19:37:46.271] [main/DEBUG] [com.tterrag.registrate.AbstractRegistrate/REGISTRATE.REGISTER]: Registered create:white_sail to registry ResourceKey[minecraft:root / minecraft:block]
[27Jul2026 19:37:46.271] [main/DEBUG] [com.tterrag.registrate.AbstractRegistrate/REGISTRATE.REGISTER]: Registered create:orange_sail to registry ResourceKey[minecraft:root / minecraft:block]
[27Jul2026 19:37:46.271] [main/DEBUG] [com.tterrag.registrate.AbstractRegistrate/REGISTRATE.REGISTER]: Registered create:magenta_sail to registry ResourceKey[minecraft:root / minecraft:block]
[27Jul2026 19:37:46.272] [main/DEBUG] [com.tterrag.registrate.AbstractRegistrate/REGISTRATE.REGISTER]: Registered create:light_blue_sail to registry ResourceKey[minecraft:root / minecraft:block]
[27Jul2026 19:37:46.272] [main/DEBUG] [com.tterrag.registrate.AbstractRegistrate/REGISTRATE.REGISTER]: Registered create:yellow_sail to registry ResourceKey[minecraft:root / minecraft:block]
[27Jul2026 19:37:46.272] [main/DEBUG] [com.tterrag.registrate.AbstractRegistrate/REGISTRATE.REGISTER]: Registered create:lime_sail to registry ResourceKey[minecraft:root / minecraft:block]
[27Jul2026 19:37:46.272] [main/DEBUG] [com.tterrag.registrate.AbstractRegistrate/REGISTRATE.REGISTER]: Registered create:pink_sail to registry ResourceKey[minecraft:root / minecraft:block]
[27Jul2026 19:37:46.272] [main/DEBUG] [com.tterrag.registrate.AbstractRegistrate/REGISTRATE.REGISTER]: Registered create:gray_sail to registry ResourceKey[minecraft:root / minecraft:block]
[27Jul2026 19:37:46.272] [main/DEBUG] [com.tterrag.registrate.AbstractRegistrate/REGISTRATE.REGISTER]: Registered create:light_gray_sail to registry ResourceKey[minecraft:root / minecraft:block]
[27Jul2026 19:37:46.273] [main/DEBUG] [com.tterrag.registrate.AbstractRegistrate/REGISTRATE.REGISTER]: Registered create:cyan_sail to registry ResourceKey[minecraft:root / minecraft:block]
[27Jul2026 19:37:46.273] [main/DEBUG] [com.tterrag.registrate.AbstractRegistrate/REGISTRATE.REGISTER]: Registered create:purple_sail to registry ResourceKey[minecraft:root / minecraft:block]
[27Jul2026 19:37:46.273] [main/DEBUG] [com.tterrag.registrate.AbstractRegistrate/REGISTRATE.REGISTER]: Registered create:blue_sail to registry ResourceKey[minecraft:root / minecraft:block]
[27Jul2026 19:37:46.273] [main/DEBUG] [com.tterrag.registrate.AbstractRegistrate/REGISTRATE.REGISTER]: Registered create:brown_sail to registry ResourceKey[minecraft:root / minecraft:block]
[27Jul2026 19:37:46.273] [main/DEBUG] [com.tterrag.registrate.AbstractRegistrate/REGISTRATE.REGISTER]: Registered create:green_sail to registry ResourceKey[minecraft:root / minecraft:block]
[27Jul2026 19:37:46.273] [main/DEBUG] [com.tterrag.registrate.AbstractRegistrate/REGISTRATE.REGISTER]: Registered create:red_sail to registry ResourceKey[minecraft:root / minecraft:block]
[27Jul2026 19:37:46.273] [main/DEBUG] [com.tterrag.registrate.AbstractRegistrate/REGISTRATE.REGISTER]: Registered create:black_sail to registry ResourceKey[minecraft:root / minecraft:block]
[27Jul2026 19:37:46.274] [main/DEBUG] [com.tterrag.registrate.AbstractRegistrate/REGISTRATE.REGISTER]: Registered create:andesite_casing to registry ResourceKey[minecraft:root / minecraft:block]
[27Jul2026 19:37:46.274] [main/DEBUG] [com.tterrag.registrate.AbstractRegistrate/REGISTRATE.REGISTER]: Registered create:brass_casing to registry ResourceKey[minecraft:root / minecraft:block]
[27Jul2026 19:37:46.274] [main/DEBUG] [com.tterrag.registrate.AbstractRegistrate/REGISTRATE.REGISTER]: Registered create:copper_casing to registry ResourceKey[minecraft:root / minecraft:block]
[27Jul2026 19:37:46.274] [main/DEBUG] [com.tterrag.registrate.AbstractRegistrate/REGISTRATE.REGISTER]: Registered create:shadow_steel_casing to registry ResourceKey[minecraft:root / minecraft:block]
[27Jul2026 19:37:46.274] [main/DEBUG] [com.tterrag.registrate.AbstractRegistrate/REGISTRATE.REGISTER]: Registered create:refined_radiance_casing to registry ResourceKey[minecraft:root / minecraft:block]
[27Jul2026 19:37:46.276] [main/DEBUG] [com.tterrag.registrate.AbstractRegistrate/REGISTRATE.REGISTER]: Registered create:mechanical_crafter to registry ResourceKey[minecraft:root / minecraft:block]
[27Jul2026 19:37:46.276] [main/DEBUG] [com.tterrag.registrate.AbstractRegistrate/REGISTRATE.REGISTER]: Registered create:sequenced_gearshift to registry ResourceKey[minecraft:root / minecraft:block]
[27Jul2026 19:37:46.276] [main/DEBUG] [com.tterrag.registrate.AbstractRegistrate/REGISTRATE.REGISTER]: Registered create:flywheel to registry ResourceKey[minecraft:root / minecraft:block]
[27Jul2026 19:37:46.277] [main/DEBUG] [com.tterrag.registrate.AbstractRegistrate/REGISTRATE.REGISTER]: Registered create:rotation_speed_controller to registry ResourceKey[minecraft:root / minecraft:block]
[27Jul2026 19:37:46.277] [main/DEBUG] [com.tterrag.registrate.AbstractRegistrate/REGISTRATE.REGISTER]: Registered create:mechanical_arm to registry ResourceKey[minecraft:root / minecraft:block]
[27Jul2026 19:37:46.281] [main/DEBUG] [com.tterrag.registrate.AbstractRegistrate/REGISTRATE.REGISTER]: Registered create:track to registry ResourceKey[minecraft:root / minecraft:block]
[27Jul2026 19:37:46.282] [main/DEBUG] [com.tterrag.registrate.AbstractRegistrate/REGISTRATE.REGISTER]: Registered create:fake_track to registry ResourceKey[minecraft:root / minecraft:block]
[27Jul2026 19:37:46.282] [main/DEBUG] [com.tterrag.registrate.AbstractRegistrate/REGISTRATE.REGISTER]: Registered create:railway_casing to registry ResourceKey[minecraft:root / minecraft:block]
[27Jul2026 19:37:46.282] [main/DEBUG] [com.tterrag.registrate.AbstractRegistrate/REGISTRATE.REGISTER]: Registered create:track_station to registry ResourceKey[minecraft:root / minecraft:block]
[27Jul2026 19:37:46.282] [main/DEBUG] [com.tterrag.registrate.AbstractRegistrate/REGISTRATE.REGISTER]: Registered create:track_signal to registry ResourceKey[minecraft:root / minecraft:block]
[27Jul2026 19:37:46.283] [main/DEBUG] [com.tterrag.registrate.AbstractRegistrate/REGISTRATE.REGISTER]: Registered create:track_observer to registry ResourceKey[minecraft:root / minecraft:block]
[27Jul2026 19:37:46.283] [main/DEBUG] [com.tterrag.registrate.AbstractRegistrate/REGISTRATE.REGISTER]: Registered create:small_bogey to registry ResourceKey[minecraft:root / minecraft:block]
[27Jul2026 19:37:46.283] [main/DEBUG] [com.tterrag.registrate.AbstractRegistrate/REGISTRATE.REGISTER]: Registered create:large_bogey to registry ResourceKey[minecraft:root / minecraft:block]
[27Jul2026 19:37:46.284] [main/DEBUG] [com.tterrag.registrate.AbstractRegistrate/REGISTRATE.REGISTER]: Registered create:controls to registry ResourceKey[minecraft:root / minecraft:block]
[27Jul2026 19:37:46.285] [main/DEBUG] [com.tterrag.registrate.AbstractRegistrate/REGISTRATE.REGISTER]: Registered create:andesite_funnel to registry ResourceKey[minecraft:root / minecraft:block]
[27Jul2026 19:37:46.287] [main/DEBUG] [com.tterrag.registrate.AbstractRegistrate/REGISTRATE.REGISTER]: Registered create:andesite_belt_funnel to registry ResourceKey[minecraft:root / minecraft:block]
[27Jul2026 19:37:46.288] [main/DEBUG] [com.tterrag.registrate.AbstractRegistrate/REGISTRATE.REGISTER]: Registered create:brass_funnel to registry ResourceKey[minecraft:root / minecraft:block]
[27Jul2026 19:37:46.290] [main/DEBUG] [com.tterrag.registrate.AbstractRegistrate/REGISTRATE.REGISTER]: Registered create:brass_belt_funnel to registry ResourceKey[minecraft:root / minecraft:block]
[27Jul2026 19:37:46.291] [main/DEBUG] [com.tterrag.registrate.AbstractRegistrate/REGISTRATE.REGISTER]: Registered create:andesite_tunnel to registry ResourceKey[minecraft:root / minecraft:block]
[27Jul2026 19:37:46.291] [main/DEBUG] [com.tterrag.registrate.AbstractRegistrate/REGISTRATE.REGISTER]: Registered create:brass_tunnel to registry ResourceKey[minecraft:root / minecraft:block]
[27Jul2026 19:37:46.292] [main/DEBUG] [com.tterrag.registrate.AbstractRegistrate/REGISTRATE.REGISTER]: Registered create:content_observer to registry ResourceKey[minecraft:root / minecraft:block]
[27Jul2026 19:37:46.293] [main/DEBUG] [com.tterrag.registrate.AbstractRegistrate/REGISTRATE.REGISTER]: Registered create:stockpile_switch to registry ResourceKey[minecraft:root / minecraft:block]
[27Jul2026 19:37:46.293] [main/DEBUG] [com.tterrag.registrate.AbstractRegistrate/REGISTRATE.REGISTER]: Registered create:creative_crate to registry ResourceKey[minecraft:root / minecraft:block]
[27Jul2026 19:37:46.294] [main/DEBUG] [com.tterrag.registrate.AbstractRegistrate/REGISTRATE.REGISTER]: Registered create:item_vault to registry ResourceKey[minecraft:root / minecraft:block]
[27Jul2026 19:37:46.295] [main/DEBUG] [com.tterrag.registrate.AbstractRegistrate/REGISTRATE.REGISTER]: Registered create:item_hatch to registry ResourceKey[minecraft:root / minecraft:block]
[27Jul2026 19:37:46.296] [main/DEBUG] [com.tterrag.registrate.AbstractRegistrate/REGISTRATE.REGISTER]: Registered create:packager to registry ResourceKey[minecraft:root / minecraft:block]
[27Jul2026 19:37:46.296] [main/DEBUG] [com.tterrag.registrate.AbstractRegistrate/REGISTRATE.REGISTER]: Registered create:repackager to registry ResourceKey[minecraft:root / minecraft:block]
[27Jul2026 19:37:46.296] [main/DEBUG] [com.tterrag.registrate.AbstractRegistrate/REGISTRATE.REGISTER]: Registered create:package_frogport to registry ResourceKey[minecraft:root / minecraft:block]
[27Jul2026 19:37:46.297] [main/DEBUG] [com.tterrag.registrate.AbstractRegistrate/REGISTRATE.REGISTER]: Registered create:white_postbox to registry ResourceKey[minecraft:root / minecraft:block]
[27Jul2026 19:37:46.297] [main/DEBUG] [com.tterrag.registrate.AbstractRegistrate/REGISTRATE.REGISTER]: Registered create:orange_postbox to registry ResourceKey[minecraft:root / minecraft:block]
[27Jul2026 19:37:46.297] [main/DEBUG] [com.tterrag.registrate.AbstractRegistrate/REGISTRATE.REGISTER]: Registered create:magenta_postbox to registry ResourceKey[minecraft:root / minecraft:block]
[27Jul2026 19:37:46.298] [main/DEBUG] [com.tterrag.registrate.AbstractRegistrate/REGISTRATE.REGISTER]: Registered create:light_blue_postbox to registry ResourceKey[minecraft:root / minecraft:block]
[27Jul2026 19:37:46.298] [main/DEBUG] [com.tterrag.registrate.AbstractRegistrate/REGISTRATE.REGISTER]: Registered create:yellow_postbox to registry ResourceKey[minecraft:root / minecraft:block]
[27Jul2026 19:37:46.299] [main/DEBUG] [com.tterrag.registrate.AbstractRegistrate/REGISTRATE.REGISTER]: Registered create:lime_postbox to registry ResourceKey[minecraft:root / minecraft:block]
[27Jul2026 19:37:46.299] [main/DEBUG] [com.tterrag.registrate.AbstractRegistrate/REGISTRATE.REGISTER]: Registered create:pink_postbox to registry ResourceKey[minecraft:root / minecraft:block]
[27Jul2026 19:37:46.300] [main/DEBUG] [com.tterrag.registrate.AbstractRegistrate/REGISTRATE.REGISTER]: Registered create:gray_postbox to registry ResourceKey[minecraft:root / minecraft:block]
[27Jul2026 19:37:46.300] [main/DEBUG] [com.tterrag.registrate.AbstractRegistrate/REGISTRATE.REGISTER]: Registered create:light_gray_postbox to registry ResourceKey[minecraft:root / minecraft:block]
[27Jul2026 19:37:46.301] [main/DEBUG] [com.tterrag.registrate.AbstractRegistrate/REGISTRATE.REGISTER]: Registered create:cyan_postbox to registry ResourceKey[minecraft:root / minecraft:block]
[27Jul2026 19:37:46.301] [main/DEBUG] [com.tterrag.registrate.AbstractRegistrate/REGISTRATE.REGISTER]: Registered create:purple_postbox to registry ResourceKey[minecraft:root / minecraft:block]
[27Jul2026 19:37:46.302] [main/DEBUG] [com.tterrag.registrate.AbstractRegistrate/REGISTRATE.REGISTER]: Registered create:blue_postbox to registry ResourceKey[minecraft:root / minecraft:block]
[27Jul2026 19:37:46.302] [main/DEBUG] [com.tterrag.registrate.AbstractRegistrate/REGISTRATE.REGISTER]: Registered create:brown_postbox to registry ResourceKey[minecraft:root / minecraft:block]
[27Jul2026 19:37:46.303] [main/DEBUG] [com.tterrag.registrate.AbstractRegistrate/REGISTRATE.REGISTER]: Registered create:green_postbox to registry ResourceKey[minecraft:root / minecraft:block]
[27Jul2026 19:37:46.303] [main/DEBUG] [com.tterrag.registrate.AbstractRegistrate/REGISTRATE.REGISTER]: Registered create:red_postbox to registry ResourceKey[minecraft:root / minecraft:block]
[27Jul2026 19:37:46.303] [main/DEBUG] [com.tterrag.registrate.AbstractRegistrate/REGISTRATE.REGISTER]: Registered create:black_postbox to registry ResourceKey[minecraft:root / minecraft:block]
[27Jul2026 19:37:46.304] [main/DEBUG] [com.tterrag.registrate.AbstractRegistrate/REGISTRATE.REGISTER]: Registered create:stock_link to registry ResourceKey[minecraft:root / minecraft:block]
[27Jul2026 19:37:46.305] [main/DEBUG] [com.tterrag.registrate.AbstractRegistrate/REGISTRATE.REGISTER]: Registered create:stock_ticker to registry ResourceKey[minecraft:root / minecraft:block]
[27Jul2026 19:37:46.305] [main/DEBUG] [com.tterrag.registrate.AbstractRegistrate/REGISTRATE.REGISTER]: Registered create:redstone_requester to registry ResourceKey[minecraft:root / minecraft:block]
[27Jul2026 19:37:46.307] [main/DEBUG] [com.tterrag.registrate.AbstractRegistrate/REGISTRATE.REGISTER]: Registered create:factory_gauge to registry ResourceKey[minecraft:root / minecraft:block]
[27Jul2026 19:37:46.310] [main/DEBUG] [com.tterrag.registrate.AbstractRegistrate/REGISTRATE.REGISTER]: Registered create:white_table_cloth to registry ResourceKey[minecraft:root / minecraft:block]
[27Jul2026 19:37:46.310] [main/DEBUG] [com.tterrag.registrate.AbstractRegistrate/REGISTRATE.REGISTER]: Registered create:orange_table_cloth to registry ResourceKey[minecraft:root / minecraft:block]
[27Jul2026 19:37:46.310] [main/DEBUG] [com.tterrag.registrate.AbstractRegistrate/REGISTRATE.REGISTER]: Registered create:magenta_table_cloth to registry ResourceKey[minecraft:root / minecraft:block]
[27Jul2026 19:37:46.311] [main/DEBUG] [com.tterrag.registrate.AbstractRegistrate/REGISTRATE.REGISTER]: Registered create:light_blue_table_cloth to registry ResourceKey[minecraft:root / minecraft:block]
[27Jul2026 19:37:46.311] [main/DEBUG] [com.tterrag.registrate.AbstractRegistrate/REGISTRATE.REGISTER]: Registered create:yellow_table_cloth to registry ResourceKey[minecraft:root / minecraft:block]
[27Jul2026 19:37:46.311] [main/DEBUG] [com.tterrag.registrate.AbstractRegistrate/REGISTRATE.REGISTER]: Registered create:lime_table_cloth to registry ResourceKey[minecraft:root / minecraft:block]
[27Jul2026 19:37:46.311] [main/DEBUG] [com.tterrag.registrate.AbstractRegistrate/REGISTRATE.REGISTER]: Registered create:pink_table_cloth to registry ResourceKey[minecraft:root / minecraft:block]
[27Jul2026 19:37:46.311] [main/DEBUG] [com.tterrag.registrate.AbstractRegistrate/REGISTRATE.REGISTER]: Registered create:gray_table_cloth to registry ResourceKey[minecraft:root / minecraft:block]
[27Jul2026 19:37:46.311] [main/DEBUG] [com.tterrag.registrate.AbstractRegistrate/REGISTRATE.REGISTER]: Registered create:light_gray_table_cloth to registry ResourceKey[minecraft:root / minecraft:block]
[27Jul2026 19:37:46.312] [main/DEBUG] [com.tterrag.registrate.AbstractRegistrate/REGISTRATE.REGISTER]: Registered create:cyan_table_cloth to registry ResourceKey[minecraft:root / minecraft:block]
[27Jul2026 19:37:46.312] [main/DEBUG] [com.tterrag.registrate.AbstractRegistrate/REGISTRATE.REGISTER]: Registered create:purple_table_cloth to registry ResourceKey[minecraft:root / minecraft:block]
[27Jul2026 19:37:46.312] [main/DEBUG] [com.tterrag.registrate.AbstractRegistrate/REGISTRATE.REGISTER]: Registered create:blue_table_cloth to registry ResourceKey[minecraft:root / minecraft:block]
[27Jul2026 19:37:46.312] [main/DEBUG] [com.tterrag.registrate.AbstractRegistrate/REGISTRATE.REGISTER]: Registered create:brown_table_cloth to registry ResourceKey[minecraft:root / minecraft:block]
[27Jul2026 19:37:46.312] [main/DEBUG] [com.tterrag.registrate.AbstractRegistrate/REGISTRATE.REGISTER]: Registered create:green_table_cloth to registry ResourceKey[minecraft:root / minecraft:block]
[27Jul2026 19:37:46.312] [main/DEBUG] [com.tterrag.registrate.AbstractRegistrate/REGISTRATE.REGISTER]: Registered create:red_table_cloth to registry ResourceKey[minecraft:root / minecraft:block]
[27Jul2026 19:37:46.313] [main/DEBUG] [com.tterrag.registrate.AbstractRegistrate/REGISTRATE.REGISTER]: Registered create:black_table_cloth to registry ResourceKey[minecraft:root / minecraft:block]
[27Jul2026 19:37:46.313] [main/DEBUG] [com.tterrag.registrate.AbstractRegistrate/REGISTRATE.REGISTER]: Registered create:andesite_table_cloth to registry ResourceKey[minecraft:root / minecraft:block]
[27Jul2026 19:37:46.313] [main/DEBUG] [com.tterrag.registrate.AbstractRegistrate/REGISTRATE.REGISTER]: Registered create:brass_table_cloth to registry ResourceKey[minecraft:root / minecraft:block]
[27Jul2026 19:37:46.313] [main/DEBUG] [com.tterrag.registrate.AbstractRegistrate/REGISTRATE.REGISTER]: Registered create:copper_table_cloth to registry ResourceKey[minecraft:root / minecraft:block]
[27Jul2026 19:37:46.314] [main/DEBUG] [com.tterrag.registrate.AbstractRegistrate/REGISTRATE.REGISTER]: Registered create:display_link to registry ResourceKey[minecraft:root / minecraft:block]
[27Jul2026 19:37:46.317] [main/DEBUG] [com.tterrag.registrate.AbstractRegistrate/REGISTRATE.REGISTER]: Registered create:display_board to registry ResourceKey[minecraft:root / minecraft:block]
[27Jul2026 19:37:46.320] [main/DEBUG] [com.tterrag.registrate.AbstractRegistrate/REGISTRATE.REGISTER]: Registered create:nixie_tube to registry ResourceKey[minecraft:root / minecraft:block]
[27Jul2026 19:37:46.321] [main/DEBUG] [com.tterrag.registrate.AbstractRegistrate/REGISTRATE.REGISTER]: Registered create:white_nixie_tube to registry ResourceKey[minecraft:root / minecraft:block]
[27Jul2026 19:37:46.322] [main/DEBUG] [com.tterrag.registrate.AbstractRegistrate/REGISTRATE.REGISTER]: Registered create:magenta_nixie_tube to registry ResourceKey[minecraft:root / minecraft:block]
[27Jul2026 19:37:46.322] [main/DEBUG] [com.tterrag.registrate.AbstractRegistrate/REGISTRATE.REGISTER]: Registered create:light_blue_nixie_tube to registry ResourceKey[minecraft:root / minecraft:block]
[27Jul2026 19:37:46.323] [main/DEBUG] [com.tterrag.registrate.AbstractRegistrate/REGISTRATE.REGISTER]: Registered create:yellow_nixie_tube to registry ResourceKey[minecraft:root / minecraft:block]
[27Jul2026 19:37:46.324] [main/DEBUG] [com.tterrag.registrate.AbstractRegistrate/REGISTRATE.REGISTER]: Registered create:lime_nixie_tube to registry ResourceKey[minecraft:root / minecraft:block]
[27Jul2026 19:37:46.325] [main/DEBUG] [com.tterrag.registrate.AbstractRegistrate/REGISTRATE.REGISTER]: Registered create:pink_nixie_tube to registry ResourceKey[minecraft:root / minecraft:block]
[27Jul2026 19:37:46.325] [main/DEBUG] [com.tterrag.registrate.AbstractRegistrate/REGISTRATE.REGISTER]: Registered create:gray_nixie_tube to registry ResourceKey[minecraft:root / minecraft:block]
[27Jul2026 19:37:46.326] [main/DEBUG] [com.tterrag.registrate.AbstractRegistrate/REGISTRATE.REGISTER]: Registered create:light_gray_nixie_tube to registry ResourceKey[minecraft:root / minecraft:block]
[27Jul2026 19:37:46.327] [main/DEBUG] [com.tterrag.registrate.AbstractRegistrate/REGISTRATE.REGISTER]: Registered create:cyan_nixie_tube to registry ResourceKey[minecraft:root / minecraft:block]
[27Jul2026 19:37:46.327] [main/DEBUG] [com.tterrag.registrate.AbstractRegistrate/REGISTRATE.REGISTER]: Registered create:purple_nixie_tube to registry ResourceKey[minecraft:root / minecraft:block]
[27Jul2026 19:37:46.328] [main/DEBUG] [com.tterrag.registrate.AbstractRegistrate/REGISTRATE.REGISTER]: Registered create:blue_nixie_tube to registry ResourceKey[minecraft:root / minecraft:block]
[27Jul2026 19:37:46.329] [main/DEBUG] [com.tterrag.registrate.AbstractRegistrate/REGISTRATE.REGISTER]: Registered create:brown_nixie_tube to registry ResourceKey[minecraft:root / minecraft:block]
[27Jul2026 19:37:46.330] [main/DEBUG] [com.tterrag.registrate.AbstractRegistrate/REGISTRATE.REGISTER]: Registered create:green_nixie_tube to registry ResourceKey[minecraft:root / minecraft:block]
[27Jul2026 19:37:46.331] [main/DEBUG] [com.tterrag.registrate.AbstractRegistrate/REGISTRATE.REGISTER]: Registered create:red_nixie_tube to registry ResourceKey[minecraft:root / minecraft:block]
[27Jul2026 19:37:46.332] [main/DEBUG] [com.tterrag.registrate.AbstractRegistrate/REGISTRATE.REGISTER]: Registered create:black_nixie_tube to registry ResourceKey[minecraft:root / minecraft:block]
[27Jul2026 19:37:46.333] [main/DEBUG] [com.tterrag.registrate.AbstractRegistrate/REGISTRATE.REGISTER]: Registered create:rose_quartz_lamp to registry ResourceKey[minecraft:root / minecraft:block]
[27Jul2026 19:37:46.334] [main/DEBUG] [com.tterrag.registrate.AbstractRegistrate/REGISTRATE.REGISTER]: Registered create:redstone_link to registry ResourceKey[minecraft:root / minecraft:block]
[27Jul2026 19:37:46.334] [main/DEBUG] [com.tterrag.registrate.AbstractRegistrate/REGISTRATE.REGISTER]: Registered create:analog_lever to registry ResourceKey[minecraft:root / minecraft:block]
[27Jul2026 19:37:46.335] [main/DEBUG] [com.tterrag.registrate.AbstractRegistrate/REGISTRATE.REGISTER]: Registered create:placard to registry ResourceKey[minecraft:root / minecraft:block]
[27Jul2026 19:37:46.336] [main/DEBUG] [com.tterrag.registrate.AbstractRegistrate/REGISTRATE.REGISTER]: Registered create:pulse_repeater to registry ResourceKey[minecraft:root / minecraft:block]
[27Jul2026 19:37:46.337] [main/DEBUG] [com.tterrag.registrate.AbstractRegistrate/REGISTRATE.REGISTER]: Registered create:pulse_extender to registry ResourceKey[minecraft:root / minecraft:block]
[27Jul2026 19:37:46.338] [main/DEBUG] [com.tterrag.registrate.AbstractRegistrate/REGISTRATE.REGISTER]: Registered create:pulse_timer to registry ResourceKey[minecraft:root / minecraft:block]
[27Jul2026 19:37:46.339] [main/DEBUG] [com.tterrag.registrate.AbstractRegistrate/REGISTRATE.REGISTER]: Registered create:powered_latch to registry ResourceKey[minecraft:root / minecraft:block]
[27Jul2026 19:37:46.340] [main/DEBUG] [com.tterrag.registrate.AbstractRegistrate/REGISTRATE.REGISTER]: Registered create:powered_toggle_latch to registry ResourceKey[minecraft:root / minecraft:block]
[27Jul2026 19:37:46.340] [main/DEBUG] [com.tterrag.registrate.AbstractRegistrate/REGISTRATE.REGISTER]: Registered create:lectern_controller to registry ResourceKey[minecraft:root / minecraft:block]
[27Jul2026 19:37:46.341] [main/DEBUG] [com.tterrag.registrate.AbstractRegistrate/REGISTRATE.REGISTER]: Registered create:copper_backtank to registry ResourceKey[minecraft:root / minecraft:block]
[27Jul2026 19:37:46.341] [main/DEBUG] [com.tterrag.registrate.AbstractRegistrate/REGISTRATE.REGISTER]: Registered create:netherite_backtank to registry ResourceKey[minecraft:root / minecraft:block]
[27Jul2026 19:37:46.341] [main/DEBUG] [com.tterrag.registrate.AbstractRegistrate/REGISTRATE.REGISTER]: Registered create:peculiar_bell to registry ResourceKey[minecraft:root / minecraft:block]
[27Jul2026 19:37:46.342] [main/DEBUG] [com.tterrag.registrate.AbstractRegistrate/REGISTRATE.REGISTER]: Registered create:haunted_bell to registry ResourceKey[minecraft:root / minecraft:block]
[27Jul2026 19:37:46.342] [main/DEBUG] [com.tterrag.registrate.AbstractRegistrate/REGISTRATE.REGISTER]: Registered create:desk_bell to registry ResourceKey[minecraft:root / minecraft:block]
[27Jul2026 19:37:46.343] [main/DEBUG] [com.tterrag.registrate.AbstractRegistrate/REGISTRATE.REGISTER]: Registered create:white_toolbox to registry ResourceKey[minecraft:root / minecraft:block]
[27Jul2026 19:37:46.343] [main/DEBUG] [com.tterrag.registrate.AbstractRegistrate/REGISTRATE.REGISTER]: Registered create:orange_toolbox to registry ResourceKey[minecraft:root / minecraft:block]
[27Jul2026 19:37:46.343] [main/DEBUG] [com.tterrag.registrate.AbstractRegistrate/REGISTRATE.REGISTER]: Registered create:magenta_toolbox to registry ResourceKey[minecraft:root / minecraft:block]
[27Jul2026 19:37:46.344] [main/DEBUG] [com.tterrag.registrate.AbstractRegistrate/REGISTRATE.REGISTER]: Registered create:light_blue_toolbox to registry ResourceKey[minecraft:root / minecraft:block]
[27Jul2026 19:37:46.344] [main/DEBUG] [com.tterrag.registrate.AbstractRegistrate/REGISTRATE.REGISTER]: Registered create:yellow_toolbox to registry ResourceKey[minecraft:root / minecraft:block]
[27Jul2026 19:37:46.344] [main/DEBUG] [com.tterrag.registrate.AbstractRegistrate/REGISTRATE.REGISTER]: Registered create:lime_toolbox to registry ResourceKey[minecraft:root / minecraft:block]
[27Jul2026 19:37:46.344] [main/DEBUG] [com.tterrag.registrate.AbstractRegistrate/REGISTRATE.REGISTER]: Registered create:pink_toolbox to registry ResourceKey[minecraft:root / minecraft:block]
[27Jul2026 19:37:46.345] [main/DEBUG] [com.tterrag.registrate.AbstractRegistrate/REGISTRATE.REGISTER]: Registered create:gray_toolbox to registry ResourceKey[minecraft:root / minecraft:block]
[27Jul2026 19:37:46.345] [main/DEBUG] [com.tterrag.registrate.AbstractRegistrate/REGISTRATE.REGISTER]: Registered create:light_gray_toolbox to registry ResourceKey[minecraft:root / minecraft:block]
[27Jul2026 19:37:46.345] [main/DEBUG] [com.tterrag.registrate.AbstractRegistrate/REGISTRATE.REGISTER]: Registered create:cyan_toolbox to registry ResourceKey[minecraft:root / minecraft:block]
[27Jul2026 19:37:46.346] [main/DEBUG] [com.tterrag.registrate.AbstractRegistrate/REGISTRATE.REGISTER]: Registered create:purple_toolbox to registry ResourceKey[minecraft:root / minecraft:block]
[27Jul2026 19:37:46.346] [main/DEBUG] [com.tterrag.registrate.AbstractRegistrate/REGISTRATE.REGISTER]: Registered create:blue_toolbox to registry ResourceKey[minecraft:root / minecraft:block]
[27Jul2026 19:37:46.346] [main/DEBUG] [com.tterrag.registrate.AbstractRegistrate/REGISTRATE.REGISTER]: Registered create:brown_toolbox to registry ResourceKey[minecraft:root / minecraft:block]
[27Jul2026 19:37:46.346] [main/DEBUG] [com.tterrag.registrate.AbstractRegistrate/REGISTRATE.REGISTER]: Registered create:green_toolbox to registry ResourceKey[minecraft:root / minecraft:block]
[27Jul2026 19:37:46.346] [main/DEBUG] [com.tterrag.registrate.AbstractRegistrate/REGISTRATE.REGISTER]: Registered create:red_toolbox to registry ResourceKey[minecraft:root / minecraft:block]
[27Jul2026 19:37:46.347] [main/DEBUG] [com.tterrag.registrate.AbstractRegistrate/REGISTRATE.REGISTER]: Registered create:black_toolbox to registry ResourceKey[minecraft:root / minecraft:block]
[27Jul2026 19:37:46.347] [main/DEBUG] [com.tterrag.registrate.AbstractRegistrate/REGISTRATE.REGISTER]: Registered create:clipboard to registry ResourceKey[minecraft:root / minecraft:block]
[27Jul2026 19:37:46.349] [main/DEBUG] [com.tterrag.registrate.AbstractRegistrate/REGISTRATE.REGISTER]: Registered create:andesite_ladder to registry ResourceKey[minecraft:root / minecraft:block]
[27Jul2026 19:37:46.349] [main/DEBUG] [com.tterrag.registrate.AbstractRegistrate/REGISTRATE.REGISTER]: Registered create:brass_ladder to registry ResourceKey[minecraft:root / minecraft:block]
[27Jul2026 19:37:46.349] [main/DEBUG] [com.tterrag.registrate.AbstractRegistrate/REGISTRATE.REGISTER]: Registered create:copper_ladder to registry ResourceKey[minecraft:root / minecraft:block]
[27Jul2026 19:37:46.351] [main/DEBUG] [com.tterrag.registrate.AbstractRegistrate/REGISTRATE.REGISTER]: Registered create:andesite_bars to registry ResourceKey[minecraft:root / minecraft:block]
[27Jul2026 19:37:46.353] [main/DEBUG] [com.tterrag.registrate.AbstractRegistrate/REGISTRATE.REGISTER]: Registered create:brass_bars to registry ResourceKey[minecraft:root / minecraft:block]
[27Jul2026 19:37:46.354] [main/DEBUG] [com.tterrag.registrate.AbstractRegistrate/REGISTRATE.REGISTER]: Registered create:copper_bars to registry ResourceKey[minecraft:root / minecraft:block]
[27Jul2026 19:37:46.355] [main/DEBUG] [com.tterrag.registrate.AbstractRegistrate/REGISTRATE.REGISTER]: Registered create:andesite_scaffolding to registry ResourceKey[minecraft:root / minecraft:block]
[27Jul2026 19:37:46.355] [main/DEBUG] [com.tterrag.registrate.AbstractRegistrate/REGISTRATE.REGISTER]: Registered create:brass_scaffolding to registry ResourceKey[minecraft:root / minecraft:block]
[27Jul2026 19:37:46.355] [main/DEBUG] [com.tterrag.registrate.AbstractRegistrate/REGISTRATE.REGISTER]: Registered create:copper_scaffolding to registry ResourceKey[minecraft:root / minecraft:block]
[27Jul2026 19:37:46.362] [main/DEBUG] [com.tterrag.registrate.AbstractRegistrate/REGISTRATE.REGISTER]: Registered create:metal_girder to registry ResourceKey[minecraft:root / minecraft:block]
[27Jul2026 19:37:46.363] [main/DEBUG] [com.tterrag.registrate.AbstractRegistrate/REGISTRATE.REGISTER]: Registered create:metal_girder_encased_shaft to registry ResourceKey[minecraft:root / minecraft:block]
[27Jul2026 19:37:46.363] [main/DEBUG] [com.tterrag.registrate.AbstractRegistrate/REGISTRATE.REGISTER]: Registered create:copycat_base to registry ResourceKey[minecraft:root / minecraft:block]
[27Jul2026 19:37:46.369] [main/DEBUG] [com.tterrag.registrate.AbstractRegistrate/REGISTRATE.REGISTER]: Registered create:copycat_step to registry ResourceKey[minecraft:root / minecraft:block]
[27Jul2026 19:37:46.373] [main/DEBUG] [com.tterrag.registrate.AbstractRegistrate/REGISTRATE.REGISTER]: Registered create:copycat_panel to registry ResourceKey[minecraft:root / minecraft:block]
[27Jul2026 19:37:46.375] [main/DEBUG] [com.tterrag.registrate.AbstractRegistrate/REGISTRATE.REGISTER]: Registered create:copycat_bars to registry ResourceKey[minecraft:root / minecraft:block]
[27Jul2026 19:37:46.376] [main/DEBUG] [com.tterrag.registrate.AbstractRegistrate/REGISTRATE.REGISTER]: Registered create:white_seat to registry ResourceKey[minecraft:root / minecraft:block]
[27Jul2026 19:37:46.376] [main/DEBUG] [com.tterrag.registrate.AbstractRegistrate/REGISTRATE.REGISTER]: Registered create:orange_seat to registry ResourceKey[minecraft:root / minecraft:block]
[27Jul2026 19:37:46.376] [main/DEBUG] [com.tterrag.registrate.AbstractRegistrate/REGISTRATE.REGISTER]: Registered create:magenta_seat to registry ResourceKey[minecraft:root / minecraft:block]
[27Jul2026 19:37:46.376] [main/DEBUG] [com.tterrag.registrate.AbstractRegistrate/REGISTRATE.REGISTER]: Registered create:light_blue_seat to registry ResourceKey[minecraft:root / minecraft:block]
[27Jul2026 19:37:46.376] [main/DEBUG] [com.tterrag.registrate.AbstractRegistrate/REGISTRATE.REGISTER]: Registered create:yellow_seat to registry ResourceKey[minecraft:root / minecraft:block]
[27Jul2026 19:37:46.377] [main/DEBUG] [com.tterrag.registrate.AbstractRegistrate/REGISTRATE.REGISTER]: Registered create:lime_seat to registry ResourceKey[minecraft:root / minecraft:block]
[27Jul2026 19:37:46.377] [main/DEBUG] [com.tterrag.registrate.AbstractRegistrate/REGISTRATE.REGISTER]: Registered create:pink_seat to registry ResourceKey[minecraft:root / minecraft:block]
[27Jul2026 19:37:46.377] [main/DEBUG] [com.tterrag.registrate.AbstractRegistrate/REGISTRATE.REGISTER]: Registered create:gray_seat to registry ResourceKey[minecraft:root / minecraft:block]
[27Jul2026 19:37:46.377] [main/DEBUG] [com.tterrag.registrate.AbstractRegistrate/REGISTRATE.REGISTER]: Registered create:light_gray_seat to registry ResourceKey[minecraft:root / minecraft:block]
[27Jul2026 19:37:46.377] [main/DEBUG] [com.tterrag.registrate.AbstractRegistrate/REGISTRATE.REGISTER]: Registered create:cyan_seat to registry ResourceKey[minecraft:root / minecraft:block]
[27Jul2026 19:37:46.377] [main/DEBUG] [com.tterrag.registrate.AbstractRegistrate/REGISTRATE.REGISTER]: Registered create:purple_seat to registry ResourceKey[minecraft:root / minecraft:block]
[27Jul2026 19:37:46.378] [main/DEBUG] [com.tterrag.registrate.AbstractRegistrate/REGISTRATE.REGISTER]: Registered create:blue_seat to registry ResourceKey[minecraft:root / minecraft:block]
[27Jul2026 19:37:46.378] [main/DEBUG] [com.tterrag.registrate.AbstractRegistrate/REGISTRATE.REGISTER]: Registered create:brown_seat to registry ResourceKey[minecraft:root / minecraft:block]
[27Jul2026 19:37:46.378] [main/DEBUG] [com.tterrag.registrate.AbstractRegistrate/REGISTRATE.REGISTER]: Registered create:green_seat to registry ResourceKey[minecraft:root / minecraft:block]
[27Jul2026 19:37:46.378] [main/DEBUG] [com.tterrag.registrate.AbstractRegistrate/REGISTRATE.REGISTER]: Registered create:red_seat to registry ResourceKey[minecraft:root / minecraft:block]
[27Jul2026 19:37:46.378] [main/DEBUG] [com.tterrag.registrate.AbstractRegistrate/REGISTRATE.REGISTER]: Registered create:black_seat to registry ResourceKey[minecraft:root / minecraft:block]
[27Jul2026 19:37:46.383] [main/DEBUG] [com.tterrag.registrate.AbstractRegistrate/REGISTRATE.REGISTER]: Registered create:andesite_door to registry ResourceKey[minecraft:root / minecraft:block]
[27Jul2026 19:37:46.385] [main/DEBUG] [com.tterrag.registrate.AbstractRegistrate/REGISTRATE.REGISTER]: Registered create:brass_door to registry ResourceKey[minecraft:root / minecraft:block]
[27Jul2026 19:37:46.388] [main/DEBUG] [com.tterrag.registrate.AbstractRegistrate/REGISTRATE.REGISTER]: Registered create:copper_door to registry ResourceKey[minecraft:root / minecraft:block]
[27Jul2026 19:37:46.391] [main/DEBUG] [com.tterrag.registrate.AbstractRegistrate/REGISTRATE.REGISTER]: Registered create:train_door to registry ResourceKey[minecraft:root / minecraft:block]
[27Jul2026 19:37:46.392] [main/DEBUG] [com.tterrag.registrate.AbstractRegistrate/REGISTRATE.REGISTER]: Registered create:train_trapdoor to registry ResourceKey[minecraft:root / minecraft:block]
[27Jul2026 19:37:46.395] [main/DEBUG] [com.tterrag.registrate.AbstractRegistrate/REGISTRATE.REGISTER]: Registered create:framed_glass_door to registry ResourceKey[minecraft:root / minecraft:block]
[27Jul2026 19:37:46.397] [main/DEBUG] [com.tterrag.registrate.AbstractRegistrate/REGISTRATE.REGISTER]: Registered create:framed_glass_trapdoor to registry ResourceKey[minecraft:root / minecraft:block]
[27Jul2026 19:37:46.398] [main/DEBUG] [com.tterrag.registrate.AbstractRegistrate/REGISTRATE.REGISTER]: Registered create:zinc_ore to registry ResourceKey[minecraft:root / minecraft:block]
[27Jul2026 19:37:46.398] [main/DEBUG] [com.tterrag.registrate.AbstractRegistrate/REGISTRATE.REGISTER]: Registered create:deepslate_zinc_ore to registry ResourceKey[minecraft:root / minecraft:block]
[27Jul2026 19:37:46.398] [main/DEBUG] [com.tterrag.registrate.AbstractRegistrate/REGISTRATE.REGISTER]: Registered create:raw_zinc_block to registry ResourceKey[minecraft:root / minecraft:block]
[27Jul2026 19:37:46.398] [main/DEBUG] [com.tterrag.registrate.AbstractRegistrate/REGISTRATE.REGISTER]: Registered create:zinc_block to registry ResourceKey[minecraft:root / minecraft:block]
[27Jul2026 19:37:46.398] [main/DEBUG] [com.tterrag.registrate.AbstractRegistrate/REGISTRATE.REGISTER]: Registered create:andesite_alloy_block to registry ResourceKey[minecraft:root / minecraft:block]
[27Jul2026 19:37:46.398] [main/DEBUG] [com.tterrag.registrate.AbstractRegistrate/REGISTRATE.REGISTER]: Registered create:industrial_iron_block to registry ResourceKey[minecraft:root / minecraft:block]
[27Jul2026 19:37:46.398] [main/DEBUG] [com.tterrag.registrate.AbstractRegistrate/REGISTRATE.REGISTER]: Registered create:weathered_iron_block to registry ResourceKey[minecraft:root / minecraft:block]
[27Jul2026 19:37:46.399] [main/DEBUG] [com.tterrag.registrate.AbstractRegistrate/REGISTRATE.REGISTER]: Registered create:brass_block to registry ResourceKey[minecraft:root / minecraft:block]
[27Jul2026 19:37:46.399] [main/DEBUG] [com.tterrag.registrate.AbstractRegistrate/REGISTRATE.REGISTER]: Registered create:cardboard_block to registry ResourceKey[minecraft:root / minecraft:block]
[27Jul2026 19:37:46.399] [main/DEBUG] [com.tterrag.registrate.AbstractRegistrate/REGISTRATE.REGISTER]: Registered create:bound_cardboard_block to registry ResourceKey[minecraft:root / minecraft:block]
[27Jul2026 19:37:46.401] [main/DEBUG] [com.tterrag.registrate.AbstractRegistrate/REGISTRATE.REGISTER]: Registered create:experience_block to registry ResourceKey[minecraft:root / minecraft:block]
[27Jul2026 19:37:46.401] [main/DEBUG] [com.tterrag.registrate.AbstractRegistrate/REGISTRATE.REGISTER]: Registered create:rose_quartz_block to registry ResourceKey[minecraft:root / minecraft:block]
[27Jul2026 19:37:46.401] [main/DEBUG] [com.tterrag.registrate.AbstractRegistrate/REGISTRATE.REGISTER]: Registered create:rose_quartz_tiles to registry ResourceKey[minecraft:root / minecraft:block]
[27Jul2026 19:37:46.401] [main/DEBUG] [com.tterrag.registrate.AbstractRegistrate/REGISTRATE.REGISTER]: Registered create:small_rose_quartz_tiles to registry ResourceKey[minecraft:root / minecraft:block]
[27Jul2026 19:37:46.402] [main/DEBUG] [com.tterrag.registrate.AbstractRegistrate/REGISTRATE.REGISTER]: Registered create:copper_shingles to registry ResourceKey[minecraft:root / minecraft:block]
[27Jul2026 19:37:46.402] [main/DEBUG] [com.tterrag.registrate.AbstractRegistrate/REGISTRATE.REGISTER]: Registered create:exposed_copper_shingles to registry ResourceKey[minecraft:root / minecraft:block]
[27Jul2026 19:37:46.402] [main/DEBUG] [com.tterrag.registrate.AbstractRegistrate/REGISTRATE.REGISTER]: Registered create:weathered_copper_shingles to registry ResourceKey[minecraft:root / minecraft:block]
[27Jul2026 19:37:46.402] [main/DEBUG] [com.tterrag.registrate.AbstractRegistrate/REGISTRATE.REGISTER]: Registered create:oxidized_copper_shingles to registry ResourceKey[minecraft:root / minecraft:block]
[27Jul2026 19:37:46.403] [main/DEBUG] [com.tterrag.registrate.AbstractRegistrate/REGISTRATE.REGISTER]: Registered create:copper_shingle_slab to registry ResourceKey[minecraft:root / minecraft:block]
[27Jul2026 19:37:46.403] [main/DEBUG] [com.tterrag.registrate.AbstractRegistrate/REGISTRATE.REGISTER]: Registered create:exposed_copper_shingle_slab to registry ResourceKey[minecraft:root / minecraft:block]
[27Jul2026 19:37:46.403] [main/DEBUG] [com.tterrag.registrate.AbstractRegistrate/REGISTRATE.REGISTER]: Registered create:weathered_copper_shingle_slab to registry ResourceKey[minecraft:root / minecraft:block]
[27Jul2026 19:37:46.403] [main/DEBUG] [com.tterrag.registrate.AbstractRegistrate/REGISTRATE.REGISTER]: Registered create:oxidized_copper_shingle_slab to registry ResourceKey[minecraft:root / minecraft:block]
[27Jul2026 19:37:46.405] [main/DEBUG] [com.tterrag.registrate.AbstractRegistrate/REGISTRATE.REGISTER]: Registered create:copper_shingle_stairs to registry ResourceKey[minecraft:root / minecraft:block]
[27Jul2026 19:37:46.406] [main/DEBUG] [com.tterrag.registrate.AbstractRegistrate/REGISTRATE.REGISTER]: Registered create:exposed_copper_shingle_stairs to registry ResourceKey[minecraft:root / minecraft:block]
[27Jul2026 19:37:46.408] [main/DEBUG] [com.tterrag.registrate.AbstractRegistrate/REGISTRATE.REGISTER]: Registered create:weathered_copper_shingle_stairs to registry ResourceKey[minecraft:root / minecraft:block]
[27Jul2026 19:37:46.409] [main/DEBUG] [com.tterrag.registrate.AbstractRegistrate/REGISTRATE.REGISTER]: Registered create:oxidized_copper_shingle_stairs to registry ResourceKey[minecraft:root / minecraft:block]
[27Jul2026 19:37:46.409] [main/DEBUG] [com.tterrag.registrate.AbstractRegistrate/REGISTRATE.REGISTER]: Registered create:waxed_copper_shingles to registry ResourceKey[minecraft:root / minecraft:block]
[27Jul2026 19:37:46.409] [main/DEBUG] [com.tterrag.registrate.AbstractRegistrate/REGISTRATE.REGISTER]: Registered create:waxed_exposed_copper_shingles to registry ResourceKey[minecraft:root / minecraft:block]
[27Jul2026 19:37:46.409] [main/DEBUG] [com.tterrag.registrate.AbstractRegistrate/REGISTRATE.REGISTER]: Registered create:waxed_weathered_copper_shingles to registry ResourceKey[minecraft:root / minecraft:block]
[27Jul2026 19:37:46.409] [main/DEBUG] [com.tterrag.registrate.AbstractRegistrate/REGISTRATE.REGISTER]: Registered create:waxed_oxidized_copper_shingles to registry ResourceKey[minecraft:root / minecraft:block]
[27Jul2026 19:37:46.410] [main/DEBUG] [com.tterrag.registrate.AbstractRegistrate/REGISTRATE.REGISTER]: Registered create:waxed_copper_shingle_slab to registry ResourceKey[minecraft:root / minecraft:block]
[27Jul2026 19:37:46.410] [main/DEBUG] [com.tterrag.registrate.AbstractRegistrate/REGISTRATE.REGISTER]: Registered create:waxed_exposed_copper_shingle_slab to registry ResourceKey[minecraft:root / minecraft:block]
[27Jul2026 19:37:46.410] [main/DEBUG] [com.tterrag.registrate.AbstractRegistrate/REGISTRATE.REGISTER]: Registered create:waxed_weathered_copper_shingle_slab to registry ResourceKey[minecraft:root / minecraft:block]
[27Jul2026 19:37:46.410] [main/DEBUG] [com.tterrag.registrate.AbstractRegistrate/REGISTRATE.REGISTER]: Registered create:waxed_oxidized_copper_shingle_slab to registry ResourceKey[minecraft:root / minecraft:block]
[27Jul2026 19:37:46.412] [main/DEBUG] [com.tterrag.registrate.AbstractRegistrate/REGISTRATE.REGISTER]: Registered create:waxed_copper_shingle_stairs to registry ResourceKey[minecraft:root / minecraft:block]
[27Jul2026 19:37:46.413] [main/DEBUG] [com.tterrag.registrate.AbstractRegistrate/REGISTRATE.REGISTER]: Registered create:waxed_exposed_copper_shingle_stairs to registry ResourceKey[minecraft:root / minecraft:block]
[27Jul2026 19:37:46.414] [main/DEBUG] [com.tterrag.registrate.AbstractRegistrate/REGISTRATE.REGISTER]: Registered create:waxed_weathered_copper_shingle_stairs to registry ResourceKey[minecraft:root / minecraft:block]
[27Jul2026 19:37:46.416] [main/DEBUG] [com.tterrag.registrate.AbstractRegistrate/REGISTRATE.REGISTER]: Registered create:waxed_oxidized_copper_shingle_stairs to registry ResourceKey[minecraft:root / minecraft:block]
[27Jul2026 19:37:46.416] [main/DEBUG] [com.tterrag.registrate.AbstractRegistrate/REGISTRATE.REGISTER]: Registered create:copper_tiles to registry ResourceKey[minecraft:root / minecraft:block]
[27Jul2026 19:37:46.416] [main/DEBUG] [com.tterrag.registrate.AbstractRegistrate/REGISTRATE.REGISTER]: Registered create:exposed_copper_tiles to registry ResourceKey[minecraft:root / minecraft:block]
[27Jul2026 19:37:46.416] [main/DEBUG] [com.tterrag.registrate.AbstractRegistrate/REGISTRATE.REGISTER]: Registered create:weathered_copper_tiles to registry ResourceKey[minecraft:root / minecraft:block]
[27Jul2026 19:37:46.416] [main/DEBUG] [com.tterrag.registrate.AbstractRegistrate/REGISTRATE.REGISTER]: Registered create:oxidized_copper_tiles to registry ResourceKey[minecraft:root / minecraft:block]
[27Jul2026 19:37:46.416] [main/DEBUG] [com.tterrag.registrate.AbstractRegistrate/REGISTRATE.REGISTER]: Registered create:copper_tile_slab to registry ResourceKey[minecraft:root / minecraft:block]
[27Jul2026 19:37:46.417] [main/DEBUG] [com.tterrag.registrate.AbstractRegistrate/REGISTRATE.REGISTER]: Registered create:exposed_copper_tile_slab to registry ResourceKey[minecraft:root / minecraft:block]
[27Jul2026 19:37:46.417] [main/DEBUG] [com.tterrag.registrate.AbstractRegistrate/REGISTRATE.REGISTER]: Registered create:weathered_copper_tile_slab to registry ResourceKey[minecraft:root / minecraft:block]
[27Jul2026 19:37:46.417] [main/DEBUG] [com.tterrag.registrate.AbstractRegistrate/REGISTRATE.REGISTER]: Registered create:oxidized_copper_tile_slab to registry ResourceKey[minecraft:root / minecraft:block]
[27Jul2026 19:37:46.418] [main/DEBUG] [com.tterrag.registrate.AbstractRegistrate/REGISTRATE.REGISTER]: Registered create:copper_tile_stairs to registry ResourceKey[minecraft:root / minecraft:block]
[27Jul2026 19:37:46.420] [main/DEBUG] [com.tterrag.registrate.AbstractRegistrate/REGISTRATE.REGISTER]: Registered create:exposed_copper_tile_stairs to registry ResourceKey[minecraft:root / minecraft:block]
[27Jul2026 19:37:46.421] [main/DEBUG] [com.tterrag.registrate.AbstractRegistrate/REGISTRATE.REGISTER]: Registered create:weathered_copper_tile_stairs to registry ResourceKey[minecraft:root / minecraft:block]
[27Jul2026 19:37:46.423] [main/DEBUG] [com.tterrag.registrate.AbstractRegistrate/REGISTRATE.REGISTER]: Registered create:oxidized_copper_tile_stairs to registry ResourceKey[minecraft:root / minecraft:block]
[27Jul2026 19:37:46.423] [main/DEBUG] [com.tterrag.registrate.AbstractRegistrate/REGISTRATE.REGISTER]: Registered create:waxed_copper_tiles to registry ResourceKey[minecraft:root / minecraft:block]
[27Jul2026 19:37:46.423] [main/DEBUG] [com.tterrag.registrate.AbstractRegistrate/REGISTRATE.REGISTER]: Registered create:waxed_exposed_copper_tiles to registry ResourceKey[minecraft:root / minecraft:block]
[27Jul2026 19:37:46.423] [main/DEBUG] [com.tterrag.registrate.AbstractRegistrate/REGISTRATE.REGISTER]: Registered create:waxed_weathered_copper_tiles to registry ResourceKey[minecraft:root / minecraft:block]
[27Jul2026 19:37:46.423] [main/DEBUG] [com.tterrag.registrate.AbstractRegistrate/REGISTRATE.REGISTER]: Registered create:waxed_oxidized_copper_tiles to registry ResourceKey[minecraft:root / minecraft:block]
[27Jul2026 19:37:46.423] [main/DEBUG] [com.tterrag.registrate.AbstractRegistrate/REGISTRATE.REGISTER]: Registered create:waxed_copper_tile_slab to registry ResourceKey[minecraft:root / minecraft:block]
[27Jul2026 19:37:46.423] [main/DEBUG] [com.tterrag.registrate.AbstractRegistrate/REGISTRATE.REGISTER]: Registered create:waxed_exposed_copper_tile_slab to registry ResourceKey[minecraft:root / minecraft:block]
[27Jul2026 19:37:46.423] [main/DEBUG] [com.tterrag.registrate.AbstractRegistrate/REGISTRATE.REGISTER]: Registered create:waxed_weathered_copper_tile_slab to registry ResourceKey[minecraft:root / minecraft:block]
[27Jul2026 19:37:46.424] [main/DEBUG] [com.tterrag.registrate.AbstractRegistrate/REGISTRATE.REGISTER]: Registered create:waxed_oxidized_copper_tile_slab to registry ResourceKey[minecraft:root / minecraft:block]
[27Jul2026 19:37:46.425] [main/DEBUG] [com.tterrag.registrate.AbstractRegistrate/REGISTRATE.REGISTER]: Registered create:waxed_copper_tile_stairs to registry ResourceKey[minecraft:root / minecraft:block]
[27Jul2026 19:37:46.426] [main/DEBUG] [com.tterrag.registrate.AbstractRegistrate/REGISTRATE.REGISTER]: Registered create:waxed_exposed_copper_tile_stairs to registry ResourceKey[minecraft:root / minecraft:block]
[27Jul2026 19:37:46.427] [main/DEBUG] [com.tterrag.registrate.AbstractRegistrate/REGISTRATE.REGISTER]: Registered create:waxed_weathered_copper_tile_stairs to registry ResourceKey[minecraft:root / minecraft:block]
[27Jul2026 19:37:46.428] [main/DEBUG] [com.tterrag.registrate.AbstractRegistrate/REGISTRATE.REGISTER]: Registered create:waxed_oxidized_copper_tile_stairs to registry ResourceKey[minecraft:root / minecraft:block]
[27Jul2026 19:37:46.429] [main/DEBUG] [com.tterrag.registrate.AbstractRegistrate/REGISTRATE.REGISTER]: Registered create:honey to registry ResourceKey[minecraft:root / minecraft:block]
[27Jul2026 19:37:46.430] [main/DEBUG] [com.tterrag.registrate.AbstractRegistrate/REGISTRATE.REGISTER]: Registered create:chocolate to registry ResourceKey[minecraft:root / minecraft:block]
[27Jul2026 19:37:46.430] [main/DEBUG] [com.tterrag.registrate.AbstractRegistrate/REGISTRATE.REGISTER]: Registered create:tiled_glass to registry ResourceKey[minecraft:root / minecraft:block]
[27Jul2026 19:37:46.431] [main/DEBUG] [com.tterrag.registrate.AbstractRegistrate/REGISTRATE.REGISTER]: Registered create:framed_glass to registry ResourceKey[minecraft:root / minecraft:block]
[27Jul2026 19:37:46.431] [main/DEBUG] [com.tterrag.registrate.AbstractRegistrate/REGISTRATE.REGISTER]: Registered create:horizontal_framed_glass to registry ResourceKey[minecraft:root / minecraft:block]
[27Jul2026 19:37:46.431] [main/DEBUG] [com.tterrag.registrate.AbstractRegistrate/REGISTRATE.REGISTER]: Registered create:vertical_framed_glass to registry ResourceKey[minecraft:root / minecraft:block]
[27Jul2026 19:37:46.432] [main/DEBUG] [com.tterrag.registrate.AbstractRegistrate/REGISTRATE.REGISTER]: Registered create:tiled_glass_pane to registry ResourceKey[minecraft:root / minecraft:block]
[27Jul2026 19:37:46.433] [main/DEBUG] [com.tterrag.registrate.AbstractRegistrate/REGISTRATE.REGISTER]: Registered create:framed_glass_pane to registry ResourceKey[minecraft:root / minecraft:block]
[27Jul2026 19:37:46.433] [main/DEBUG] [com.tterrag.registrate.AbstractRegistrate/REGISTRATE.REGISTER]: Registered create:horizontal_framed_glass_pane to registry ResourceKey[minecraft:root / minecraft:block]
[27Jul2026 19:37:46.434] [main/DEBUG] [com.tterrag.registrate.AbstractRegistrate/REGISTRATE.REGISTER]: Registered create:vertical_framed_glass_pane to registry ResourceKey[minecraft:root / minecraft:block]
[27Jul2026 19:37:46.434] [main/DEBUG] [com.tterrag.registrate.AbstractRegistrate/REGISTRATE.REGISTER]: Registered create:oak_window to registry ResourceKey[minecraft:root / minecraft:block]
[27Jul2026 19:37:46.434] [main/DEBUG] [com.tterrag.registrate.AbstractRegistrate/REGISTRATE.REGISTER]: Registered create:spruce_window to registry ResourceKey[minecraft:root / minecraft:block]
[27Jul2026 19:37:46.434] [main/DEBUG] [com.tterrag.registrate.AbstractRegistrate/REGISTRATE.REGISTER]: Registered create:birch_window to registry ResourceKey[minecraft:root / minecraft:block]
[27Jul2026 19:37:46.435] [main/DEBUG] [com.tterrag.registrate.AbstractRegistrate/REGISTRATE.REGISTER]: Registered create:jungle_window to registry ResourceKey[minecraft:root / minecraft:block]
[27Jul2026 19:37:46.435] [main/DEBUG] [com.tterrag.registrate.AbstractRegistrate/REGISTRATE.REGISTER]: Registered create:acacia_window to registry ResourceKey[minecraft:root / minecraft:block]
[27Jul2026 19:37:46.435] [main/DEBUG] [com.tterrag.registrate.AbstractRegistrate/REGISTRATE.REGISTER]: Registered create:dark_oak_window to registry ResourceKey[minecraft:root / minecraft:block]
[27Jul2026 19:37:46.435] [main/DEBUG] [com.tterrag.registrate.AbstractRegistrate/REGISTRATE.REGISTER]: Registered create:mangrove_window to registry ResourceKey[minecraft:root / minecraft:block]
[27Jul2026 19:37:46.435] [main/DEBUG] [com.tterrag.registrate.AbstractRegistrate/REGISTRATE.REGISTER]: Registered create:crimson_window to registry ResourceKey[minecraft:root / minecraft:block]
[27Jul2026 19:37:46.435] [main/DEBUG] [com.tterrag.registrate.AbstractRegistrate/REGISTRATE.REGISTER]: Registered create:warped_window to registry ResourceKey[minecraft:root / minecraft:block]
[27Jul2026 19:37:46.435] [main/DEBUG] [com.tterrag.registrate.AbstractRegistrate/REGISTRATE.REGISTER]: Registered create:cherry_window to registry ResourceKey[minecraft:root / minecraft:block]
[27Jul2026 19:37:46.435] [main/DEBUG] [com.tterrag.registrate.AbstractRegistrate/REGISTRATE.REGISTER]: Registered create:bamboo_window to registry ResourceKey[minecraft:root / minecraft:block]
[27Jul2026 19:37:46.435] [main/DEBUG] [com.tterrag.registrate.AbstractRegistrate/REGISTRATE.REGISTER]: Registered create:ornate_iron_window to registry ResourceKey[minecraft:root / minecraft:block]
[27Jul2026 19:37:46.435] [main/DEBUG] [com.tterrag.registrate.AbstractRegistrate/REGISTRATE.REGISTER]: Registered create:industrial_iron_window to registry ResourceKey[minecraft:root / minecraft:block]
[27Jul2026 19:37:46.436] [main/DEBUG] [com.tterrag.registrate.AbstractRegistrate/REGISTRATE.REGISTER]: Registered create:weathered_iron_window to registry ResourceKey[minecraft:root / minecraft:block]
[27Jul2026 19:37:46.436] [main/DEBUG] [com.tterrag.registrate.AbstractRegistrate/REGISTRATE.REGISTER]: Registered create:oak_window_pane to registry ResourceKey[minecraft:root / minecraft:block]
[27Jul2026 19:37:46.437] [main/DEBUG] [com.tterrag.registrate.AbstractRegistrate/REGISTRATE.REGISTER]: Registered create:spruce_window_pane to registry ResourceKey[minecraft:root / minecraft:block]
[27Jul2026 19:37:46.470] [main/DEBUG] [com.tterrag.registrate.AbstractRegistrate/REGISTRATE.REGISTER]: Registered create:birch_window_pane to registry ResourceKey[minecraft:root / minecraft:block]
[27Jul2026 19:37:46.472] [main/DEBUG] [com.tterrag.registrate.AbstractRegistrate/REGISTRATE.REGISTER]: Registered create:jungle_window_pane to registry ResourceKey[minecraft:root / minecraft:block]
[27Jul2026 19:37:46.472] [main/DEBUG] [com.tterrag.registrate.AbstractRegistrate/REGISTRATE.REGISTER]: Registered create:acacia_window_pane to registry ResourceKey[minecraft:root / minecraft:block]
[27Jul2026 19:37:46.473] [main/DEBUG] [com.tterrag.registrate.AbstractRegistrate/REGISTRATE.REGISTER]: Registered create:dark_oak_window_pane to registry ResourceKey[minecraft:root / minecraft:block]
[27Jul2026 19:37:46.474] [main/DEBUG] [com.tterrag.registrate.AbstractRegistrate/REGISTRATE.REGISTER]: Registered create:mangrove_window_pane to registry ResourceKey[minecraft:root / minecraft:block]
[27Jul2026 19:37:46.475] [main/DEBUG] [com.tterrag.registrate.AbstractRegistrate/REGISTRATE.REGISTER]: Registered create:crimson_window_pane to registry ResourceKey[minecraft:root / minecraft:block]
[27Jul2026 19:37:46.506] [main/DEBUG] [com.tterrag.registrate.AbstractRegistrate/REGISTRATE.REGISTER]: Registered create:warped_window_pane to registry ResourceKey[minecraft:root / minecraft:block]
[27Jul2026 19:37:46.507] [main/DEBUG] [com.tterrag.registrate.AbstractRegistrate/REGISTRATE.REGISTER]: Registered create:cherry_window_pane to registry ResourceKey[minecraft:root / minecraft:block]
[27Jul2026 19:37:46.508] [main/DEBUG] [com.tterrag.registrate.AbstractRegistrate/REGISTRATE.REGISTER]: Registered create:bamboo_window_pane to registry ResourceKey[minecraft:root / minecraft:block]
[27Jul2026 19:37:46.508] [main/DEBUG] [com.tterrag.registrate.AbstractRegistrate/REGISTRATE.REGISTER]: Registered create:ornate_iron_window_pane to registry ResourceKey[minecraft:root / minecraft:block]
[27Jul2026 19:37:46.509] [main/DEBUG] [com.tterrag.registrate.AbstractRegistrate/REGISTRATE.REGISTER]: Registered create:industrial_iron_window_pane to registry ResourceKey[minecraft:root / minecraft:block]
[27Jul2026 19:37:46.510] [main/DEBUG] [com.tterrag.registrate.AbstractRegistrate/REGISTRATE.REGISTER]: Registered create:weathered_iron_window_pane to registry ResourceKey[minecraft:root / minecraft:block]
[27Jul2026 19:37:46.510] [main/DEBUG] [com.tterrag.registrate.AbstractRegistrate/REGISTRATE.REGISTER]: Registered create:cut_granite to registry ResourceKey[minecraft:root / minecraft:block]
[27Jul2026 19:37:46.512] [main/DEBUG] [com.tterrag.registrate.AbstractRegistrate/REGISTRATE.REGISTER]: Registered create:cut_granite_stairs to registry ResourceKey[minecraft:root / minecraft:block]
[27Jul2026 19:37:46.512] [main/DEBUG] [com.tterrag.registrate.AbstractRegistrate/REGISTRATE.REGISTER]: Registered create:cut_granite_slab to registry ResourceKey[minecraft:root / minecraft:block]
[27Jul2026 19:37:46.521] [main/DEBUG] [com.tterrag.registrate.AbstractRegistrate/REGISTRATE.REGISTER]: Registered create:cut_granite_wall to registry ResourceKey[minecraft:root / minecraft:block]
[27Jul2026 19:37:46.521] [main/DEBUG] [com.tterrag.registrate.AbstractRegistrate/REGISTRATE.REGISTER]: Registered create:polished_cut_granite to registry ResourceKey[minecraft:root / minecraft:block]
[27Jul2026 19:37:46.523] [main/DEBUG] [com.tterrag.registrate.AbstractRegistrate/REGISTRATE.REGISTER]: Registered create:polished_cut_granite_stairs to registry ResourceKey[minecraft:root / minecraft:block]
[27Jul2026 19:37:46.523] [main/DEBUG] [com.tterrag.registrate.AbstractRegistrate/REGISTRATE.REGISTER]: Registered create:polished_cut_granite_slab to registry ResourceKey[minecraft:root / minecraft:block]
[27Jul2026 19:37:46.531] [main/DEBUG] [com.tterrag.registrate.AbstractRegistrate/REGISTRATE.REGISTER]: Registered create:polished_cut_granite_wall to registry ResourceKey[minecraft:root / minecraft:block]
[27Jul2026 19:37:46.532] [main/DEBUG] [com.tterrag.registrate.AbstractRegistrate/REGISTRATE.REGISTER]: Registered create:cut_granite_bricks to registry ResourceKey[minecraft:root / minecraft:block]
[27Jul2026 19:37:46.533] [main/DEBUG] [com.tterrag.registrate.AbstractRegistrate/REGISTRATE.REGISTER]: Registered create:cut_granite_brick_stairs to registry ResourceKey[minecraft:root / minecraft:block]
[27Jul2026 19:37:46.533] [main/DEBUG] [com.tterrag.registrate.AbstractRegistrate/REGISTRATE.REGISTER]: Registered create:cut_granite_brick_slab to registry ResourceKey[minecraft:root / minecraft:block]
[27Jul2026 19:37:46.542] [main/DEBUG] [com.tterrag.registrate.AbstractRegistrate/REGISTRATE.REGISTER]: Registered create:cut_granite_brick_wall to registry ResourceKey[minecraft:root / minecraft:block]
[27Jul2026 19:37:46.542] [main/DEBUG] [com.tterrag.registrate.AbstractRegistrate/REGISTRATE.REGISTER]: Registered create:small_granite_bricks to registry ResourceKey[minecraft:root / minecraft:block]
[27Jul2026 19:37:46.543] [main/DEBUG] [com.tterrag.registrate.AbstractRegistrate/REGISTRATE.REGISTER]: Registered create:small_granite_brick_stairs to registry ResourceKey[minecraft:root / minecraft:block]
[27Jul2026 19:37:46.544] [main/DEBUG] [com.tterrag.registrate.AbstractRegistrate/REGISTRATE.REGISTER]: Registered create:small_granite_brick_slab to registry ResourceKey[minecraft:root / minecraft:block]
[27Jul2026 19:37:46.552] [main/DEBUG] [com.tterrag.registrate.AbstractRegistrate/REGISTRATE.REGISTER]: Registered create:small_granite_brick_wall to registry ResourceKey[minecraft:root / minecraft:block]
[27Jul2026 19:37:46.554] [main/DEBUG] [com.tterrag.registrate.AbstractRegistrate/REGISTRATE.REGISTER]: Registered create:layered_granite to registry ResourceKey[minecraft:root / minecraft:block]
[27Jul2026 19:37:46.555] [main/DEBUG] [com.tterrag.registrate.AbstractRegistrate/REGISTRATE.REGISTER]: Registered create:granite_pillar to registry ResourceKey[minecraft:root / minecraft:block]
[27Jul2026 19:37:46.555] [main/DEBUG] [com.tterrag.registrate.AbstractRegistrate/REGISTRATE.REGISTER]: Registered create:cut_diorite to registry ResourceKey[minecraft:root / minecraft:block]
[27Jul2026 19:37:46.556] [main/DEBUG] [com.tterrag.registrate.AbstractRegistrate/REGISTRATE.REGISTER]: Registered create:cut_diorite_stairs to registry ResourceKey[minecraft:root / minecraft:block]
[27Jul2026 19:37:46.556] [main/DEBUG] [com.tterrag.registrate.AbstractRegistrate/REGISTRATE.REGISTER]: Registered create:cut_diorite_slab to registry ResourceKey[minecraft:root / minecraft:block]
[27Jul2026 19:37:46.566] [main/DEBUG] [com.tterrag.registrate.AbstractRegistrate/REGISTRATE.REGISTER]: Registered create:cut_diorite_wall to registry ResourceKey[minecraft:root / minecraft:block]
[27Jul2026 19:37:46.566] [main/DEBUG] [com.tterrag.registrate.AbstractRegistrate/REGISTRATE.REGISTER]: Registered create:polished_cut_diorite to registry ResourceKey[minecraft:root / minecraft:block]
[27Jul2026 19:37:46.567] [main/DEBUG] [com.tterrag.registrate.AbstractRegistrate/REGISTRATE.REGISTER]: Registered create:polished_cut_diorite_stairs to registry ResourceKey[minecraft:root / minecraft:block]
[27Jul2026 19:37:46.567] [main/DEBUG] [com.tterrag.registrate.AbstractRegistrate/REGISTRATE.REGISTER]: Registered create:polished_cut_diorite_slab to registry ResourceKey[minecraft:root / minecraft:block]
[27Jul2026 19:37:46.577] [main/DEBUG] [com.tterrag.registrate.AbstractRegistrate/REGISTRATE.REGISTER]: Registered create:polished_cut_diorite_wall to registry ResourceKey[minecraft:root / minecraft:block]
[27Jul2026 19:37:46.577] [main/DEBUG] [com.tterrag.registrate.AbstractRegistrate/REGISTRATE.REGISTER]: Registered create:cut_diorite_bricks to registry ResourceKey[minecraft:root / minecraft:block]
[27Jul2026 19:37:46.579] [main/DEBUG] [com.tterrag.registrate.AbstractRegistrate/REGISTRATE.REGISTER]: Registered create:cut_diorite_brick_stairs to registry ResourceKey[minecraft:root / minecraft:block]
[27Jul2026 19:37:46.579] [main/DEBUG] [com.tterrag.registrate.AbstractRegistrate/REGISTRATE.REGISTER]: Registered create:cut_diorite_brick_slab to registry ResourceKey[minecraft:root / minecraft:block]
[27Jul2026 19:37:46.588] [main/DEBUG] [com.tterrag.registrate.AbstractRegistrate/REGISTRATE.REGISTER]: Registered create:cut_diorite_brick_wall to registry ResourceKey[minecraft:root / minecraft:block]
[27Jul2026 19:37:46.588] [main/DEBUG] [com.tterrag.registrate.AbstractRegistrate/REGISTRATE.REGISTER]: Registered create:small_diorite_bricks to registry ResourceKey[minecraft:root / minecraft:block]
[27Jul2026 19:37:46.589] [main/DEBUG] [com.tterrag.registrate.AbstractRegistrate/REGISTRATE.REGISTER]: Registered create:small_diorite_brick_stairs to registry ResourceKey[minecraft:root / minecraft:block]
[27Jul2026 19:37:46.589] [main/DEBUG] [com.tterrag.registrate.AbstractRegistrate/REGISTRATE.REGISTER]: Registered create:small_diorite_brick_slab to registry ResourceKey[minecraft:root / minecraft:block]
[27Jul2026 19:37:46.598] [main/DEBUG] [com.tterrag.registrate.AbstractRegistrate/REGISTRATE.REGISTER]: Registered create:small_diorite_brick_wall to registry ResourceKey[minecraft:root / minecraft:block]
[27Jul2026 19:37:46.598] [main/DEBUG] [com.tterrag.registrate.AbstractRegistrate/REGISTRATE.REGISTER]: Registered create:layered_diorite to registry ResourceKey[minecraft:root / minecraft:block]
[27Jul2026 19:37:46.599] [main/DEBUG] [com.tterrag.registrate.AbstractRegistrate/REGISTRATE.REGISTER]: Registered create:diorite_pillar to registry ResourceKey[minecraft:root / minecraft:block]
[27Jul2026 19:37:46.599] [main/DEBUG] [com.tterrag.registrate.AbstractRegistrate/REGISTRATE.REGISTER]: Registered create:cut_andesite to registry ResourceKey[minecraft:root / minecraft:block]
[27Jul2026 19:37:46.600] [main/DEBUG] [com.tterrag.registrate.AbstractRegistrate/REGISTRATE.REGISTER]: Registered create:cut_andesite_stairs to registry ResourceKey[minecraft:root / minecraft:block]
[27Jul2026 19:37:46.600] [main/DEBUG] [com.tterrag.registrate.AbstractRegistrate/REGISTRATE.REGISTER]: Registered create:cut_andesite_slab to registry ResourceKey[minecraft:root / minecraft:block]
[27Jul2026 19:37:46.608] [main/DEBUG] [com.tterrag.registrate.AbstractRegistrate/REGISTRATE.REGISTER]: Registered create:cut_andesite_wall to registry ResourceKey[minecraft:root / minecraft:block]
[27Jul2026 19:37:46.609] [main/DEBUG] [com.tterrag.registrate.AbstractRegistrate/REGISTRATE.REGISTER]: Registered create:polished_cut_andesite to registry ResourceKey[minecraft:root / minecraft:block]
[27Jul2026 19:37:46.610] [main/DEBUG] [com.tterrag.registrate.AbstractRegistrate/REGISTRATE.REGISTER]: Registered create:polished_cut_andesite_stairs to registry ResourceKey[minecraft:root / minecraft:block]
[27Jul2026 19:37:46.611] [main/DEBUG] [com.tterrag.registrate.AbstractRegistrate/REGISTRATE.REGISTER]: Registered create:polished_cut_andesite_slab to registry ResourceKey[minecraft:root / minecraft:block]
[27Jul2026 19:37:46.619] [main/DEBUG] [com.tterrag.registrate.AbstractRegistrate/REGISTRATE.REGISTER]: Registered create:polished_cut_andesite_wall to registry ResourceKey[minecraft:root / minecraft:block]
[27Jul2026 19:37:46.620] [main/DEBUG] [com.tterrag.registrate.AbstractRegistrate/REGISTRATE.REGISTER]: Registered create:cut_andesite_bricks to registry ResourceKey[minecraft:root / minecraft:block]
[27Jul2026 19:37:46.621] [main/DEBUG] [com.tterrag.registrate.AbstractRegistrate/REGISTRATE.REGISTER]: Registered create:cut_andesite_brick_stairs to registry ResourceKey[minecraft:root / minecraft:block]
[27Jul2026 19:37:46.621] [main/DEBUG] [com.tterrag.registrate.AbstractRegistrate/REGISTRATE.REGISTER]: Registered create:cut_andesite_brick_slab to registry ResourceKey[minecraft:root / minecraft:block]
[27Jul2026 19:37:46.632] [main/DEBUG] [com.tterrag.registrate.AbstractRegistrate/REGISTRATE.REGISTER]: Registered create:cut_andesite_brick_wall to registry ResourceKey[minecraft:root / minecraft:block]
[27Jul2026 19:37:46.633] [main/DEBUG] [com.tterrag.registrate.AbstractRegistrate/REGISTRATE.REGISTER]: Registered create:small_andesite_bricks to registry ResourceKey[minecraft:root / minecraft:block]
[27Jul2026 19:37:46.634] [main/DEBUG] [com.tterrag.registrate.AbstractRegistrate/REGISTRATE.REGISTER]: Registered create:small_andesite_brick_stairs to registry ResourceKey[minecraft:root / minecraft:block]
[27Jul2026 19:37:46.634] [main/DEBUG] [com.tterrag.registrate.AbstractRegistrate/REGISTRATE.REGISTER]: Registered create:small_andesite_brick_slab to registry ResourceKey[minecraft:root / minecraft:block]
[27Jul2026 19:37:46.645] [main/DEBUG] [com.tterrag.registrate.AbstractRegistrate/REGISTRATE.REGISTER]: Registered create:small_andesite_brick_wall to registry ResourceKey[minecraft:root / minecraft:block]
[27Jul2026 19:37:46.645] [main/DEBUG] [com.tterrag.registrate.AbstractRegistrate/REGISTRATE.REGISTER]: Registered create:layered_andesite to registry ResourceKey[minecraft:root / minecraft:block]
[27Jul2026 19:37:46.646] [main/DEBUG] [com.tterrag.registrate.AbstractRegistrate/REGISTRATE.REGISTER]: Registered create:andesite_pillar to registry ResourceKey[minecraft:root / minecraft:block]
[27Jul2026 19:37:46.646] [main/DEBUG] [com.tterrag.registrate.AbstractRegistrate/REGISTRATE.REGISTER]: Registered create:cut_calcite to registry ResourceKey[minecraft:root / minecraft:block]
[27Jul2026 19:37:46.647] [main/DEBUG] [com.tterrag.registrate.AbstractRegistrate/REGISTRATE.REGISTER]: Registered create:cut_calcite_stairs to registry ResourceKey[minecraft:root / minecraft:block]
[27Jul2026 19:37:46.647] [main/DEBUG] [com.tterrag.registrate.AbstractRegistrate/REGISTRATE.REGISTER]: Registered create:cut_calcite_slab to registry ResourceKey[minecraft:root / minecraft:block]
[27Jul2026 19:37:46.659] [main/DEBUG] [com.tterrag.registrate.AbstractRegistrate/REGISTRATE.REGISTER]: Registered create:cut_calcite_wall to registry ResourceKey[minecraft:root / minecraft:block]
[27Jul2026 19:37:46.659] [main/DEBUG] [com.tterrag.registrate.AbstractRegistrate/REGISTRATE.REGISTER]: Registered create:polished_cut_calcite to registry ResourceKey[minecraft:root / minecraft:block]
[27Jul2026 19:37:46.661] [main/DEBUG] [com.tterrag.registrate.AbstractRegistrate/REGISTRATE.REGISTER]: Registered create:polished_cut_calcite_stairs to registry ResourceKey[minecraft:root / minecraft:block]
[27Jul2026 19:37:46.661] [main/DEBUG] [com.tterrag.registrate.AbstractRegistrate/REGISTRATE.REGISTER]: Registered create:polished_cut_calcite_slab to registry ResourceKey[minecraft:root / minecraft:block]
[27Jul2026 19:37:46.670] [main/DEBUG] [com.tterrag.registrate.AbstractRegistrate/REGISTRATE.REGISTER]: Registered create:polished_cut_calcite_wall to registry ResourceKey[minecraft:root / minecraft:block]
[27Jul2026 19:37:46.671] [main/DEBUG] [com.tterrag.registrate.AbstractRegistrate/REGISTRATE.REGISTER]: Registered create:cut_calcite_bricks to registry ResourceKey[minecraft:root / minecraft:block]
[27Jul2026 19:37:46.672] [main/DEBUG] [com.tterrag.registrate.AbstractRegistrate/REGISTRATE.REGISTER]: Registered create:cut_calcite_brick_stairs to registry ResourceKey[minecraft:root / minecraft:block]
[27Jul2026 19:37:46.672] [main/DEBUG] [com.tterrag.registrate.AbstractRegistrate/REGISTRATE.REGISTER]: Registered create:cut_calcite_brick_slab to registry ResourceKey[minecraft:root / minecraft:block]
[27Jul2026 19:37:46.681] [main/DEBUG] [com.tterrag.registrate.AbstractRegistrate/REGISTRATE.REGISTER]: Registered create:cut_calcite_brick_wall to registry ResourceKey[minecraft:root / minecraft:block]
[27Jul2026 19:37:46.681] [main/DEBUG] [com.tterrag.registrate.AbstractRegistrate/REGISTRATE.REGISTER]: Registered create:small_calcite_bricks to registry ResourceKey[minecraft:root / minecraft:block]
[27Jul2026 19:37:46.683] [main/DEBUG] [com.tterrag.registrate.AbstractRegistrate/REGISTRATE.REGISTER]: Registered create:small_calcite_brick_stairs to registry ResourceKey[minecraft:root / minecraft:block]
[27Jul2026 19:37:46.683] [main/DEBUG] [com.tterrag.registrate.AbstractRegistrate/REGISTRATE.REGISTER]: Registered create:small_calcite_brick_slab to registry ResourceKey[minecraft:root / minecraft:block]
[27Jul2026 19:37:46.692] [main/DEBUG] [com.tterrag.registrate.AbstractRegistrate/REGISTRATE.REGISTER]: Registered create:small_calcite_brick_wall to registry ResourceKey[minecraft:root / minecraft:block]
[27Jul2026 19:37:46.692] [main/DEBUG] [com.tterrag.registrate.AbstractRegistrate/REGISTRATE.REGISTER]: Registered create:layered_calcite to registry ResourceKey[minecraft:root / minecraft:block]
[27Jul2026 19:37:46.693] [main/DEBUG] [com.tterrag.registrate.AbstractRegistrate/REGISTRATE.REGISTER]: Registered create:calcite_pillar to registry ResourceKey[minecraft:root / minecraft:block]
[27Jul2026 19:37:46.693] [main/DEBUG] [com.tterrag.registrate.AbstractRegistrate/REGISTRATE.REGISTER]: Registered create:cut_dripstone to registry ResourceKey[minecraft:root / minecraft:block]
[27Jul2026 19:37:46.695] [main/DEBUG] [com.tterrag.registrate.AbstractRegistrate/REGISTRATE.REGISTER]: Registered create:cut_dripstone_stairs to registry ResourceKey[minecraft:root / minecraft:block]
[27Jul2026 19:37:46.696] [main/DEBUG] [com.tterrag.registrate.AbstractRegistrate/REGISTRATE.REGISTER]: Registered create:cut_dripstone_slab to registry ResourceKey[minecraft:root / minecraft:block]
[27Jul2026 19:37:46.708] [main/DEBUG] [com.tterrag.registrate.AbstractRegistrate/REGISTRATE.REGISTER]: Registered create:cut_dripstone_wall to registry ResourceKey[minecraft:root / minecraft:block]
[27Jul2026 19:37:46.708] [main/DEBUG] [com.tterrag.registrate.AbstractRegistrate/REGISTRATE.REGISTER]: Registered create:polished_cut_dripstone to registry ResourceKey[minecraft:root / minecraft:block]
[27Jul2026 19:37:46.709] [main/DEBUG] [com.tterrag.registrate.AbstractRegistrate/REGISTRATE.REGISTER]: Registered create:polished_cut_dripstone_stairs to registry ResourceKey[minecraft:root / minecraft:block]
[27Jul2026 19:37:46.709] [main/DEBUG] [com.tterrag.registrate.AbstractRegistrate/REGISTRATE.REGISTER]: Registered create:polished_cut_dripstone_slab to registry ResourceKey[minecraft:root / minecraft:block]
[27Jul2026 19:37:46.719] [main/DEBUG] [com.tterrag.registrate.AbstractRegistrate/REGISTRATE.REGISTER]: Registered create:polished_cut_dripstone_wall to registry ResourceKey[minecraft:root / minecraft:block]
[27Jul2026 19:37:46.719] [main/DEBUG] [com.tterrag.registrate.AbstractRegistrate/REGISTRATE.REGISTER]: Registered create:cut_dripstone_bricks to registry ResourceKey[minecraft:root / minecraft:block]
[27Jul2026 19:37:46.720] [main/DEBUG] [com.tterrag.registrate.AbstractRegistrate/REGISTRATE.REGISTER]: Registered create:cut_dripstone_brick_stairs to registry ResourceKey[minecraft:root / minecraft:block]
[27Jul2026 19:37:46.720] [main/DEBUG] [com.tterrag.registrate.AbstractRegistrate/REGISTRATE.REGISTER]: Registered create:cut_dripstone_brick_slab to registry ResourceKey[minecraft:root / minecraft:block]
[27Jul2026 19:37:46.727] [main/DEBUG] [com.tterrag.registrate.AbstractRegistrate/REGISTRATE.REGISTER]: Registered create:cut_dripstone_brick_wall to registry ResourceKey[minecraft:root / minecraft:block]
[27Jul2026 19:37:46.728] [main/DEBUG] [com.tterrag.registrate.AbstractRegistrate/REGISTRATE.REGISTER]: Registered create:small_dripstone_bricks to registry ResourceKey[minecraft:root / minecraft:block]
[27Jul2026 19:37:46.729] [main/DEBUG] [com.tterrag.registrate.AbstractRegistrate/REGISTRATE.REGISTER]: Registered create:small_dripstone_brick_stairs to registry ResourceKey[minecraft:root / minecraft:block]
[27Jul2026 19:37:46.729] [main/DEBUG] [com.tterrag.registrate.AbstractRegistrate/REGISTRATE.REGISTER]: Registered create:small_dripstone_brick_slab to registry ResourceKey[minecraft:root / minecraft:block]
[27Jul2026 19:37:46.737] [main/DEBUG] [com.tterrag.registrate.AbstractRegistrate/REGISTRATE.REGISTER]: Registered create:small_dripstone_brick_wall to registry ResourceKey[minecraft:root / minecraft:block]
[27Jul2026 19:37:46.738] [main/DEBUG] [com.tterrag.registrate.AbstractRegistrate/REGISTRATE.REGISTER]: Registered create:layered_dripstone to registry ResourceKey[minecraft:root / minecraft:block]
[27Jul2026 19:37:46.739] [main/DEBUG] [com.tterrag.registrate.AbstractRegistrate/REGISTRATE.REGISTER]: Registered create:dripstone_pillar to registry ResourceKey[minecraft:root / minecraft:block]
[27Jul2026 19:37:46.739] [main/DEBUG] [com.tterrag.registrate.AbstractRegistrate/REGISTRATE.REGISTER]: Registered create:cut_deepslate to registry ResourceKey[minecraft:root / minecraft:block]
[27Jul2026 19:37:46.740] [main/DEBUG] [com.tterrag.registrate.AbstractRegistrate/REGISTRATE.REGISTER]: Registered create:cut_deepslate_stairs to registry ResourceKey[minecraft:root / minecraft:block]
[27Jul2026 19:37:46.740] [main/DEBUG] [com.tterrag.registrate.AbstractRegistrate/REGISTRATE.REGISTER]: Registered create:cut_deepslate_slab to registry ResourceKey[minecraft:root / minecraft:block]
[27Jul2026 19:37:46.749] [main/DEBUG] [com.tterrag.registrate.AbstractRegistrate/REGISTRATE.REGISTER]: Registered create:cut_deepslate_wall to registry ResourceKey[minecraft:root / minecraft:block]
[27Jul2026 19:37:46.749] [main/DEBUG] [com.tterrag.registrate.AbstractRegistrate/REGISTRATE.REGISTER]: Registered create:polished_cut_deepslate to registry ResourceKey[minecraft:root / minecraft:block]
[27Jul2026 19:37:46.751] [main/DEBUG] [com.tterrag.registrate.AbstractRegistrate/REGISTRATE.REGISTER]: Registered create:polished_cut_deepslate_stairs to registry ResourceKey[minecraft:root / minecraft:block]
[27Jul2026 19:37:46.751] [main/DEBUG] [com.tterrag.registrate.AbstractRegistrate/REGISTRATE.REGISTER]: Registered create:polished_cut_deepslate_slab to registry ResourceKey[minecraft:root / minecraft:block]
[27Jul2026 19:37:46.760] [main/DEBUG] [com.tterrag.registrate.AbstractRegistrate/REGISTRATE.REGISTER]: Registered create:polished_cut_deepslate_wall to registry ResourceKey[minecraft:root / minecraft:block]
[27Jul2026 19:37:46.760] [main/DEBUG] [com.tterrag.registrate.AbstractRegistrate/REGISTRATE.REGISTER]: Registered create:cut_deepslate_bricks to registry ResourceKey[minecraft:root / minecraft:block]
[27Jul2026 19:37:46.761] [main/DEBUG] [com.tterrag.registrate.AbstractRegistrate/REGISTRATE.REGISTER]: Registered create:cut_deepslate_brick_stairs to registry ResourceKey[minecraft:root / minecraft:block]
[27Jul2026 19:37:46.761] [main/DEBUG] [com.tterrag.registrate.AbstractRegistrate/REGISTRATE.REGISTER]: Registered create:cut_deepslate_brick_slab to registry ResourceKey[minecraft:root / minecraft:block]
[27Jul2026 19:37:46.770] [main/DEBUG] [com.tterrag.registrate.AbstractRegistrate/REGISTRATE.REGISTER]: Registered create:cut_deepslate_brick_wall to registry ResourceKey[minecraft:root / minecraft:block]
[27Jul2026 19:37:46.770] [main/DEBUG] [com.tterrag.registrate.AbstractRegistrate/REGISTRATE.REGISTER]: Registered create:small_deepslate_bricks to registry ResourceKey[minecraft:root / minecraft:block]
[27Jul2026 19:37:46.772] [main/DEBUG] [com.tterrag.registrate.AbstractRegistrate/REGISTRATE.REGISTER]: Registered create:small_deepslate_brick_stairs to registry ResourceKey[minecraft:root / minecraft:block]
[27Jul2026 19:37:46.772] [main/DEBUG] [com.tterrag.registrate.AbstractRegistrate/REGISTRATE.REGISTER]: Registered create:small_deepslate_brick_slab to registry ResourceKey[minecraft:root / minecraft:block]
[27Jul2026 19:37:46.781] [main/DEBUG] [com.tterrag.registrate.AbstractRegistrate/REGISTRATE.REGISTER]: Registered create:small_deepslate_brick_wall to registry ResourceKey[minecraft:root / minecraft:block]
[27Jul2026 19:37:46.781] [main/DEBUG] [com.tterrag.registrate.AbstractRegistrate/REGISTRATE.REGISTER]: Registered create:layered_deepslate to registry ResourceKey[minecraft:root / minecraft:block]
[27Jul2026 19:37:46.782] [main/DEBUG] [com.tterrag.registrate.AbstractRegistrate/REGISTRATE.REGISTER]: Registered create:deepslate_pillar to registry ResourceKey[minecraft:root / minecraft:block]
[27Jul2026 19:37:46.782] [main/DEBUG] [com.tterrag.registrate.AbstractRegistrate/REGISTRATE.REGISTER]: Registered create:cut_tuff to registry ResourceKey[minecraft:root / minecraft:block]
[27Jul2026 19:37:46.784] [main/DEBUG] [com.tterrag.registrate.AbstractRegistrate/REGISTRATE.REGISTER]: Registered create:cut_tuff_stairs to registry ResourceKey[minecraft:root / minecraft:block]
[27Jul2026 19:37:46.784] [main/DEBUG] [com.tterrag.registrate.AbstractRegistrate/REGISTRATE.REGISTER]: Registered create:cut_tuff_slab to registry ResourceKey[minecraft:root / minecraft:block]
[27Jul2026 19:37:46.793] [main/DEBUG] [com.tterrag.registrate.AbstractRegistrate/REGISTRATE.REGISTER]: Registered create:cut_tuff_wall to registry ResourceKey[minecraft:root / minecraft:block]
[27Jul2026 19:37:46.793] [main/DEBUG] [com.tterrag.registrate.AbstractRegistrate/REGISTRATE.REGISTER]: Registered create:polished_cut_tuff to registry ResourceKey[minecraft:root / minecraft:block]
[27Jul2026 19:37:46.794] [main/DEBUG] [com.tterrag.registrate.AbstractRegistrate/REGISTRATE.REGISTER]: Registered create:polished_cut_tuff_stairs to registry ResourceKey[minecraft:root / minecraft:block]
[27Jul2026 19:37:46.794] [main/DEBUG] [com.tterrag.registrate.AbstractRegistrate/REGISTRATE.REGISTER]: Registered create:polished_cut_tuff_slab to registry ResourceKey[minecraft:root / minecraft:block]
[27Jul2026 19:37:46.803] [main/DEBUG] [com.tterrag.registrate.AbstractRegistrate/REGISTRATE.REGISTER]: Registered create:polished_cut_tuff_wall to registry ResourceKey[minecraft:root / minecraft:block]
[27Jul2026 19:37:46.803] [main/DEBUG] [com.tterrag.registrate.AbstractRegistrate/REGISTRATE.REGISTER]: Registered create:cut_tuff_bricks to registry ResourceKey[minecraft:root / minecraft:block]
[27Jul2026 19:37:46.805] [main/DEBUG] [com.tterrag.registrate.AbstractRegistrate/REGISTRATE.REGISTER]: Registered create:cut_tuff_brick_stairs to registry ResourceKey[minecraft:root / minecraft:block]
[27Jul2026 19:37:46.805] [main/DEBUG] [com.tterrag.registrate.AbstractRegistrate/REGISTRATE.REGISTER]: Registered create:cut_tuff_brick_slab to registry ResourceKey[minecraft:root / minecraft:block]
[27Jul2026 19:37:46.813] [main/DEBUG] [com.tterrag.registrate.AbstractRegistrate/REGISTRATE.REGISTER]: Registered create:cut_tuff_brick_wall to registry ResourceKey[minecraft:root / minecraft:block]
[27Jul2026 19:37:46.814] [main/DEBUG] [com.tterrag.registrate.AbstractRegistrate/REGISTRATE.REGISTER]: Registered create:small_tuff_bricks to registry ResourceKey[minecraft:root / minecraft:block]
[27Jul2026 19:37:46.815] [main/DEBUG] [com.tterrag.registrate.AbstractRegistrate/REGISTRATE.REGISTER]: Registered create:small_tuff_brick_stairs to registry ResourceKey[minecraft:root / minecraft:block]
[27Jul2026 19:37:46.815] [main/DEBUG] [com.tterrag.registrate.AbstractRegistrate/REGISTRATE.REGISTER]: Registered create:small_tuff_brick_slab to registry ResourceKey[minecraft:root / minecraft:block]
[27Jul2026 19:37:46.825] [main/DEBUG] [com.tterrag.registrate.AbstractRegistrate/REGISTRATE.REGISTER]: Registered create:small_tuff_brick_wall to registry ResourceKey[minecraft:root / minecraft:block]
[27Jul2026 19:37:46.825] [main/DEBUG] [com.tterrag.registrate.AbstractRegistrate/REGISTRATE.REGISTER]: Registered create:layered_tuff to registry ResourceKey[minecraft:root / minecraft:block]
[27Jul2026 19:37:46.827] [main/DEBUG] [com.tterrag.registrate.AbstractRegistrate/REGISTRATE.REGISTER]: Registered create:tuff_pillar to registry ResourceKey[minecraft:root / minecraft:block]
[27Jul2026 19:37:46.827] [main/DEBUG] [com.tterrag.registrate.AbstractRegistrate/REGISTRATE.REGISTER]: Registered create:asurine to registry ResourceKey[minecraft:root / minecraft:block]
[27Jul2026 19:37:46.827] [main/DEBUG] [com.tterrag.registrate.AbstractRegistrate/REGISTRATE.REGISTER]: Registered create:cut_asurine to registry ResourceKey[minecraft:root / minecraft:block]
[27Jul2026 19:37:46.829] [main/DEBUG] [com.tterrag.registrate.AbstractRegistrate/REGISTRATE.REGISTER]: Registered create:cut_asurine_stairs to registry ResourceKey[minecraft:root / minecraft:block]
[27Jul2026 19:37:46.830] [main/DEBUG] [com.tterrag.registrate.AbstractRegistrate/REGISTRATE.REGISTER]: Registered create:cut_asurine_slab to registry ResourceKey[minecraft:root / minecraft:block]
[27Jul2026 19:37:46.845] [main/DEBUG] [com.tterrag.registrate.AbstractRegistrate/REGISTRATE.REGISTER]: Registered create:cut_asurine_wall to registry ResourceKey[minecraft:root / minecraft:block]
[27Jul2026 19:37:46.846] [main/DEBUG] [com.tterrag.registrate.AbstractRegistrate/REGISTRATE.REGISTER]: Registered create:polished_cut_asurine to registry ResourceKey[minecraft:root / minecraft:block]
[27Jul2026 19:37:46.848] [main/DEBUG] [com.tterrag.registrate.AbstractRegistrate/REGISTRATE.REGISTER]: Registered create:polished_cut_asurine_stairs to registry ResourceKey[minecraft:root / minecraft:block]
[27Jul2026 19:37:46.849] [main/DEBUG] [com.tterrag.registrate.AbstractRegistrate/REGISTRATE.REGISTER]: Registered create:polished_cut_asurine_slab to registry ResourceKey[minecraft:root / minecraft:block]
[27Jul2026 19:37:46.870] [main/DEBUG] [com.tterrag.registrate.AbstractRegistrate/REGISTRATE.REGISTER]: Registered create:polished_cut_asurine_wall to registry ResourceKey[minecraft:root / minecraft:block]
[27Jul2026 19:37:46.870] [main/DEBUG] [com.tterrag.registrate.AbstractRegistrate/REGISTRATE.REGISTER]: Registered create:cut_asurine_bricks to registry ResourceKey[minecraft:root / minecraft:block]
[27Jul2026 19:37:46.872] [main/DEBUG] [com.tterrag.registrate.AbstractRegistrate/REGISTRATE.REGISTER]: Registered create:cut_asurine_brick_stairs to registry ResourceKey[minecraft:root / minecraft:block]
[27Jul2026 19:37:46.873] [main/DEBUG] [com.tterrag.registrate.AbstractRegistrate/REGISTRATE.REGISTER]: Registered create:cut_asurine_brick_slab to registry ResourceKey[minecraft:root / minecraft:block]
[27Jul2026 19:37:46.889] [main/DEBUG] [com.tterrag.registrate.AbstractRegistrate/REGISTRATE.REGISTER]: Registered create:cut_asurine_brick_wall to registry ResourceKey[minecraft:root / minecraft:block]
[27Jul2026 19:37:46.889] [main/DEBUG] [com.tterrag.registrate.AbstractRegistrate/REGISTRATE.REGISTER]: Registered create:small_asurine_bricks to registry ResourceKey[minecraft:root / minecraft:block]
[27Jul2026 19:37:46.894] [main/DEBUG] [com.tterrag.registrate.AbstractRegistrate/REGISTRATE.REGISTER]: Registered create:small_asurine_brick_stairs to registry ResourceKey[minecraft:root / minecraft:block]
[27Jul2026 19:37:46.895] [main/DEBUG] [com.tterrag.registrate.AbstractRegistrate/REGISTRATE.REGISTER]: Registered create:small_asurine_brick_slab to registry ResourceKey[minecraft:root / minecraft:block]
[27Jul2026 19:37:46.914] [main/DEBUG] [com.tterrag.registrate.AbstractRegistrate/REGISTRATE.REGISTER]: Registered create:small_asurine_brick_wall to registry ResourceKey[minecraft:root / minecraft:block]
[27Jul2026 19:37:46.914] [main/DEBUG] [com.tterrag.registrate.AbstractRegistrate/REGISTRATE.REGISTER]: Registered create:layered_asurine to registry ResourceKey[minecraft:root / minecraft:block]
[27Jul2026 19:37:46.915] [main/DEBUG] [com.tterrag.registrate.AbstractRegistrate/REGISTRATE.REGISTER]: Registered create:asurine_pillar to registry ResourceKey[minecraft:root / minecraft:block]
[27Jul2026 19:37:46.916] [main/DEBUG] [com.tterrag.registrate.AbstractRegistrate/REGISTRATE.REGISTER]: Registered create:crimsite to registry ResourceKey[minecraft:root / minecraft:block]
[27Jul2026 19:37:46.916] [main/DEBUG] [com.tterrag.registrate.AbstractRegistrate/REGISTRATE.REGISTER]: Registered create:cut_crimsite to registry ResourceKey[minecraft:root / minecraft:block]
[27Jul2026 19:37:46.918] [main/DEBUG] [com.tterrag.registrate.AbstractRegistrate/REGISTRATE.REGISTER]: Registered create:cut_crimsite_stairs to registry ResourceKey[minecraft:root / minecraft:block]
[27Jul2026 19:37:46.918] [main/DEBUG] [com.tterrag.registrate.AbstractRegistrate/REGISTRATE.REGISTER]: Registered create:cut_crimsite_slab to registry ResourceKey[minecraft:root / minecraft:block]
[27Jul2026 19:37:46.931] [main/DEBUG] [com.tterrag.registrate.AbstractRegistrate/REGISTRATE.REGISTER]: Registered create:cut_crimsite_wall to registry ResourceKey[minecraft:root / minecraft:block]
[27Jul2026 19:37:46.931] [main/DEBUG] [com.tterrag.registrate.AbstractRegistrate/REGISTRATE.REGISTER]: Registered create:polished_cut_crimsite to registry ResourceKey[minecraft:root / minecraft:block]
[27Jul2026 19:37:46.933] [main/DEBUG] [com.tterrag.registrate.AbstractRegistrate/REGISTRATE.REGISTER]: Registered create:polished_cut_crimsite_stairs to registry ResourceKey[minecraft:root / minecraft:block]
[27Jul2026 19:37:46.933] [main/DEBUG] [com.tterrag.registrate.AbstractRegistrate/REGISTRATE.REGISTER]: Registered create:polished_cut_crimsite_slab to registry ResourceKey[minecraft:root / minecraft:block]
[27Jul2026 19:37:46.943] [main/DEBUG] [com.tterrag.registrate.AbstractRegistrate/REGISTRATE.REGISTER]: Registered create:polished_cut_crimsite_wall to registry ResourceKey[minecraft:root / minecraft:block]
[27Jul2026 19:37:46.943] [main/DEBUG] [com.tterrag.registrate.AbstractRegistrate/REGISTRATE.REGISTER]: Registered create:cut_crimsite_bricks to registry ResourceKey[minecraft:root / minecraft:block]
[27Jul2026 19:37:46.944] [main/DEBUG] [com.tterrag.registrate.AbstractRegistrate/REGISTRATE.REGISTER]: Registered create:cut_crimsite_brick_stairs to registry ResourceKey[minecraft:root / minecraft:block]
[27Jul2026 19:37:46.944] [main/DEBUG] [com.tterrag.registrate.AbstractRegistrate/REGISTRATE.REGISTER]: Registered create:cut_crimsite_brick_slab to registry ResourceKey[minecraft:root / minecraft:block]
[27Jul2026 19:37:46.959] [main/DEBUG] [com.tterrag.registrate.AbstractRegistrate/REGISTRATE.REGISTER]: Registered create:cut_crimsite_brick_wall to registry ResourceKey[minecraft:root / minecraft:block]
[27Jul2026 19:37:46.959] [main/DEBUG] [com.tterrag.registrate.AbstractRegistrate/REGISTRATE.REGISTER]: Registered create:small_crimsite_bricks to registry ResourceKey[minecraft:root / minecraft:block]
[27Jul2026 19:37:46.961] [main/DEBUG] [com.tterrag.registrate.AbstractRegistrate/REGISTRATE.REGISTER]: Registered create:small_crimsite_brick_stairs to registry ResourceKey[minecraft:root / minecraft:block]
[27Jul2026 19:37:46.962] [main/DEBUG] [com.tterrag.registrate.AbstractRegistrate/REGISTRATE.REGISTER]: Registered create:small_crimsite_brick_slab to registry ResourceKey[minecraft:root / minecraft:block]
[27Jul2026 19:37:46.975] [main/DEBUG] [com.tterrag.registrate.AbstractRegistrate/REGISTRATE.REGISTER]: Registered create:small_crimsite_brick_wall to registry ResourceKey[minecraft:root / minecraft:block]
[27Jul2026 19:37:46.975] [main/DEBUG] [com.tterrag.registrate.AbstractRegistrate/REGISTRATE.REGISTER]: Registered create:layered_crimsite to registry ResourceKey[minecraft:root / minecraft:block]
[27Jul2026 19:37:46.976] [main/DEBUG] [com.tterrag.registrate.AbstractRegistrate/REGISTRATE.REGISTER]: Registered create:crimsite_pillar to registry ResourceKey[minecraft:root / minecraft:block]
[27Jul2026 19:37:46.976] [main/DEBUG] [com.tterrag.registrate.AbstractRegistrate/REGISTRATE.REGISTER]: Registered create:limestone to registry ResourceKey[minecraft:root / minecraft:block]
[27Jul2026 19:37:46.977] [main/DEBUG] [com.tterrag.registrate.AbstractRegistrate/REGISTRATE.REGISTER]: Registered create:cut_limestone to registry ResourceKey[minecraft:root / minecraft:block]
[27Jul2026 19:37:46.978] [main/DEBUG] [com.tterrag.registrate.AbstractRegistrate/REGISTRATE.REGISTER]: Registered create:cut_limestone_stairs to registry ResourceKey[minecraft:root / minecraft:block]
[27Jul2026 19:37:46.978] [main/DEBUG] [com.tterrag.registrate.AbstractRegistrate/REGISTRATE.REGISTER]: Registered create:cut_limestone_slab to registry ResourceKey[minecraft:root / minecraft:block]
[27Jul2026 19:37:46.988] [main/DEBUG] [com.tterrag.registrate.AbstractRegistrate/REGISTRATE.REGISTER]: Registered create:cut_limestone_wall to registry ResourceKey[minecraft:root / minecraft:block]
[27Jul2026 19:37:46.988] [main/DEBUG] [com.tterrag.registrate.AbstractRegistrate/REGISTRATE.REGISTER]: Registered create:polished_cut_limestone to registry ResourceKey[minecraft:root / minecraft:block]
[27Jul2026 19:37:46.990] [main/DEBUG] [com.tterrag.registrate.AbstractRegistrate/REGISTRATE.REGISTER]: Registered create:polished_cut_limestone_stairs to registry ResourceKey[minecraft:root / minecraft:block]
[27Jul2026 19:37:46.991] [main/DEBUG] [com.tterrag.registrate.AbstractRegistrate/REGISTRATE.REGISTER]: Registered create:polished_cut_limestone_slab to registry ResourceKey[minecraft:root / minecraft:block]
[27Jul2026 19:37:47.003] [main/DEBUG] [com.tterrag.registrate.AbstractRegistrate/REGISTRATE.REGISTER]: Registered create:polished_cut_limestone_wall to registry ResourceKey[minecraft:root / minecraft:block]
[27Jul2026 19:37:47.003] [main/DEBUG] [com.tterrag.registrate.AbstractRegistrate/REGISTRATE.REGISTER]: Registered create:cut_limestone_bricks to registry ResourceKey[minecraft:root / minecraft:block]
[27Jul2026 19:37:47.005] [main/DEBUG] [com.tterrag.registrate.AbstractRegistrate/REGISTRATE.REGISTER]: Registered create:cut_limestone_brick_stairs to registry ResourceKey[minecraft:root / minecraft:block]
[27Jul2026 19:37:47.005] [main/DEBUG] [com.tterrag.registrate.AbstractRegistrate/REGISTRATE.REGISTER]: Registered create:cut_limestone_brick_slab to registry ResourceKey[minecraft:root / minecraft:block]
[27Jul2026 19:37:47.013] [main/DEBUG] [com.tterrag.registrate.AbstractRegistrate/REGISTRATE.REGISTER]: Registered create:cut_limestone_brick_wall to registry ResourceKey[minecraft:root / minecraft:block]
[27Jul2026 19:37:47.013] [main/DEBUG] [com.tterrag.registrate.AbstractRegistrate/REGISTRATE.REGISTER]: Registered create:small_limestone_bricks to registry ResourceKey[minecraft:root / minecraft:block]
[27Jul2026 19:37:47.014] [main/DEBUG] [com.tterrag.registrate.AbstractRegistrate/REGISTRATE.REGISTER]: Registered create:small_limestone_brick_stairs to registry ResourceKey[minecraft:root / minecraft:block]
[27Jul2026 19:37:47.015] [main/DEBUG] [com.tterrag.registrate.AbstractRegistrate/REGISTRATE.REGISTER]: Registered create:small_limestone_brick_slab to registry ResourceKey[minecraft:root / minecraft:block]
[27Jul2026 19:37:47.025] [main/DEBUG] [com.tterrag.registrate.AbstractRegistrate/REGISTRATE.REGISTER]: Registered create:small_limestone_brick_wall to registry ResourceKey[minecraft:root / minecraft:block]
[27Jul2026 19:37:47.025] [main/DEBUG] [com.tterrag.registrate.AbstractRegistrate/REGISTRATE.REGISTER]: Registered create:layered_limestone to registry ResourceKey[minecraft:root / minecraft:block]
[27Jul2026 19:37:47.026] [main/DEBUG] [com.tterrag.registrate.AbstractRegistrate/REGISTRATE.REGISTER]: Registered create:limestone_pillar to registry ResourceKey[minecraft:root / minecraft:block]
[27Jul2026 19:37:47.026] [main/DEBUG] [com.tterrag.registrate.AbstractRegistrate/REGISTRATE.REGISTER]: Registered create:ochrum to registry ResourceKey[minecraft:root / minecraft:block]
[27Jul2026 19:37:47.026] [main/DEBUG] [com.tterrag.registrate.AbstractRegistrate/REGISTRATE.REGISTER]: Registered create:cut_ochrum to registry ResourceKey[minecraft:root / minecraft:block]
[27Jul2026 19:37:47.027] [main/DEBUG] [com.tterrag.registrate.AbstractRegistrate/REGISTRATE.REGISTER]: Registered create:cut_ochrum_stairs to registry ResourceKey[minecraft:root / minecraft:block]
[27Jul2026 19:37:47.028] [main/DEBUG] [com.tterrag.registrate.AbstractRegistrate/REGISTRATE.REGISTER]: Registered create:cut_ochrum_slab to registry ResourceKey[minecraft:root / minecraft:block]
[27Jul2026 19:37:47.036] [main/DEBUG] [com.tterrag.registrate.AbstractRegistrate/REGISTRATE.REGISTER]: Registered create:cut_ochrum_wall to registry ResourceKey[minecraft:root / minecraft:block]
[27Jul2026 19:37:47.036] [main/DEBUG] [com.tterrag.registrate.AbstractRegistrate/REGISTRATE.REGISTER]: Registered create:polished_cut_ochrum to registry ResourceKey[minecraft:root / minecraft:block]
[27Jul2026 19:37:47.038] [main/DEBUG] [com.tterrag.registrate.AbstractRegistrate/REGISTRATE.REGISTER]: Registered create:polished_cut_ochrum_stairs to registry ResourceKey[minecraft:root / minecraft:block]
[27Jul2026 19:37:47.038] [main/DEBUG] [com.tterrag.registrate.AbstractRegistrate/REGISTRATE.REGISTER]: Registered create:polished_cut_ochrum_slab to registry ResourceKey[minecraft:root / minecraft:block]
[27Jul2026 19:37:47.046] [main/DEBUG] [com.tterrag.registrate.AbstractRegistrate/REGISTRATE.REGISTER]: Registered create:polished_cut_ochrum_wall to registry ResourceKey[minecraft:root / minecraft:block]
[27Jul2026 19:37:47.047] [main/DEBUG] [com.tterrag.registrate.AbstractRegistrate/REGISTRATE.REGISTER]: Registered create:cut_ochrum_bricks to registry ResourceKey[minecraft:root / minecraft:block]
[27Jul2026 19:37:47.048] [main/DEBUG] [com.tterrag.registrate.AbstractRegistrate/REGISTRATE.REGISTER]: Registered create:cut_ochrum_brick_stairs to registry ResourceKey[minecraft:root / minecraft:block]
[27Jul2026 19:37:47.048] [main/DEBUG] [com.tterrag.registrate.AbstractRegistrate/REGISTRATE.REGISTER]: Registered create:cut_ochrum_brick_slab to registry ResourceKey[minecraft:root / minecraft:block]
[27Jul2026 19:37:47.057] [main/DEBUG] [com.tterrag.registrate.AbstractRegistrate/REGISTRATE.REGISTER]: Registered create:cut_ochrum_brick_wall to registry ResourceKey[minecraft:root / minecraft:block]
[27Jul2026 19:37:47.057] [main/DEBUG] [com.tterrag.registrate.AbstractRegistrate/REGISTRATE.REGISTER]: Registered create:small_ochrum_bricks to registry ResourceKey[minecraft:root / minecraft:block]
[27Jul2026 19:37:47.058] [main/DEBUG] [com.tterrag.registrate.AbstractRegistrate/REGISTRATE.REGISTER]: Registered create:small_ochrum_brick_stairs to registry ResourceKey[minecraft:root / minecraft:block]
[27Jul2026 19:37:47.058] [main/DEBUG] [com.tterrag.registrate.AbstractRegistrate/REGISTRATE.REGISTER]: Registered create:small_ochrum_brick_slab to registry ResourceKey[minecraft:root / minecraft:block]
[27Jul2026 19:37:47.067] [main/DEBUG] [com.tterrag.registrate.AbstractRegistrate/REGISTRATE.REGISTER]: Registered create:small_ochrum_brick_wall to registry ResourceKey[minecraft:root / minecraft:block]
[27Jul2026 19:37:47.067] [main/DEBUG] [com.tterrag.registrate.AbstractRegistrate/REGISTRATE.REGISTER]: Registered create:layered_ochrum to registry ResourceKey[minecraft:root / minecraft:block]
[27Jul2026 19:37:47.068] [main/DEBUG] [com.tterrag.registrate.AbstractRegistrate/REGISTRATE.REGISTER]: Registered create:ochrum_pillar to registry ResourceKey[minecraft:root / minecraft:block]
[27Jul2026 19:37:47.068] [main/DEBUG] [com.tterrag.registrate.AbstractRegistrate/REGISTRATE.REGISTER]: Registered create:scoria to registry ResourceKey[minecraft:root / minecraft:block]
[27Jul2026 19:37:47.068] [main/DEBUG] [com.tterrag.registrate.AbstractRegistrate/REGISTRATE.REGISTER]: Registered create:cut_scoria to registry ResourceKey[minecraft:root / minecraft:block]
[27Jul2026 19:37:47.069] [main/DEBUG] [com.tterrag.registrate.AbstractRegistrate/REGISTRATE.REGISTER]: Registered create:cut_scoria_stairs to registry ResourceKey[minecraft:root / minecraft:block]
[27Jul2026 19:37:47.070] [main/DEBUG] [com.tterrag.registrate.AbstractRegistrate/REGISTRATE.REGISTER]: Registered create:cut_scoria_slab to registry ResourceKey[minecraft:root / minecraft:block]
[27Jul2026 19:37:47.079] [main/DEBUG] [com.tterrag.registrate.AbstractRegistrate/REGISTRATE.REGISTER]: Registered create:cut_scoria_wall to registry ResourceKey[minecraft:root / minecraft:block]
[27Jul2026 19:37:47.079] [main/DEBUG] [com.tterrag.registrate.AbstractRegistrate/REGISTRATE.REGISTER]: Registered create:polished_cut_scoria to registry ResourceKey[minecraft:root / minecraft:block]
[27Jul2026 19:37:47.081] [main/DEBUG] [com.tterrag.registrate.AbstractRegistrate/REGISTRATE.REGISTER]: Registered create:polished_cut_scoria_stairs to registry ResourceKey[minecraft:root / minecraft:block]
[27Jul2026 19:37:47.081] [main/DEBUG] [com.tterrag.registrate.AbstractRegistrate/REGISTRATE.REGISTER]: Registered create:polished_cut_scoria_slab to registry ResourceKey[minecraft:root / minecraft:block]
[27Jul2026 19:37:47.089] [main/DEBUG] [com.tterrag.registrate.AbstractRegistrate/REGISTRATE.REGISTER]: Registered create:polished_cut_scoria_wall to registry ResourceKey[minecraft:root / minecraft:block]
[27Jul2026 19:37:47.090] [main/DEBUG] [com.tterrag.registrate.AbstractRegistrate/REGISTRATE.REGISTER]: Registered create:cut_scoria_bricks to registry ResourceKey[minecraft:root / minecraft:block]
[27Jul2026 19:37:47.091] [main/DEBUG] [com.tterrag.registrate.AbstractRegistrate/REGISTRATE.REGISTER]: Registered create:cut_scoria_brick_stairs to registry ResourceKey[minecraft:root / minecraft:block]
[27Jul2026 19:37:47.091] [main/DEBUG] [com.tterrag.registrate.AbstractRegistrate/REGISTRATE.REGISTER]: Registered create:cut_scoria_brick_slab to registry ResourceKey[minecraft:root / minecraft:block]
[27Jul2026 19:37:47.101] [main/DEBUG] [com.tterrag.registrate.AbstractRegistrate/REGISTRATE.REGISTER]: Registered create:cut_scoria_brick_wall to registry ResourceKey[minecraft:root / minecraft:block]
[27Jul2026 19:37:47.101] [main/DEBUG] [com.tterrag.registrate.AbstractRegistrate/REGISTRATE.REGISTER]: Registered create:small_scoria_bricks to registry ResourceKey[minecraft:root / minecraft:block]
[27Jul2026 19:37:47.102] [main/DEBUG] [com.tterrag.registrate.AbstractRegistrate/REGISTRATE.REGISTER]: Registered create:small_scoria_brick_stairs to registry ResourceKey[minecraft:root / minecraft:block]
[27Jul2026 19:37:47.102] [main/DEBUG] [com.tterrag.registrate.AbstractRegistrate/REGISTRATE.REGISTER]: Registered create:small_scoria_brick_slab to registry ResourceKey[minecraft:root / minecraft:block]
[27Jul2026 19:37:47.111] [main/DEBUG] [com.tterrag.registrate.AbstractRegistrate/REGISTRATE.REGISTER]: Registered create:small_scoria_brick_wall to registry ResourceKey[minecraft:root / minecraft:block]
[27Jul2026 19:37:47.112] [main/DEBUG] [com.tterrag.registrate.AbstractRegistrate/REGISTRATE.REGISTER]: Registered create:layered_scoria to registry ResourceKey[minecraft:root / minecraft:block]
[27Jul2026 19:37:47.113] [main/DEBUG] [com.tterrag.registrate.AbstractRegistrate/REGISTRATE.REGISTER]: Registered create:scoria_pillar to registry ResourceKey[minecraft:root / minecraft:block]
[27Jul2026 19:37:47.113] [main/DEBUG] [com.tterrag.registrate.AbstractRegistrate/REGISTRATE.REGISTER]: Registered create:scorchia to registry ResourceKey[minecraft:root / minecraft:block]
[27Jul2026 19:37:47.113] [main/DEBUG] [com.tterrag.registrate.AbstractRegistrate/REGISTRATE.REGISTER]: Registered create:cut_scorchia to registry ResourceKey[minecraft:root / minecraft:block]
[27Jul2026 19:37:47.115] [main/DEBUG] [com.tterrag.registrate.AbstractRegistrate/REGISTRATE.REGISTER]: Registered create:cut_scorchia_stairs to registry ResourceKey[minecraft:root / minecraft:block]
[27Jul2026 19:37:47.115] [main/DEBUG] [com.tterrag.registrate.AbstractRegistrate/REGISTRATE.REGISTER]: Registered create:cut_scorchia_slab to registry ResourceKey[minecraft:root / minecraft:block]
[27Jul2026 19:37:47.124] [main/DEBUG] [com.tterrag.registrate.AbstractRegistrate/REGISTRATE.REGISTER]: Registered create:cut_scorchia_wall to registry ResourceKey[minecraft:root / minecraft:block]
[27Jul2026 19:37:47.125] [main/DEBUG] [com.tterrag.registrate.AbstractRegistrate/REGISTRATE.REGISTER]: Registered create:polished_cut_scorchia to registry ResourceKey[minecraft:root / minecraft:block]
[27Jul2026 19:37:47.126] [main/DEBUG] [com.tterrag.registrate.AbstractRegistrate/REGISTRATE.REGISTER]: Registered create:polished_cut_scorchia_stairs to registry ResourceKey[minecraft:root / minecraft:block]
[27Jul2026 19:37:47.126] [main/DEBUG] [com.tterrag.registrate.AbstractRegistrate/REGISTRATE.REGISTER]: Registered create:polished_cut_scorchia_slab to registry ResourceKey[minecraft:root / minecraft:block]
[27Jul2026 19:37:47.160] [main/DEBUG] [com.tterrag.registrate.AbstractRegistrate/REGISTRATE.REGISTER]: Registered create:polished_cut_scorchia_wall to registry ResourceKey[minecraft:root / minecraft:block]
[27Jul2026 19:37:47.161] [main/DEBUG] [com.tterrag.registrate.AbstractRegistrate/REGISTRATE.REGISTER]: Registered create:cut_scorchia_bricks to registry ResourceKey[minecraft:root / minecraft:block]
[27Jul2026 19:37:47.164] [main/DEBUG] [com.tterrag.registrate.AbstractRegistrate/REGISTRATE.REGISTER]: Registered create:cut_scorchia_brick_stairs to registry ResourceKey[minecraft:root / minecraft:block]
[27Jul2026 19:37:47.165] [main/DEBUG] [com.tterrag.registrate.AbstractRegistrate/REGISTRATE.REGISTER]: Registered create:cut_scorchia_brick_slab to registry ResourceKey[minecraft:root / minecraft:block]
[27Jul2026 19:37:47.175] [main/DEBUG] [com.tterrag.registrate.AbstractRegistrate/REGISTRATE.REGISTER]: Registered create:cut_scorchia_brick_wall to registry ResourceKey[minecraft:root / minecraft:block]
[27Jul2026 19:37:47.175] [main/DEBUG] [com.tterrag.registrate.AbstractRegistrate/REGISTRATE.REGISTER]: Registered create:small_scorchia_bricks to registry ResourceKey[minecraft:root / minecraft:block]
[27Jul2026 19:37:47.177] [main/DEBUG] [com.tterrag.registrate.AbstractRegistrate/REGISTRATE.REGISTER]: Registered create:small_scorchia_brick_stairs to registry ResourceKey[minecraft:root / minecraft:block]
[27Jul2026 19:37:47.177] [main/DEBUG] [com.tterrag.registrate.AbstractRegistrate/REGISTRATE.REGISTER]: Registered create:small_scorchia_brick_slab to registry ResourceKey[minecraft:root / minecraft:block]
[27Jul2026 19:37:47.186] [main/DEBUG] [com.tterrag.registrate.AbstractRegistrate/REGISTRATE.REGISTER]: Registered create:small_scorchia_brick_wall to registry ResourceKey[minecraft:root / minecraft:block]
[27Jul2026 19:37:47.186] [main/DEBUG] [com.tterrag.registrate.AbstractRegistrate/REGISTRATE.REGISTER]: Registered create:layered_scorchia to registry ResourceKey[minecraft:root / minecraft:block]
[27Jul2026 19:37:47.187] [main/DEBUG] [com.tterrag.registrate.AbstractRegistrate/REGISTRATE.REGISTER]: Registered create:scorchia_pillar to registry ResourceKey[minecraft:root / minecraft:block]
[27Jul2026 19:37:47.187] [main/DEBUG] [com.tterrag.registrate.AbstractRegistrate/REGISTRATE.REGISTER]: Registered create:veridium to registry ResourceKey[minecraft:root / minecraft:block]
[27Jul2026 19:37:47.187] [main/DEBUG] [com.tterrag.registrate.AbstractRegistrate/REGISTRATE.REGISTER]: Registered create:cut_veridium to registry ResourceKey[minecraft:root / minecraft:block]
[27Jul2026 19:37:47.189] [main/DEBUG] [com.tterrag.registrate.AbstractRegistrate/REGISTRATE.REGISTER]: Registered create:cut_veridium_stairs to registry ResourceKey[minecraft:root / minecraft:block]
[27Jul2026 19:37:47.189] [main/DEBUG] [com.tterrag.registrate.AbstractRegistrate/REGISTRATE.REGISTER]: Registered create:cut_veridium_slab to registry ResourceKey[minecraft:root / minecraft:block]
[27Jul2026 19:37:47.199] [main/DEBUG] [com.tterrag.registrate.AbstractRegistrate/REGISTRATE.REGISTER]: Registered create:cut_veridium_wall to registry ResourceKey[minecraft:root / minecraft:block]
[27Jul2026 19:37:47.199] [main/DEBUG] [com.tterrag.registrate.AbstractRegistrate/REGISTRATE.REGISTER]: Registered create:polished_cut_veridium to registry ResourceKey[minecraft:root / minecraft:block]
[27Jul2026 19:37:47.201] [main/DEBUG] [com.tterrag.registrate.AbstractRegistrate/REGISTRATE.REGISTER]: Registered create:polished_cut_veridium_stairs to registry ResourceKey[minecraft:root / minecraft:block]
[27Jul2026 19:37:47.201] [main/DEBUG] [com.tterrag.registrate.AbstractRegistrate/REGISTRATE.REGISTER]: Registered create:polished_cut_veridium_slab to registry ResourceKey[minecraft:root / minecraft:block]
[27Jul2026 19:37:47.210] [main/DEBUG] [com.tterrag.registrate.AbstractRegistrate/REGISTRATE.REGISTER]: Registered create:polished_cut_veridium_wall to registry ResourceKey[minecraft:root / minecraft:block]
[27Jul2026 19:37:47.210] [main/DEBUG] [com.tterrag.registrate.AbstractRegistrate/REGISTRATE.REGISTER]: Registered create:cut_veridium_bricks to registry ResourceKey[minecraft:root / minecraft:block]
[27Jul2026 19:37:47.211] [main/DEBUG] [com.tterrag.registrate.AbstractRegistrate/REGISTRATE.REGISTER]: Registered create:cut_veridium_brick_stairs to registry ResourceKey[minecraft:root / minecraft:block]
[27Jul2026 19:37:47.211] [main/DEBUG] [com.tterrag.registrate.AbstractRegistrate/REGISTRATE.REGISTER]: Registered create:cut_veridium_brick_slab to registry ResourceKey[minecraft:root / minecraft:block]
[27Jul2026 19:37:47.220] [main/DEBUG] [com.tterrag.registrate.AbstractRegistrate/REGISTRATE.REGISTER]: Registered create:cut_veridium_brick_wall to registry ResourceKey[minecraft:root / minecraft:block]
[27Jul2026 19:37:47.220] [main/DEBUG] [com.tterrag.registrate.AbstractRegistrate/REGISTRATE.REGISTER]: Registered create:small_veridium_bricks to registry ResourceKey[minecraft:root / minecraft:block]
[27Jul2026 19:37:47.221] [main/DEBUG] [com.tterrag.registrate.AbstractRegistrate/REGISTRATE.REGISTER]: Registered create:small_veridium_brick_stairs to registry ResourceKey[minecraft:root / minecraft:block]
[27Jul2026 19:37:47.221] [main/DEBUG] [com.tterrag.registrate.AbstractRegistrate/REGISTRATE.REGISTER]: Registered create:small_veridium_brick_slab to registry ResourceKey[minecraft:root / minecraft:block]
[27Jul2026 19:37:47.230] [main/DEBUG] [com.tterrag.registrate.AbstractRegistrate/REGISTRATE.REGISTER]: Registered create:small_veridium_brick_wall to registry ResourceKey[minecraft:root / minecraft:block]
[27Jul2026 19:37:47.230] [main/DEBUG] [com.tterrag.registrate.AbstractRegistrate/REGISTRATE.REGISTER]: Registered create:layered_veridium to registry ResourceKey[minecraft:root / minecraft:block]
[27Jul2026 19:37:47.231] [main/DEBUG] [com.tterrag.registrate.AbstractRegistrate/REGISTRATE.REGISTER]: Registered create:veridium_pillar to registry ResourceKey[minecraft:root / minecraft:block]
[27Jul2026 19:37:47.232] [main/DEBUG] [net.minecraftforge.registries.GameData/REGISTRIES]: Applying holder lookups: minecraft:block
[27Jul2026 19:37:47.234] [main/DEBUG] [net.minecraftforge.registries.GameData/REGISTRIES]: Holder lookups applied: minecraft:block
[27Jul2026 19:37:47.235] [main/DEBUG] [net.minecraftforge.registries.GameData/REGISTRIES]: Applying holder lookups: minecraft:attribute
[27Jul2026 19:37:47.235] [main/DEBUG] [net.minecraftforge.registries.GameData/REGISTRIES]: Holder lookups applied: minecraft:attribute
[27Jul2026 19:37:47.236] [main/DEBUG] [net.minecraftforge.registries.GameData/REGISTRIES]: Applying holder lookups: minecraft:mob_effect
[27Jul2026 19:37:47.236] [main/DEBUG] [net.minecraftforge.registries.GameData/REGISTRIES]: Holder lookups applied: minecraft:mob_effect
[27Jul2026 19:37:47.248] [main/DEBUG] [net.minecraftforge.registries.GameData/REGISTRIES]: Applying holder lookups: minecraft:particle_type
[27Jul2026 19:37:47.249] [main/DEBUG] [net.minecraftforge.registries.GameData/REGISTRIES]: Holder lookups applied: minecraft:particle_type
[27Jul2026 19:37:47.257] [main/DEBUG] [com.tterrag.registrate.AbstractRegistrate/REGISTRATE.REGISTER]: Registering 699 known objects of type minecraft:item
[27Jul2026 19:37:47.261] [main/DEBUG] [com.tterrag.registrate.AbstractRegistrate/REGISTRATE.REGISTER]: Registered create:schematicannon to registry ResourceKey[minecraft:root / minecraft:item]
[27Jul2026 19:37:47.261] [main/DEBUG] [com.tterrag.registrate.AbstractRegistrate/REGISTRATE.REGISTER]: Registered create:schematic_table to registry ResourceKey[minecraft:root / minecraft:item]
[27Jul2026 19:37:47.262] [main/DEBUG] [com.tterrag.registrate.AbstractRegistrate/REGISTRATE.REGISTER]: Registered create:shaft to registry ResourceKey[minecraft:root / minecraft:item]
[27Jul2026 19:37:47.264] [main/DEBUG] [com.tterrag.registrate.AbstractRegistrate/REGISTRATE.REGISTER]: Registered create:cogwheel to registry ResourceKey[minecraft:root / minecraft:item]
[27Jul2026 19:37:47.265] [main/DEBUG] [com.tterrag.registrate.AbstractRegistrate/REGISTRATE.REGISTER]: Registered create:large_cogwheel to registry ResourceKey[minecraft:root / minecraft:item]
[27Jul2026 19:37:47.265] [main/DEBUG] [com.tterrag.registrate.AbstractRegistrate/REGISTRATE.REGISTER]: Registered create:andesite_encased_shaft to registry ResourceKey[minecraft:root / minecraft:item]
[27Jul2026 19:37:47.265] [main/DEBUG] [com.tterrag.registrate.AbstractRegistrate/REGISTRATE.REGISTER]: Registered create:brass_encased_shaft to registry ResourceKey[minecraft:root / minecraft:item]
[27Jul2026 19:37:47.265] [main/DEBUG] [com.tterrag.registrate.AbstractRegistrate/REGISTRATE.REGISTER]: Registered create:andesite_encased_cogwheel to registry ResourceKey[minecraft:root / minecraft:item]
[27Jul2026 19:37:47.265] [main/DEBUG] [com.tterrag.registrate.AbstractRegistrate/REGISTRATE.REGISTER]: Registered create:brass_encased_cogwheel to registry ResourceKey[minecraft:root / minecraft:item]
[27Jul2026 19:37:47.266] [main/DEBUG] [com.tterrag.registrate.AbstractRegistrate/REGISTRATE.REGISTER]: Registered create:andesite_encased_large_cogwheel to registry ResourceKey[minecraft:root / minecraft:item]
[27Jul2026 19:37:47.266] [main/DEBUG] [com.tterrag.registrate.AbstractRegistrate/REGISTRATE.REGISTER]: Registered create:brass_encased_large_cogwheel to registry ResourceKey[minecraft:root / minecraft:item]
[27Jul2026 19:37:47.266] [main/DEBUG] [com.tterrag.registrate.AbstractRegistrate/REGISTRATE.REGISTER]: Registered create:gearbox to registry ResourceKey[minecraft:root / minecraft:item]
[27Jul2026 19:37:47.266] [main/DEBUG] [com.tterrag.registrate.AbstractRegistrate/REGISTRATE.REGISTER]: Registered create:clutch to registry ResourceKey[minecraft:root / minecraft:item]
[27Jul2026 19:37:47.266] [main/DEBUG] [com.tterrag.registrate.AbstractRegistrate/REGISTRATE.REGISTER]: Registered create:gearshift to registry ResourceKey[minecraft:root / minecraft:item]
[27Jul2026 19:37:47.266] [main/DEBUG] [com.tterrag.registrate.AbstractRegistrate/REGISTRATE.REGISTER]: Registered create:encased_chain_drive to registry ResourceKey[minecraft:root / minecraft:item]
[27Jul2026 19:37:47.266] [main/DEBUG] [com.tterrag.registrate.AbstractRegistrate/REGISTRATE.REGISTER]: Registered create:adjustable_chain_gearshift to registry ResourceKey[minecraft:root / minecraft:item]
[27Jul2026 19:37:47.266] [main/DEBUG] [com.tterrag.registrate.AbstractRegistrate/REGISTRATE.REGISTER]: Registered create:chain_conveyor to registry ResourceKey[minecraft:root / minecraft:item]
[27Jul2026 19:37:47.266] [main/DEBUG] [com.tterrag.registrate.AbstractRegistrate/REGISTRATE.REGISTER]: Registered create:creative_motor to registry ResourceKey[minecraft:root / minecraft:item]
[27Jul2026 19:37:47.266] [main/DEBUG] [com.tterrag.registrate.AbstractRegistrate/REGISTRATE.REGISTER]: Registered create:water_wheel to registry ResourceKey[minecraft:root / minecraft:item]
[27Jul2026 19:37:47.266] [main/DEBUG] [com.tterrag.registrate.AbstractRegistrate/REGISTRATE.REGISTER]: Registered create:large_water_wheel to registry ResourceKey[minecraft:root / minecraft:item]
[27Jul2026 19:37:47.267] [main/DEBUG] [com.tterrag.registrate.AbstractRegistrate/REGISTRATE.REGISTER]: Registered create:encased_fan to registry ResourceKey[minecraft:root / minecraft:item]
[27Jul2026 19:37:47.267] [main/DEBUG] [com.tterrag.registrate.AbstractRegistrate/REGISTRATE.REGISTER]: Registered create:nozzle to registry ResourceKey[minecraft:root / minecraft:item]
[27Jul2026 19:37:47.267] [main/DEBUG] [com.tterrag.registrate.AbstractRegistrate/REGISTRATE.REGISTER]: Registered create:turntable to registry ResourceKey[minecraft:root / minecraft:item]
[27Jul2026 19:37:47.267] [main/DEBUG] [com.tterrag.registrate.AbstractRegistrate/REGISTRATE.REGISTER]: Registered create:hand_crank to registry ResourceKey[minecraft:root / minecraft:item]
[27Jul2026 19:37:47.267] [main/DEBUG] [com.tterrag.registrate.AbstractRegistrate/REGISTRATE.REGISTER]: Registered create:cuckoo_clock to registry ResourceKey[minecraft:root / minecraft:item]
[27Jul2026 19:37:47.267] [main/DEBUG] [com.tterrag.registrate.AbstractRegistrate/REGISTRATE.REGISTER]: Registered create:mysterious_cuckoo_clock to registry ResourceKey[minecraft:root / minecraft:item]
[27Jul2026 19:37:47.267] [main/DEBUG] [com.tterrag.registrate.AbstractRegistrate/REGISTRATE.REGISTER]: Registered create:millstone to registry ResourceKey[minecraft:root / minecraft:item]
[27Jul2026 19:37:47.267] [main/DEBUG] [com.tterrag.registrate.AbstractRegistrate/REGISTRATE.REGISTER]: Registered create:crushing_wheel to registry ResourceKey[minecraft:root / minecraft:item]
[27Jul2026 19:37:47.267] [main/DEBUG] [com.tterrag.registrate.AbstractRegistrate/REGISTRATE.REGISTER]: Registered create:mechanical_press to registry ResourceKey[minecraft:root / minecraft:item]
[27Jul2026 19:37:47.267] [main/DEBUG] [com.tterrag.registrate.AbstractRegistrate/REGISTRATE.REGISTER]: Registered create:mechanical_mixer to registry ResourceKey[minecraft:root / minecraft:item]
[27Jul2026 19:37:47.267] [main/DEBUG] [com.tterrag.registrate.AbstractRegistrate/REGISTRATE.REGISTER]: Registered create:basin to registry ResourceKey[minecraft:root / minecraft:item]
[27Jul2026 19:37:47.267] [main/DEBUG] [com.tterrag.registrate.AbstractRegistrate/REGISTRATE.REGISTER]: Registered create:blaze_burner to registry ResourceKey[minecraft:root / minecraft:item]
[27Jul2026 19:37:47.268] [main/DEBUG] [com.tterrag.registrate.AbstractRegistrate/REGISTRATE.REGISTER]: Registered create:depot to registry ResourceKey[minecraft:root / minecraft:item]
[27Jul2026 19:37:47.268] [main/DEBUG] [com.tterrag.registrate.AbstractRegistrate/REGISTRATE.REGISTER]: Registered create:weighted_ejector to registry ResourceKey[minecraft:root / minecraft:item]
[27Jul2026 19:37:47.268] [main/DEBUG] [com.tterrag.registrate.AbstractRegistrate/REGISTRATE.REGISTER]: Registered create:chute to registry ResourceKey[minecraft:root / minecraft:item]
[27Jul2026 19:37:47.268] [main/DEBUG] [com.tterrag.registrate.AbstractRegistrate/REGISTRATE.REGISTER]: Registered create:smart_chute to registry ResourceKey[minecraft:root / minecraft:item]
[27Jul2026 19:37:47.268] [main/DEBUG] [com.tterrag.registrate.AbstractRegistrate/REGISTRATE.REGISTER]: Registered create:speedometer to registry ResourceKey[minecraft:root / minecraft:item]
[27Jul2026 19:37:47.268] [main/DEBUG] [com.tterrag.registrate.AbstractRegistrate/REGISTRATE.REGISTER]: Registered create:stressometer to registry ResourceKey[minecraft:root / minecraft:item]
[27Jul2026 19:37:47.268] [main/DEBUG] [com.tterrag.registrate.AbstractRegistrate/REGISTRATE.REGISTER]: Registered create:wooden_bracket to registry ResourceKey[minecraft:root / minecraft:item]
[27Jul2026 19:37:47.269] [main/DEBUG] [com.tterrag.registrate.AbstractRegistrate/REGISTRATE.REGISTER]: Registered create:metal_bracket to registry ResourceKey[minecraft:root / minecraft:item]
[27Jul2026 19:37:47.269] [main/DEBUG] [com.tterrag.registrate.AbstractRegistrate/REGISTRATE.REGISTER]: Registered create:fluid_pipe to registry ResourceKey[minecraft:root / minecraft:item]
[27Jul2026 19:37:47.269] [main/DEBUG] [com.tterrag.registrate.AbstractRegistrate/REGISTRATE.REGISTER]: Registered create:mechanical_pump to registry ResourceKey[minecraft:root / minecraft:item]
[27Jul2026 19:37:47.269] [main/DEBUG] [com.tterrag.registrate.AbstractRegistrate/REGISTRATE.REGISTER]: Registered create:smart_fluid_pipe to registry ResourceKey[minecraft:root / minecraft:item]
[27Jul2026 19:37:47.269] [main/DEBUG] [com.tterrag.registrate.AbstractRegistrate/REGISTRATE.REGISTER]: Registered create:fluid_valve to registry ResourceKey[minecraft:root / minecraft:item]
[27Jul2026 19:37:47.269] [main/DEBUG] [com.tterrag.registrate.AbstractRegistrate/REGISTRATE.REGISTER]: Registered create:copper_valve_handle to registry ResourceKey[minecraft:root / minecraft:item]
[27Jul2026 19:37:47.269] [main/DEBUG] [com.tterrag.registrate.AbstractRegistrate/REGISTRATE.REGISTER]: Registered create:white_valve_handle to registry ResourceKey[minecraft:root / minecraft:item]
[27Jul2026 19:37:47.269] [main/DEBUG] [com.tterrag.registrate.AbstractRegistrate/REGISTRATE.REGISTER]: Registered create:orange_valve_handle to registry ResourceKey[minecraft:root / minecraft:item]
[27Jul2026 19:37:47.269] [main/DEBUG] [com.tterrag.registrate.AbstractRegistrate/REGISTRATE.REGISTER]: Registered create:magenta_valve_handle to registry ResourceKey[minecraft:root / minecraft:item]
[27Jul2026 19:37:47.269] [main/DEBUG] [com.tterrag.registrate.AbstractRegistrate/REGISTRATE.REGISTER]: Registered create:light_blue_valve_handle to registry ResourceKey[minecraft:root / minecraft:item]
[27Jul2026 19:37:47.270] [main/DEBUG] [com.tterrag.registrate.AbstractRegistrate/REGISTRATE.REGISTER]: Registered create:yellow_valve_handle to registry ResourceKey[minecraft:root / minecraft:item]
[27Jul2026 19:37:47.270] [main/DEBUG] [com.tterrag.registrate.AbstractRegistrate/REGISTRATE.REGISTER]: Registered create:lime_valve_handle to registry ResourceKey[minecraft:root / minecraft:item]
[27Jul2026 19:37:47.270] [main/DEBUG] [com.tterrag.registrate.AbstractRegistrate/REGISTRATE.REGISTER]: Registered create:pink_valve_handle to registry ResourceKey[minecraft:root / minecraft:item]
[27Jul2026 19:37:47.270] [main/DEBUG] [com.tterrag.registrate.AbstractRegistrate/REGISTRATE.REGISTER]: Registered create:gray_valve_handle to registry ResourceKey[minecraft:root / minecraft:item]
[27Jul2026 19:37:47.270] [main/DEBUG] [com.tterrag.registrate.AbstractRegistrate/REGISTRATE.REGISTER]: Registered create:light_gray_valve_handle to registry ResourceKey[minecraft:root / minecraft:item]
[27Jul2026 19:37:47.270] [main/DEBUG] [com.tterrag.registrate.AbstractRegistrate/REGISTRATE.REGISTER]: Registered create:cyan_valve_handle to registry ResourceKey[minecraft:root / minecraft:item]
[27Jul2026 19:37:47.270] [main/DEBUG] [com.tterrag.registrate.AbstractRegistrate/REGISTRATE.REGISTER]: Registered create:purple_valve_handle to registry ResourceKey[minecraft:root / minecraft:item]
[27Jul2026 19:37:47.271] [main/DEBUG] [com.tterrag.registrate.AbstractRegistrate/REGISTRATE.REGISTER]: Registered create:blue_valve_handle to registry ResourceKey[minecraft:root / minecraft:item]
[27Jul2026 19:37:47.271] [main/DEBUG] [com.tterrag.registrate.AbstractRegistrate/REGISTRATE.REGISTER]: Registered create:brown_valve_handle to registry ResourceKey[minecraft:root / minecraft:item]
[27Jul2026 19:37:47.271] [main/DEBUG] [com.tterrag.registrate.AbstractRegistrate/REGISTRATE.REGISTER]: Registered create:green_valve_handle to registry ResourceKey[minecraft:root / minecraft:item]
[27Jul2026 19:37:47.271] [main/DEBUG] [com.tterrag.registrate.AbstractRegistrate/REGISTRATE.REGISTER]: Registered create:red_valve_handle to registry ResourceKey[minecraft:root / minecraft:item]
[27Jul2026 19:37:47.271] [main/DEBUG] [com.tterrag.registrate.AbstractRegistrate/REGISTRATE.REGISTER]: Registered create:black_valve_handle to registry ResourceKey[minecraft:root / minecraft:item]
[27Jul2026 19:37:47.271] [main/DEBUG] [com.tterrag.registrate.AbstractRegistrate/REGISTRATE.REGISTER]: Registered create:fluid_tank to registry ResourceKey[minecraft:root / minecraft:item]
[27Jul2026 19:37:47.271] [main/DEBUG] [com.tterrag.registrate.AbstractRegistrate/REGISTRATE.REGISTER]: Registered create:creative_fluid_tank to registry ResourceKey[minecraft:root / minecraft:item]
[27Jul2026 19:37:47.271] [main/DEBUG] [com.tterrag.registrate.AbstractRegistrate/REGISTRATE.REGISTER]: Registered create:hose_pulley to registry ResourceKey[minecraft:root / minecraft:item]
[27Jul2026 19:37:47.271] [main/DEBUG] [com.tterrag.registrate.AbstractRegistrate/REGISTRATE.REGISTER]: Registered create:item_drain to registry ResourceKey[minecraft:root / minecraft:item]
[27Jul2026 19:37:47.272] [main/DEBUG] [com.tterrag.registrate.AbstractRegistrate/REGISTRATE.REGISTER]: Registered create:spout to registry ResourceKey[minecraft:root / minecraft:item]
[27Jul2026 19:37:47.272] [main/DEBUG] [com.tterrag.registrate.AbstractRegistrate/REGISTRATE.REGISTER]: Registered create:portable_fluid_interface to registry ResourceKey[minecraft:root / minecraft:item]
[27Jul2026 19:37:47.272] [main/DEBUG] [com.tterrag.registrate.AbstractRegistrate/REGISTRATE.REGISTER]: Registered create:steam_engine to registry ResourceKey[minecraft:root / minecraft:item]
[27Jul2026 19:37:47.272] [main/DEBUG] [com.tterrag.registrate.AbstractRegistrate/REGISTRATE.REGISTER]: Registered create:steam_whistle to registry ResourceKey[minecraft:root / minecraft:item]
[27Jul2026 19:37:47.272] [main/DEBUG] [com.tterrag.registrate.AbstractRegistrate/REGISTRATE.REGISTER]: Registered create:mechanical_piston to registry ResourceKey[minecraft:root / minecraft:item]
[27Jul2026 19:37:47.272] [main/DEBUG] [com.tterrag.registrate.AbstractRegistrate/REGISTRATE.REGISTER]: Registered create:sticky_mechanical_piston to registry ResourceKey[minecraft:root / minecraft:item]
[27Jul2026 19:37:47.272] [main/DEBUG] [com.tterrag.registrate.AbstractRegistrate/REGISTRATE.REGISTER]: Registered create:piston_extension_pole to registry ResourceKey[minecraft:root / minecraft:item]
[27Jul2026 19:37:47.272] [main/DEBUG] [com.tterrag.registrate.AbstractRegistrate/REGISTRATE.REGISTER]: Registered create:gantry_carriage to registry ResourceKey[minecraft:root / minecraft:item]
[27Jul2026 19:37:47.272] [main/DEBUG] [com.tterrag.registrate.AbstractRegistrate/REGISTRATE.REGISTER]: Registered create:gantry_shaft to registry ResourceKey[minecraft:root / minecraft:item]
[27Jul2026 19:37:47.272] [main/DEBUG] [com.tterrag.registrate.AbstractRegistrate/REGISTRATE.REGISTER]: Registered create:windmill_bearing to registry ResourceKey[minecraft:root / minecraft:item]
[27Jul2026 19:37:47.272] [main/DEBUG] [com.tterrag.registrate.AbstractRegistrate/REGISTRATE.REGISTER]: Registered create:mechanical_bearing to registry ResourceKey[minecraft:root / minecraft:item]
[27Jul2026 19:37:47.272] [main/DEBUG] [com.tterrag.registrate.AbstractRegistrate/REGISTRATE.REGISTER]: Registered create:clockwork_bearing to registry ResourceKey[minecraft:root / minecraft:item]
[27Jul2026 19:37:47.272] [main/DEBUG] [com.tterrag.registrate.AbstractRegistrate/REGISTRATE.REGISTER]: Registered create:rope_pulley to registry ResourceKey[minecraft:root / minecraft:item]
[27Jul2026 19:37:47.273] [main/DEBUG] [com.tterrag.registrate.AbstractRegistrate/REGISTRATE.REGISTER]: Registered create:elevator_pulley to registry ResourceKey[minecraft:root / minecraft:item]
[27Jul2026 19:37:47.273] [main/DEBUG] [com.tterrag.registrate.AbstractRegistrate/REGISTRATE.REGISTER]: Registered create:cart_assembler to registry ResourceKey[minecraft:root / minecraft:item]
[27Jul2026 19:37:47.273] [main/DEBUG] [com.tterrag.registrate.AbstractRegistrate/REGISTRATE.REGISTER]: Registered create:controller_rail to registry ResourceKey[minecraft:root / minecraft:item]
[27Jul2026 19:37:47.273] [main/DEBUG] [com.tterrag.registrate.AbstractRegistrate/REGISTRATE.REGISTER]: Registered create:linear_chassis to registry ResourceKey[minecraft:root / minecraft:item]
[27Jul2026 19:37:47.273] [main/DEBUG] [com.tterrag.registrate.AbstractRegistrate/REGISTRATE.REGISTER]: Registered create:secondary_linear_chassis to registry ResourceKey[minecraft:root / minecraft:item]
[27Jul2026 19:37:47.273] [main/DEBUG] [com.tterrag.registrate.AbstractRegistrate/REGISTRATE.REGISTER]: Registered create:radial_chassis to registry ResourceKey[minecraft:root / minecraft:item]
[27Jul2026 19:37:47.273] [main/DEBUG] [com.tterrag.registrate.AbstractRegistrate/REGISTRATE.REGISTER]: Registered create:sticker to registry ResourceKey[minecraft:root / minecraft:item]
[27Jul2026 19:37:47.273] [main/DEBUG] [com.tterrag.registrate.AbstractRegistrate/REGISTRATE.REGISTER]: Registered create:contraption_controls to registry ResourceKey[minecraft:root / minecraft:item]
[27Jul2026 19:37:47.273] [main/DEBUG] [com.tterrag.registrate.AbstractRegistrate/REGISTRATE.REGISTER]: Registered create:mechanical_drill to registry ResourceKey[minecraft:root / minecraft:item]
[27Jul2026 19:37:47.273] [main/DEBUG] [com.tterrag.registrate.AbstractRegistrate/REGISTRATE.REGISTER]: Registered create:mechanical_saw to registry ResourceKey[minecraft:root / minecraft:item]
[27Jul2026 19:37:47.273] [main/DEBUG] [com.tterrag.registrate.AbstractRegistrate/REGISTRATE.REGISTER]: Registered create:deployer to registry ResourceKey[minecraft:root / minecraft:item]
[27Jul2026 19:37:47.273] [main/DEBUG] [com.tterrag.registrate.AbstractRegistrate/REGISTRATE.REGISTER]: Registered create:portable_storage_interface to registry ResourceKey[minecraft:root / minecraft:item]
[27Jul2026 19:37:47.274] [main/DEBUG] [com.tterrag.registrate.AbstractRegistrate/REGISTRATE.REGISTER]: Registered create:redstone_contact to registry ResourceKey[minecraft:root / minecraft:item]
[27Jul2026 19:37:47.274] [main/DEBUG] [com.tterrag.registrate.AbstractRegistrate/REGISTRATE.REGISTER]: Registered create:elevator_contact to registry ResourceKey[minecraft:root / minecraft:item]
[27Jul2026 19:37:47.274] [main/DEBUG] [com.tterrag.registrate.AbstractRegistrate/REGISTRATE.REGISTER]: Registered create:mechanical_harvester to registry ResourceKey[minecraft:root / minecraft:item]
[27Jul2026 19:37:47.274] [main/DEBUG] [com.tterrag.registrate.AbstractRegistrate/REGISTRATE.REGISTER]: Registered create:mechanical_plough to registry ResourceKey[minecraft:root / minecraft:item]
[27Jul2026 19:37:47.274] [main/DEBUG] [com.tterrag.registrate.AbstractRegistrate/REGISTRATE.REGISTER]: Registered create:mechanical_roller to registry ResourceKey[minecraft:root / minecraft:item]
[27Jul2026 19:37:47.274] [main/DEBUG] [com.tterrag.registrate.AbstractRegistrate/REGISTRATE.REGISTER]: Registered create:sail_frame to registry ResourceKey[minecraft:root / minecraft:item]
[27Jul2026 19:37:47.275] [main/DEBUG] [com.tterrag.registrate.AbstractRegistrate/REGISTRATE.REGISTER]: Registered create:white_sail to registry ResourceKey[minecraft:root / minecraft:item]
[27Jul2026 19:37:47.275] [main/DEBUG] [com.tterrag.registrate.AbstractRegistrate/REGISTRATE.REGISTER]: Registered create:andesite_casing to registry ResourceKey[minecraft:root / minecraft:item]
[27Jul2026 19:37:47.275] [main/DEBUG] [com.tterrag.registrate.AbstractRegistrate/REGISTRATE.REGISTER]: Registered create:brass_casing to registry ResourceKey[minecraft:root / minecraft:item]
[27Jul2026 19:37:47.275] [main/DEBUG] [com.tterrag.registrate.AbstractRegistrate/REGISTRATE.REGISTER]: Registered create:copper_casing to registry ResourceKey[minecraft:root / minecraft:item]
[27Jul2026 19:37:47.275] [main/DEBUG] [com.tterrag.registrate.AbstractRegistrate/REGISTRATE.REGISTER]: Registered create:shadow_steel_casing to registry ResourceKey[minecraft:root / minecraft:item]
[27Jul2026 19:37:47.276] [main/DEBUG] [com.tterrag.registrate.AbstractRegistrate/REGISTRATE.REGISTER]: Registered create:refined_radiance_casing to registry ResourceKey[minecraft:root / minecraft:item]
[27Jul2026 19:37:47.276] [main/DEBUG] [com.tterrag.registrate.AbstractRegistrate/REGISTRATE.REGISTER]: Registered create:mechanical_crafter to registry ResourceKey[minecraft:root / minecraft:item]
[27Jul2026 19:37:47.276] [main/DEBUG] [com.tterrag.registrate.AbstractRegistrate/REGISTRATE.REGISTER]: Registered create:sequenced_gearshift to registry ResourceKey[minecraft:root / minecraft:item]
[27Jul2026 19:37:47.276] [main/DEBUG] [com.tterrag.registrate.AbstractRegistrate/REGISTRATE.REGISTER]: Registered create:flywheel to registry ResourceKey[minecraft:root / minecraft:item]
[27Jul2026 19:37:47.276] [main/DEBUG] [com.tterrag.registrate.AbstractRegistrate/REGISTRATE.REGISTER]: Registered create:rotation_speed_controller to registry ResourceKey[minecraft:root / minecraft:item]
[27Jul2026 19:37:47.276] [main/DEBUG] [com.tterrag.registrate.AbstractRegistrate/REGISTRATE.REGISTER]: Registered create:mechanical_arm to registry ResourceKey[minecraft:root / minecraft:item]
[27Jul2026 19:37:47.276] [main/DEBUG] [com.tterrag.registrate.AbstractRegistrate/REGISTRATE.REGISTER]: Registered create:track to registry ResourceKey[minecraft:root / minecraft:item]
[27Jul2026 19:37:47.276] [main/DEBUG] [com.tterrag.registrate.AbstractRegistrate/REGISTRATE.REGISTER]: Registered create:railway_casing to registry ResourceKey[minecraft:root / minecraft:item]
[27Jul2026 19:37:47.276] [main/DEBUG] [com.tterrag.registrate.AbstractRegistrate/REGISTRATE.REGISTER]: Registered create:track_station to registry ResourceKey[minecraft:root / minecraft:item]
[27Jul2026 19:37:47.276] [main/DEBUG] [com.tterrag.registrate.AbstractRegistrate/REGISTRATE.REGISTER]: Registered create:track_signal to registry ResourceKey[minecraft:root / minecraft:item]
[27Jul2026 19:37:47.276] [main/DEBUG] [com.tterrag.registrate.AbstractRegistrate/REGISTRATE.REGISTER]: Registered create:track_observer to registry ResourceKey[minecraft:root / minecraft:item]
[27Jul2026 19:37:47.276] [main/DEBUG] [com.tterrag.registrate.AbstractRegistrate/REGISTRATE.REGISTER]: Registered create:controls to registry ResourceKey[minecraft:root / minecraft:item]
[27Jul2026 19:37:47.277] [main/DEBUG] [com.tterrag.registrate.AbstractRegistrate/REGISTRATE.REGISTER]: Registered create:andesite_funnel to registry ResourceKey[minecraft:root / minecraft:item]
[27Jul2026 19:37:47.277] [main/DEBUG] [com.tterrag.registrate.AbstractRegistrate/REGISTRATE.REGISTER]: Registered create:brass_funnel to registry ResourceKey[minecraft:root / minecraft:item]
[27Jul2026 19:37:47.277] [main/DEBUG] [com.tterrag.registrate.AbstractRegistrate/REGISTRATE.REGISTER]: Registered create:andesite_tunnel to registry ResourceKey[minecraft:root / minecraft:item]
[27Jul2026 19:37:47.277] [main/DEBUG] [com.tterrag.registrate.AbstractRegistrate/REGISTRATE.REGISTER]: Registered create:brass_tunnel to registry ResourceKey[minecraft:root / minecraft:item]
[27Jul2026 19:37:47.277] [main/DEBUG] [com.tterrag.registrate.AbstractRegistrate/REGISTRATE.REGISTER]: Registered create:content_observer to registry ResourceKey[minecraft:root / minecraft:item]
[27Jul2026 19:37:47.277] [main/DEBUG] [com.tterrag.registrate.AbstractRegistrate/REGISTRATE.REGISTER]: Registered create:stockpile_switch to registry ResourceKey[minecraft:root / minecraft:item]
[27Jul2026 19:37:47.277] [main/DEBUG] [com.tterrag.registrate.AbstractRegistrate/REGISTRATE.REGISTER]: Registered create:creative_crate to registry ResourceKey[minecraft:root / minecraft:item]
[27Jul2026 19:37:47.277] [main/DEBUG] [com.tterrag.registrate.AbstractRegistrate/REGISTRATE.REGISTER]: Registered create:item_vault to registry ResourceKey[minecraft:root / minecraft:item]
[27Jul2026 19:37:47.277] [main/DEBUG] [com.tterrag.registrate.AbstractRegistrate/REGISTRATE.REGISTER]: Registered create:item_hatch to registry ResourceKey[minecraft:root / minecraft:item]
[27Jul2026 19:37:47.277] [main/DEBUG] [com.tterrag.registrate.AbstractRegistrate/REGISTRATE.REGISTER]: Registered create:packager to registry ResourceKey[minecraft:root / minecraft:item]
[27Jul2026 19:37:47.277] [main/DEBUG] [com.tterrag.registrate.AbstractRegistrate/REGISTRATE.REGISTER]: Registered create:repackager to registry ResourceKey[minecraft:root / minecraft:item]
[27Jul2026 19:37:47.277] [main/DEBUG] [com.tterrag.registrate.AbstractRegistrate/REGISTRATE.REGISTER]: Registered create:package_frogport to registry ResourceKey[minecraft:root / minecraft:item]
[27Jul2026 19:37:47.278] [main/DEBUG] [com.tterrag.registrate.AbstractRegistrate/REGISTRATE.REGISTER]: Registered create:white_postbox to registry ResourceKey[minecraft:root / minecraft:item]
[27Jul2026 19:37:47.278] [main/DEBUG] [com.tterrag.registrate.AbstractRegistrate/REGISTRATE.REGISTER]: Registered create:orange_postbox to registry ResourceKey[minecraft:root / minecraft:item]
[27Jul2026 19:37:47.278] [main/DEBUG] [com.tterrag.registrate.AbstractRegistrate/REGISTRATE.REGISTER]: Registered create:magenta_postbox to registry ResourceKey[minecraft:root / minecraft:item]
[27Jul2026 19:37:47.278] [main/DEBUG] [com.tterrag.registrate.AbstractRegistrate/REGISTRATE.REGISTER]: Registered create:light_blue_postbox to registry ResourceKey[minecraft:root / minecraft:item]
[27Jul2026 19:37:47.278] [main/DEBUG] [com.tterrag.registrate.AbstractRegistrate/REGISTRATE.REGISTER]: Registered create:yellow_postbox to registry ResourceKey[minecraft:root / minecraft:item]
[27Jul2026 19:37:47.278] [main/DEBUG] [com.tterrag.registrate.AbstractRegistrate/REGISTRATE.REGISTER]: Registered create:lime_postbox to registry ResourceKey[minecraft:root / minecraft:item]
[27Jul2026 19:37:47.278] [main/DEBUG] [com.tterrag.registrate.AbstractRegistrate/REGISTRATE.REGISTER]: Registered create:pink_postbox to registry ResourceKey[minecraft:root / minecraft:item]
[27Jul2026 19:37:47.278] [main/DEBUG] [com.tterrag.registrate.AbstractRegistrate/REGISTRATE.REGISTER]: Registered create:gray_postbox to registry ResourceKey[minecraft:root / minecraft:item]
[27Jul2026 19:37:47.278] [main/DEBUG] [com.tterrag.registrate.AbstractRegistrate/REGISTRATE.REGISTER]: Registered create:light_gray_postbox to registry ResourceKey[minecraft:root / minecraft:item]
[27Jul2026 19:37:47.278] [main/DEBUG] [com.tterrag.registrate.AbstractRegistrate/REGISTRATE.REGISTER]: Registered create:cyan_postbox to registry ResourceKey[minecraft:root / minecraft:item]
[27Jul2026 19:37:47.278] [main/DEBUG] [com.tterrag.registrate.AbstractRegistrate/REGISTRATE.REGISTER]: Registered create:purple_postbox to registry ResourceKey[minecraft:root / minecraft:item]
[27Jul2026 19:37:47.278] [main/DEBUG] [com.tterrag.registrate.AbstractRegistrate/REGISTRATE.REGISTER]: Registered create:blue_postbox to registry ResourceKey[minecraft:root / minecraft:item]
[27Jul2026 19:37:47.278] [main/DEBUG] [com.tterrag.registrate.AbstractRegistrate/REGISTRATE.REGISTER]: Registered create:brown_postbox to registry ResourceKey[minecraft:root / minecraft:item]
[27Jul2026 19:37:47.278] [main/DEBUG] [com.tterrag.registrate.AbstractRegistrate/REGISTRATE.REGISTER]: Registered create:green_postbox to registry ResourceKey[minecraft:root / minecraft:item]
[27Jul2026 19:37:47.279] [main/DEBUG] [com.tterrag.registrate.AbstractRegistrate/REGISTRATE.REGISTER]: Registered create:red_postbox to registry ResourceKey[minecraft:root / minecraft:item]
[27Jul2026 19:37:47.279] [main/DEBUG] [com.tterrag.registrate.AbstractRegistrate/REGISTRATE.REGISTER]: Registered create:black_postbox to registry ResourceKey[minecraft:root / minecraft:item]
[27Jul2026 19:37:47.279] [main/DEBUG] [com.tterrag.registrate.AbstractRegistrate/REGISTRATE.REGISTER]: Registered create:stock_link to registry ResourceKey[minecraft:root / minecraft:item]
[27Jul2026 19:37:47.279] [main/DEBUG] [com.tterrag.registrate.AbstractRegistrate/REGISTRATE.REGISTER]: Registered create:stock_ticker to registry ResourceKey[minecraft:root / minecraft:item]
[27Jul2026 19:37:47.279] [main/DEBUG] [com.tterrag.registrate.AbstractRegistrate/REGISTRATE.REGISTER]: Registered create:redstone_requester to registry ResourceKey[minecraft:root / minecraft:item]
[27Jul2026 19:37:47.279] [main/DEBUG] [com.tterrag.registrate.AbstractRegistrate/REGISTRATE.REGISTER]: Registered create:factory_gauge to registry ResourceKey[minecraft:root / minecraft:item]
[27Jul2026 19:37:47.279] [main/DEBUG] [com.tterrag.registrate.AbstractRegistrate/REGISTRATE.REGISTER]: Registered create:white_table_cloth to registry ResourceKey[minecraft:root / minecraft:item]
[27Jul2026 19:37:47.279] [main/DEBUG] [com.tterrag.registrate.AbstractRegistrate/REGISTRATE.REGISTER]: Registered create:orange_table_cloth to registry ResourceKey[minecraft:root / minecraft:item]
[27Jul2026 19:37:47.279] [main/DEBUG] [com.tterrag.registrate.AbstractRegistrate/REGISTRATE.REGISTER]: Registered create:magenta_table_cloth to registry ResourceKey[minecraft:root / minecraft:item]
[27Jul2026 19:37:47.279] [main/DEBUG] [com.tterrag.registrate.AbstractRegistrate/REGISTRATE.REGISTER]: Registered create:light_blue_table_cloth to registry ResourceKey[minecraft:root / minecraft:item]
[27Jul2026 19:37:47.279] [main/DEBUG] [com.tterrag.registrate.AbstractRegistrate/REGISTRATE.REGISTER]: Registered create:yellow_table_cloth to registry ResourceKey[minecraft:root / minecraft:item]
[27Jul2026 19:37:47.279] [main/DEBUG] [com.tterrag.registrate.AbstractRegistrate/REGISTRATE.REGISTER]: Registered create:lime_table_cloth to registry ResourceKey[minecraft:root / minecraft:item]
[27Jul2026 19:37:47.279] [main/DEBUG] [com.tterrag.registrate.AbstractRegistrate/REGISTRATE.REGISTER]: Registered create:pink_table_cloth to registry ResourceKey[minecraft:root / minecraft:item]
[27Jul2026 19:37:47.280] [main/DEBUG] [com.tterrag.registrate.AbstractRegistrate/REGISTRATE.REGISTER]: Registered create:gray_table_cloth to registry ResourceKey[minecraft:root / minecraft:item]
[27Jul2026 19:37:47.280] [main/DEBUG] [com.tterrag.registrate.AbstractRegistrate/REGISTRATE.REGISTER]: Registered create:light_gray_table_cloth to registry ResourceKey[minecraft:root / minecraft:item]
[27Jul2026 19:37:47.280] [main/DEBUG] [com.tterrag.registrate.AbstractRegistrate/REGISTRATE.REGISTER]: Registered create:cyan_table_cloth to registry ResourceKey[minecraft:root / minecraft:item]
[27Jul2026 19:37:47.280] [main/DEBUG] [com.tterrag.registrate.AbstractRegistrate/REGISTRATE.REGISTER]: Registered create:purple_table_cloth to registry ResourceKey[minecraft:root / minecraft:item]
[27Jul2026 19:37:47.280] [main/DEBUG] [com.tterrag.registrate.AbstractRegistrate/REGISTRATE.REGISTER]: Registered create:blue_table_cloth to registry ResourceKey[minecraft:root / minecraft:item]
[27Jul2026 19:37:47.280] [main/DEBUG] [com.tterrag.registrate.AbstractRegistrate/REGISTRATE.REGISTER]: Registered create:brown_table_cloth to registry ResourceKey[minecraft:root / minecraft:item]
[27Jul2026 19:37:47.280] [main/DEBUG] [com.tterrag.registrate.AbstractRegistrate/REGISTRATE.REGISTER]: Registered create:green_table_cloth to registry ResourceKey[minecraft:root / minecraft:item]
[27Jul2026 19:37:47.280] [main/DEBUG] [com.tterrag.registrate.AbstractRegistrate/REGISTRATE.REGISTER]: Registered create:red_table_cloth to registry ResourceKey[minecraft:root / minecraft:item]
[27Jul2026 19:37:47.280] [main/DEBUG] [com.tterrag.registrate.AbstractRegistrate/REGISTRATE.REGISTER]: Registered create:black_table_cloth to registry ResourceKey[minecraft:root / minecraft:item]
[27Jul2026 19:37:47.280] [main/DEBUG] [com.tterrag.registrate.AbstractRegistrate/REGISTRATE.REGISTER]: Registered create:andesite_table_cloth to registry ResourceKey[minecraft:root / minecraft:item]
[27Jul2026 19:37:47.280] [main/DEBUG] [com.tterrag.registrate.AbstractRegistrate/REGISTRATE.REGISTER]: Registered create:brass_table_cloth to registry ResourceKey[minecraft:root / minecraft:item]
[27Jul2026 19:37:47.280] [main/DEBUG] [com.tterrag.registrate.AbstractRegistrate/REGISTRATE.REGISTER]: Registered create:copper_table_cloth to registry ResourceKey[minecraft:root / minecraft:item]
[27Jul2026 19:37:47.280] [main/DEBUG] [com.tterrag.registrate.AbstractRegistrate/REGISTRATE.REGISTER]: Registered create:display_link to registry ResourceKey[minecraft:root / minecraft:item]
[27Jul2026 19:37:47.281] [main/DEBUG] [com.tterrag.registrate.AbstractRegistrate/REGISTRATE.REGISTER]: Registered create:display_board to registry ResourceKey[minecraft:root / minecraft:item]
[27Jul2026 19:37:47.281] [main/DEBUG] [com.tterrag.registrate.AbstractRegistrate/REGISTRATE.REGISTER]: Registered create:nixie_tube to registry ResourceKey[minecraft:root / minecraft:item]
[27Jul2026 19:37:47.281] [main/DEBUG] [com.tterrag.registrate.AbstractRegistrate/REGISTRATE.REGISTER]: Registered create:rose_quartz_lamp to registry ResourceKey[minecraft:root / minecraft:item]
[27Jul2026 19:37:47.281] [main/DEBUG] [com.tterrag.registrate.AbstractRegistrate/REGISTRATE.REGISTER]: Registered create:redstone_link to registry ResourceKey[minecraft:root / minecraft:item]
[27Jul2026 19:37:47.281] [main/DEBUG] [com.tterrag.registrate.AbstractRegistrate/REGISTRATE.REGISTER]: Registered create:analog_lever to registry ResourceKey[minecraft:root / minecraft:item]
[27Jul2026 19:37:47.281] [main/DEBUG] [com.tterrag.registrate.AbstractRegistrate/REGISTRATE.REGISTER]: Registered create:placard to registry ResourceKey[minecraft:root / minecraft:item]
[27Jul2026 19:37:47.281] [main/DEBUG] [com.tterrag.registrate.AbstractRegistrate/REGISTRATE.REGISTER]: Registered create:pulse_repeater to registry ResourceKey[minecraft:root / minecraft:item]
[27Jul2026 19:37:47.281] [main/DEBUG] [com.tterrag.registrate.AbstractRegistrate/REGISTRATE.REGISTER]: Registered create:pulse_extender to registry ResourceKey[minecraft:root / minecraft:item]
[27Jul2026 19:37:47.281] [main/DEBUG] [com.tterrag.registrate.AbstractRegistrate/REGISTRATE.REGISTER]: Registered create:pulse_timer to registry ResourceKey[minecraft:root / minecraft:item]
[27Jul2026 19:37:47.281] [main/DEBUG] [com.tterrag.registrate.AbstractRegistrate/REGISTRATE.REGISTER]: Registered create:powered_latch to registry ResourceKey[minecraft:root / minecraft:item]
[27Jul2026 19:37:47.281] [main/DEBUG] [com.tterrag.registrate.AbstractRegistrate/REGISTRATE.REGISTER]: Registered create:powered_toggle_latch to registry ResourceKey[minecraft:root / minecraft:item]
[27Jul2026 19:37:47.281] [main/DEBUG] [com.tterrag.registrate.AbstractRegistrate/REGISTRATE.REGISTER]: Registered create:wheat_flour to registry ResourceKey[minecraft:root / minecraft:item]
[27Jul2026 19:37:47.282] [main/DEBUG] [com.tterrag.registrate.AbstractRegistrate/REGISTRATE.REGISTER]: Registered create:dough to registry ResourceKey[minecraft:root / minecraft:item]
[27Jul2026 19:37:47.282] [main/DEBUG] [com.tterrag.registrate.AbstractRegistrate/REGISTRATE.REGISTER]: Registered create:cinder_flour to registry ResourceKey[minecraft:root / minecraft:item]
[27Jul2026 19:37:47.282] [main/DEBUG] [com.tterrag.registrate.AbstractRegistrate/REGISTRATE.REGISTER]: Registered create:rose_quartz to registry ResourceKey[minecraft:root / minecraft:item]
[27Jul2026 19:37:47.282] [main/DEBUG] [com.tterrag.registrate.AbstractRegistrate/REGISTRATE.REGISTER]: Registered create:polished_rose_quartz to registry ResourceKey[minecraft:root / minecraft:item]
[27Jul2026 19:37:47.282] [main/DEBUG] [com.tterrag.registrate.AbstractRegistrate/REGISTRATE.REGISTER]: Registered create:powdered_obsidian to registry ResourceKey[minecraft:root / minecraft:item]
[27Jul2026 19:37:47.282] [main/DEBUG] [com.tterrag.registrate.AbstractRegistrate/REGISTRATE.REGISTER]: Registered create:sturdy_sheet to registry ResourceKey[minecraft:root / minecraft:item]
[27Jul2026 19:37:47.282] [main/DEBUG] [com.tterrag.registrate.AbstractRegistrate/REGISTRATE.REGISTER]: Registered create:propeller to registry ResourceKey[minecraft:root / minecraft:item]
[27Jul2026 19:37:47.282] [main/DEBUG] [com.tterrag.registrate.AbstractRegistrate/REGISTRATE.REGISTER]: Registered create:whisk to registry ResourceKey[minecraft:root / minecraft:item]
[27Jul2026 19:37:47.282] [main/DEBUG] [com.tterrag.registrate.AbstractRegistrate/REGISTRATE.REGISTER]: Registered create:brass_hand to registry ResourceKey[minecraft:root / minecraft:item]
[27Jul2026 19:37:47.282] [main/DEBUG] [com.tterrag.registrate.AbstractRegistrate/REGISTRATE.REGISTER]: Registered create:crafter_slot_cover to registry ResourceKey[minecraft:root / minecraft:item]
[27Jul2026 19:37:47.282] [main/DEBUG] [com.tterrag.registrate.AbstractRegistrate/REGISTRATE.REGISTER]: Registered create:electron_tube to registry ResourceKey[minecraft:root / minecraft:item]
[27Jul2026 19:37:47.282] [main/DEBUG] [com.tterrag.registrate.AbstractRegistrate/REGISTRATE.REGISTER]: Registered create:transmitter to registry ResourceKey[minecraft:root / minecraft:item]
[27Jul2026 19:37:47.282] [main/DEBUG] [com.tterrag.registrate.AbstractRegistrate/REGISTRATE.REGISTER]: Registered create:pulp to registry ResourceKey[minecraft:root / minecraft:item]
[27Jul2026 19:37:47.283] [main/DEBUG] [com.tterrag.registrate.AbstractRegistrate/REGISTRATE.REGISTER]: Registered create:cardboard to registry ResourceKey[minecraft:root / minecraft:item]
[27Jul2026 19:37:47.283] [main/DEBUG] [com.tterrag.registrate.AbstractRegistrate/REGISTRATE.REGISTER]: Registered create:incomplete_precision_mechanism to registry ResourceKey[minecraft:root / minecraft:item]
[27Jul2026 19:37:47.283] [main/DEBUG] [com.tterrag.registrate.AbstractRegistrate/REGISTRATE.REGISTER]: Registered create:unprocessed_obsidian_sheet to registry ResourceKey[minecraft:root / minecraft:item]
[27Jul2026 19:37:47.283] [main/DEBUG] [com.tterrag.registrate.AbstractRegistrate/REGISTRATE.REGISTER]: Registered create:incomplete_track to registry ResourceKey[minecraft:root / minecraft:item]
[27Jul2026 19:37:47.283] [main/DEBUG] [com.tterrag.registrate.AbstractRegistrate/REGISTRATE.REGISTER]: Registered create:precision_mechanism to registry ResourceKey[minecraft:root / minecraft:item]
[27Jul2026 19:37:47.283] [main/DEBUG] [com.tterrag.registrate.AbstractRegistrate/REGISTRATE.REGISTER]: Registered create:blaze_cake_base to registry ResourceKey[minecraft:root / minecraft:item]
[27Jul2026 19:37:47.283] [main/DEBUG] [com.tterrag.registrate.AbstractRegistrate/REGISTRATE.REGISTER]: Registered create:blaze_cake to registry ResourceKey[minecraft:root / minecraft:item]
[27Jul2026 19:37:47.283] [main/DEBUG] [com.tterrag.registrate.AbstractRegistrate/REGISTRATE.REGISTER]: Registered create:creative_blaze_cake to registry ResourceKey[minecraft:root / minecraft:item]
[27Jul2026 19:37:47.283] [main/DEBUG] [com.tterrag.registrate.AbstractRegistrate/REGISTRATE.REGISTER]: Registered create:bar_of_chocolate to registry ResourceKey[minecraft:root / minecraft:item]
[27Jul2026 19:37:47.284] [main/DEBUG] [com.tterrag.registrate.AbstractRegistrate/REGISTRATE.REGISTER]: Registered create:sweet_roll to registry ResourceKey[minecraft:root / minecraft:item]
[27Jul2026 19:37:47.284] [main/DEBUG] [com.tterrag.registrate.AbstractRegistrate/REGISTRATE.REGISTER]: Registered create:chocolate_glazed_berries to registry ResourceKey[minecraft:root / minecraft:item]
[27Jul2026 19:37:47.284] [main/DEBUG] [com.tterrag.registrate.AbstractRegistrate/REGISTRATE.REGISTER]: Registered create:honeyed_apple to registry ResourceKey[minecraft:root / minecraft:item]
[27Jul2026 19:37:47.284] [main/DEBUG] [com.tterrag.registrate.AbstractRegistrate/REGISTRATE.REGISTER]: Registered create:builders_tea to registry ResourceKey[minecraft:root / minecraft:item]
[27Jul2026 19:37:47.285] [main/DEBUG] [com.tterrag.registrate.AbstractRegistrate/REGISTRATE.REGISTER]: Registered create:cardboard_sword to registry ResourceKey[minecraft:root / minecraft:item]
[27Jul2026 19:37:47.285] [main/DEBUG] [com.tterrag.registrate.AbstractRegistrate/REGISTRATE.REGISTER]: Registered create:raw_zinc to registry ResourceKey[minecraft:root / minecraft:item]
[27Jul2026 19:37:47.286] [main/DEBUG] [com.tterrag.registrate.AbstractRegistrate/REGISTRATE.REGISTER]: Registered create:andesite_alloy to registry ResourceKey[minecraft:root / minecraft:item]
[27Jul2026 19:37:47.286] [main/DEBUG] [com.tterrag.registrate.AbstractRegistrate/REGISTRATE.REGISTER]: Registered create:zinc_ingot to registry ResourceKey[minecraft:root / minecraft:item]
[27Jul2026 19:37:47.286] [main/DEBUG] [com.tterrag.registrate.AbstractRegistrate/REGISTRATE.REGISTER]: Registered create:brass_ingot to registry ResourceKey[minecraft:root / minecraft:item]
[27Jul2026 19:37:47.286] [main/DEBUG] [com.tterrag.registrate.AbstractRegistrate/REGISTRATE.REGISTER]: Registered create:chromatic_compound to registry ResourceKey[minecraft:root / minecraft:item]
[27Jul2026 19:37:47.286] [main/DEBUG] [com.tterrag.registrate.AbstractRegistrate/REGISTRATE.REGISTER]: Registered create:shadow_steel to registry ResourceKey[minecraft:root / minecraft:item]
[27Jul2026 19:37:47.286] [main/DEBUG] [com.tterrag.registrate.AbstractRegistrate/REGISTRATE.REGISTER]: Registered create:refined_radiance to registry ResourceKey[minecraft:root / minecraft:item]
[27Jul2026 19:37:47.286] [main/DEBUG] [com.tterrag.registrate.AbstractRegistrate/REGISTRATE.REGISTER]: Registered create:copper_nugget to registry ResourceKey[minecraft:root / minecraft:item]
[27Jul2026 19:37:47.286] [main/DEBUG] [com.tterrag.registrate.AbstractRegistrate/REGISTRATE.REGISTER]: Registered create:zinc_nugget to registry ResourceKey[minecraft:root / minecraft:item]
[27Jul2026 19:37:47.286] [main/DEBUG] [com.tterrag.registrate.AbstractRegistrate/REGISTRATE.REGISTER]: Registered create:brass_nugget to registry ResourceKey[minecraft:root / minecraft:item]
[27Jul2026 19:37:47.286] [main/DEBUG] [com.tterrag.registrate.AbstractRegistrate/REGISTRATE.REGISTER]: Registered create:experience_nugget to registry ResourceKey[minecraft:root / minecraft:item]
[27Jul2026 19:37:47.286] [main/DEBUG] [com.tterrag.registrate.AbstractRegistrate/REGISTRATE.REGISTER]: Registered create:copper_sheet to registry ResourceKey[minecraft:root / minecraft:item]
[27Jul2026 19:37:47.287] [main/DEBUG] [com.tterrag.registrate.AbstractRegistrate/REGISTRATE.REGISTER]: Registered create:brass_sheet to registry ResourceKey[minecraft:root / minecraft:item]
[27Jul2026 19:37:47.287] [main/DEBUG] [com.tterrag.registrate.AbstractRegistrate/REGISTRATE.REGISTER]: Registered create:iron_sheet to registry ResourceKey[minecraft:root / minecraft:item]
[27Jul2026 19:37:47.287] [main/DEBUG] [com.tterrag.registrate.AbstractRegistrate/REGISTRATE.REGISTER]: Registered create:golden_sheet to registry ResourceKey[minecraft:root / minecraft:item]
[27Jul2026 19:37:47.287] [main/DEBUG] [com.tterrag.registrate.AbstractRegistrate/REGISTRATE.REGISTER]: Registered create:crushed_raw_iron to registry ResourceKey[minecraft:root / minecraft:item]
[27Jul2026 19:37:47.287] [main/DEBUG] [com.tterrag.registrate.AbstractRegistrate/REGISTRATE.REGISTER]: Registered create:crushed_raw_gold to registry ResourceKey[minecraft:root / minecraft:item]
[27Jul2026 19:37:47.287] [main/DEBUG] [com.tterrag.registrate.AbstractRegistrate/REGISTRATE.REGISTER]: Registered create:crushed_raw_copper to registry ResourceKey[minecraft:root / minecraft:item]
[27Jul2026 19:37:47.287] [main/DEBUG] [com.tterrag.registrate.AbstractRegistrate/REGISTRATE.REGISTER]: Registered create:crushed_raw_zinc to registry ResourceKey[minecraft:root / minecraft:item]
[27Jul2026 19:37:47.287] [main/DEBUG] [com.tterrag.registrate.AbstractRegistrate/REGISTRATE.REGISTER]: Registered create:crushed_raw_osmium to registry ResourceKey[minecraft:root / minecraft:item]
[27Jul2026 19:37:47.288] [main/DEBUG] [com.tterrag.registrate.AbstractRegistrate/REGISTRATE.REGISTER]: Registered create:crushed_raw_platinum to registry ResourceKey[minecraft:root / minecraft:item]
[27Jul2026 19:37:47.288] [main/DEBUG] [com.tterrag.registrate.AbstractRegistrate/REGISTRATE.REGISTER]: Registered create:crushed_raw_silver to registry ResourceKey[minecraft:root / minecraft:item]
[27Jul2026 19:37:47.288] [main/DEBUG] [com.tterrag.registrate.AbstractRegistrate/REGISTRATE.REGISTER]: Registered create:crushed_raw_tin to registry ResourceKey[minecraft:root / minecraft:item]
[27Jul2026 19:37:47.288] [main/DEBUG] [com.tterrag.registrate.AbstractRegistrate/REGISTRATE.REGISTER]: Registered create:crushed_raw_lead to registry ResourceKey[minecraft:root / minecraft:item]
[27Jul2026 19:37:47.288] [main/DEBUG] [com.tterrag.registrate.AbstractRegistrate/REGISTRATE.REGISTER]: Registered create:crushed_raw_quicksilver to registry ResourceKey[minecraft:root / minecraft:item]
[27Jul2026 19:37:47.288] [main/DEBUG] [com.tterrag.registrate.AbstractRegistrate/REGISTRATE.REGISTER]: Registered create:crushed_raw_aluminum to registry ResourceKey[minecraft:root / minecraft:item]
[27Jul2026 19:37:47.288] [main/DEBUG] [com.tterrag.registrate.AbstractRegistrate/REGISTRATE.REGISTER]: Registered create:crushed_raw_uranium to registry ResourceKey[minecraft:root / minecraft:item]
[27Jul2026 19:37:47.288] [main/DEBUG] [com.tterrag.registrate.AbstractRegistrate/REGISTRATE.REGISTER]: Registered create:crushed_raw_nickel to registry ResourceKey[minecraft:root / minecraft:item]
[27Jul2026 19:37:47.288] [main/DEBUG] [com.tterrag.registrate.AbstractRegistrate/REGISTRATE.REGISTER]: Registered create:belt_connector to registry ResourceKey[minecraft:root / minecraft:item]
[27Jul2026 19:37:47.289] [main/DEBUG] [com.tterrag.registrate.AbstractRegistrate/REGISTRATE.REGISTER]: Registered create:vertical_gearbox to registry ResourceKey[minecraft:root / minecraft:item]
[27Jul2026 19:37:47.289] [main/DEBUG] [com.tterrag.registrate.AbstractRegistrate/REGISTRATE.REGISTER]: Registered create:empty_blaze_burner to registry ResourceKey[minecraft:root / minecraft:item]
[27Jul2026 19:37:47.291] [main/DEBUG] [com.tterrag.registrate.AbstractRegistrate/REGISTRATE.REGISTER]: Registered create:goggles to registry ResourceKey[minecraft:root / minecraft:item]
[27Jul2026 19:37:47.291] [main/DEBUG] [com.tterrag.registrate.AbstractRegistrate/REGISTRATE.REGISTER]: Registered create:super_glue to registry ResourceKey[minecraft:root / minecraft:item]
[27Jul2026 19:37:47.291] [main/DEBUG] [com.tterrag.registrate.AbstractRegistrate/REGISTRATE.REGISTER]: Registered create:minecart_coupling to registry ResourceKey[minecraft:root / minecraft:item]
[27Jul2026 19:37:47.291] [main/DEBUG] [com.tterrag.registrate.AbstractRegistrate/REGISTRATE.REGISTER]: Registered create:crafting_blueprint to registry ResourceKey[minecraft:root / minecraft:item]
[27Jul2026 19:37:47.292] [main/DEBUG] [com.tterrag.registrate.AbstractRegistrate/REGISTRATE.REGISTER]: Registered create:copper_backtank_placeable to registry ResourceKey[minecraft:root / minecraft:item]
[27Jul2026 19:37:47.292] [main/DEBUG] [com.tterrag.registrate.AbstractRegistrate/REGISTRATE.REGISTER]: Registered create:netherite_backtank_placeable to registry ResourceKey[minecraft:root / minecraft:item]
[27Jul2026 19:37:47.295] [main/DEBUG] [com.tterrag.registrate.AbstractRegistrate/REGISTRATE.REGISTER]: Registered create:copper_backtank to registry ResourceKey[minecraft:root / minecraft:item]
[27Jul2026 19:37:47.298] [main/DEBUG] [mixin/]: Mixing ThirdPersonRendererMixin from moonlight-common.mixins.json into net.minecraft.client.model.HumanoidModel
[27Jul2026 19:37:47.303] [main/DEBUG] [mixin/]: Mixing client.HumanoidModelMixin from create.mixins.json into net.minecraft.client.model.HumanoidModel
[27Jul2026 19:37:47.341] [main/DEBUG] [mixin/]: Mixing accessor.AgeableListModelAccessor from create.mixins.json into net.minecraft.client.model.AgeableListModel
[27Jul2026 19:37:47.353] [main/DEBUG] [com.tterrag.registrate.AbstractRegistrate/REGISTRATE.REGISTER]: Registered create:netherite_backtank to registry ResourceKey[minecraft:root / minecraft:item]
[27Jul2026 19:37:47.353] [main/DEBUG] [com.tterrag.registrate.AbstractRegistrate/REGISTRATE.REGISTER]: Registered create:copper_diving_helmet to registry ResourceKey[minecraft:root / minecraft:item]
[27Jul2026 19:37:47.353] [main/DEBUG] [com.tterrag.registrate.AbstractRegistrate/REGISTRATE.REGISTER]: Registered create:netherite_diving_helmet to registry ResourceKey[minecraft:root / minecraft:item]
[27Jul2026 19:37:47.353] [main/DEBUG] [com.tterrag.registrate.AbstractRegistrate/REGISTRATE.REGISTER]: Registered create:copper_diving_boots to registry ResourceKey[minecraft:root / minecraft:item]
[27Jul2026 19:37:47.354] [main/DEBUG] [com.tterrag.registrate.AbstractRegistrate/REGISTRATE.REGISTER]: Registered create:netherite_diving_boots to registry ResourceKey[minecraft:root / minecraft:item]
[27Jul2026 19:37:47.354] [main/DEBUG] [com.tterrag.registrate.AbstractRegistrate/REGISTRATE.REGISTER]: Registered create:cardboard_helmet to registry ResourceKey[minecraft:root / minecraft:item]
[27Jul2026 19:37:47.354] [main/DEBUG] [com.tterrag.registrate.AbstractRegistrate/REGISTRATE.REGISTER]: Registered create:cardboard_chestplate to registry ResourceKey[minecraft:root / minecraft:item]
[27Jul2026 19:37:47.354] [main/DEBUG] [com.tterrag.registrate.AbstractRegistrate/REGISTRATE.REGISTER]: Registered create:cardboard_leggings to registry ResourceKey[minecraft:root / minecraft:item]
[27Jul2026 19:37:47.354] [main/DEBUG] [com.tterrag.registrate.AbstractRegistrate/REGISTRATE.REGISTER]: Registered create:cardboard_boots to registry ResourceKey[minecraft:root / minecraft:item]
[27Jul2026 19:37:47.354] [main/DEBUG] [com.tterrag.registrate.AbstractRegistrate/REGISTRATE.REGISTER]: Registered create:sand_paper to registry ResourceKey[minecraft:root / minecraft:item]
[27Jul2026 19:37:47.356] [main/DEBUG] [com.tterrag.registrate.AbstractRegistrate/REGISTRATE.REGISTER]: Registered create:red_sand_paper to registry ResourceKey[minecraft:root / minecraft:item]
[27Jul2026 19:37:47.356] [main/DEBUG] [com.tterrag.registrate.AbstractRegistrate/REGISTRATE.REGISTER]: Registered create:wrench to registry ResourceKey[minecraft:root / minecraft:item]
[27Jul2026 19:37:47.356] [main/DEBUG] [com.tterrag.registrate.AbstractRegistrate/REGISTRATE.REGISTER]: Registered create:minecart_contraption to registry ResourceKey[minecraft:root / minecraft:item]
[27Jul2026 19:37:47.356] [main/DEBUG] [com.tterrag.registrate.AbstractRegistrate/REGISTRATE.REGISTER]: Registered create:furnace_minecart_contraption to registry ResourceKey[minecraft:root / minecraft:item]
[27Jul2026 19:37:47.357] [main/DEBUG] [com.tterrag.registrate.AbstractRegistrate/REGISTRATE.REGISTER]: Registered create:chest_minecart_contraption to registry ResourceKey[minecraft:root / minecraft:item]
[27Jul2026 19:37:47.357] [main/DEBUG] [com.tterrag.registrate.AbstractRegistrate/REGISTRATE.REGISTER]: Registered create:linked_controller to registry ResourceKey[minecraft:root / minecraft:item]
[27Jul2026 19:37:47.357] [main/DEBUG] [com.tterrag.registrate.AbstractRegistrate/REGISTRATE.REGISTER]: Registered create:potato_cannon to registry ResourceKey[minecraft:root / minecraft:item]
[27Jul2026 19:37:47.357] [main/DEBUG] [com.tterrag.registrate.AbstractRegistrate/REGISTRATE.REGISTER]: Registered create:extendo_grip to registry ResourceKey[minecraft:root / minecraft:item]
[27Jul2026 19:37:47.357] [main/DEBUG] [com.tterrag.registrate.AbstractRegistrate/REGISTRATE.REGISTER]: Registered create:wand_of_symmetry to registry ResourceKey[minecraft:root / minecraft:item]
[27Jul2026 19:37:47.357] [main/DEBUG] [com.tterrag.registrate.AbstractRegistrate/REGISTRATE.REGISTER]: Registered create:handheld_worldshaper to registry ResourceKey[minecraft:root / minecraft:item]
[27Jul2026 19:37:47.357] [main/DEBUG] [com.tterrag.registrate.AbstractRegistrate/REGISTRATE.REGISTER]: Registered create:tree_fertilizer to registry ResourceKey[minecraft:root / minecraft:item]
[27Jul2026 19:37:47.358] [main/DEBUG] [com.tterrag.registrate.AbstractRegistrate/REGISTRATE.REGISTER]: Registered create:cardboard_package_12x12 to registry ResourceKey[minecraft:root / minecraft:item]
[27Jul2026 19:37:47.358] [main/DEBUG] [com.tterrag.registrate.AbstractRegistrate/REGISTRATE.REGISTER]: Registered create:cardboard_package_10x12 to registry ResourceKey[minecraft:root / minecraft:item]
[27Jul2026 19:37:47.358] [main/DEBUG] [com.tterrag.registrate.AbstractRegistrate/REGISTRATE.REGISTER]: Registered create:cardboard_package_10x8 to registry ResourceKey[minecraft:root / minecraft:item]
[27Jul2026 19:37:47.358] [main/DEBUG] [com.tterrag.registrate.AbstractRegistrate/REGISTRATE.REGISTER]: Registered create:cardboard_package_12x10 to registry ResourceKey[minecraft:root / minecraft:item]
[27Jul2026 19:37:47.358] [main/DEBUG] [com.tterrag.registrate.AbstractRegistrate/REGISTRATE.REGISTER]: Registered create:rare_creeper_package to registry ResourceKey[minecraft:root / minecraft:item]
[27Jul2026 19:37:47.358] [main/DEBUG] [com.tterrag.registrate.AbstractRegistrate/REGISTRATE.REGISTER]: Registered create:rare_darcy_package to registry ResourceKey[minecraft:root / minecraft:item]
[27Jul2026 19:37:47.359] [main/DEBUG] [com.tterrag.registrate.AbstractRegistrate/REGISTRATE.REGISTER]: Registered create:rare_evan_package to registry ResourceKey[minecraft:root / minecraft:item]
[27Jul2026 19:37:47.359] [main/DEBUG] [com.tterrag.registrate.AbstractRegistrate/REGISTRATE.REGISTER]: Registered create:rare_jinx_package to registry ResourceKey[minecraft:root / minecraft:item]
[27Jul2026 19:37:47.359] [main/DEBUG] [com.tterrag.registrate.AbstractRegistrate/REGISTRATE.REGISTER]: Registered create:rare_kryppers_package to registry ResourceKey[minecraft:root / minecraft:item]
[27Jul2026 19:37:47.359] [main/DEBUG] [com.tterrag.registrate.AbstractRegistrate/REGISTRATE.REGISTER]: Registered create:rare_simi_package to registry ResourceKey[minecraft:root / minecraft:item]
[27Jul2026 19:37:47.359] [main/DEBUG] [com.tterrag.registrate.AbstractRegistrate/REGISTRATE.REGISTER]: Registered create:rare_starlotte_package to registry ResourceKey[minecraft:root / minecraft:item]
[27Jul2026 19:37:47.359] [main/DEBUG] [com.tterrag.registrate.AbstractRegistrate/REGISTRATE.REGISTER]: Registered create:rare_thunder_package to registry ResourceKey[minecraft:root / minecraft:item]
[27Jul2026 19:37:47.359] [main/DEBUG] [com.tterrag.registrate.AbstractRegistrate/REGISTRATE.REGISTER]: Registered create:rare_up_package to registry ResourceKey[minecraft:root / minecraft:item]
[27Jul2026 19:37:47.359] [main/DEBUG] [com.tterrag.registrate.AbstractRegistrate/REGISTRATE.REGISTER]: Registered create:rare_vector_package to registry ResourceKey[minecraft:root / minecraft:item]
[27Jul2026 19:37:47.362] [main/DEBUG] [com.tterrag.registrate.AbstractRegistrate/REGISTRATE.REGISTER]: Registered create:filter to registry ResourceKey[minecraft:root / minecraft:item]
[27Jul2026 19:37:47.363] [main/DEBUG] [com.tterrag.registrate.AbstractRegistrate/REGISTRATE.REGISTER]: Registered create:attribute_filter to registry ResourceKey[minecraft:root / minecraft:item]
[27Jul2026 19:37:47.364] [main/DEBUG] [com.tterrag.registrate.AbstractRegistrate/REGISTRATE.REGISTER]: Registered create:package_filter to registry ResourceKey[minecraft:root / minecraft:item]
[27Jul2026 19:37:47.364] [main/DEBUG] [com.tterrag.registrate.AbstractRegistrate/REGISTRATE.REGISTER]: Registered create:schedule to registry ResourceKey[minecraft:root / minecraft:item]
[27Jul2026 19:37:47.364] [main/DEBUG] [com.tterrag.registrate.AbstractRegistrate/REGISTRATE.REGISTER]: Registered create:shopping_list to registry ResourceKey[minecraft:root / minecraft:item]
[27Jul2026 19:37:47.364] [main/DEBUG] [com.tterrag.registrate.AbstractRegistrate/REGISTRATE.REGISTER]: Registered create:empty_schematic to registry ResourceKey[minecraft:root / minecraft:item]
[27Jul2026 19:37:47.364] [main/DEBUG] [com.tterrag.registrate.AbstractRegistrate/REGISTRATE.REGISTER]: Registered create:schematic_and_quill to registry ResourceKey[minecraft:root / minecraft:item]
[27Jul2026 19:37:47.365] [main/DEBUG] [com.tterrag.registrate.AbstractRegistrate/REGISTRATE.REGISTER]: Registered create:schematic to registry ResourceKey[minecraft:root / minecraft:item]
[27Jul2026 19:37:47.365] [main/DEBUG] [com.tterrag.registrate.AbstractRegistrate/REGISTRATE.REGISTER]: Registered create:peculiar_bell to registry ResourceKey[minecraft:root / minecraft:item]
[27Jul2026 19:37:47.365] [main/DEBUG] [com.tterrag.registrate.AbstractRegistrate/REGISTRATE.REGISTER]: Registered create:haunted_bell to registry ResourceKey[minecraft:root / minecraft:item]
[27Jul2026 19:37:47.365] [main/DEBUG] [com.tterrag.registrate.AbstractRegistrate/REGISTRATE.REGISTER]: Registered create:desk_bell to registry ResourceKey[minecraft:root / minecraft:item]
[27Jul2026 19:37:47.365] [main/DEBUG] [com.tterrag.registrate.AbstractRegistrate/REGISTRATE.REGISTER]: Registered create:white_toolbox to registry ResourceKey[minecraft:root / minecraft:item]
[27Jul2026 19:37:47.365] [main/DEBUG] [com.tterrag.registrate.AbstractRegistrate/REGISTRATE.REGISTER]: Registered create:orange_toolbox to registry ResourceKey[minecraft:root / minecraft:item]
[27Jul2026 19:37:47.365] [main/DEBUG] [com.tterrag.registrate.AbstractRegistrate/REGISTRATE.REGISTER]: Registered create:magenta_toolbox to registry ResourceKey[minecraft:root / minecraft:item]
[27Jul2026 19:37:47.365] [main/DEBUG] [com.tterrag.registrate.AbstractRegistrate/REGISTRATE.REGISTER]: Registered create:light_blue_toolbox to registry ResourceKey[minecraft:root / minecraft:item]
[27Jul2026 19:37:47.365] [main/DEBUG] [com.tterrag.registrate.AbstractRegistrate/REGISTRATE.REGISTER]: Registered create:yellow_toolbox to registry ResourceKey[minecraft:root / minecraft:item]
[27Jul2026 19:37:47.366] [main/DEBUG] [com.tterrag.registrate.AbstractRegistrate/REGISTRATE.REGISTER]: Registered create:lime_toolbox to registry ResourceKey[minecraft:root / minecraft:item]
[27Jul2026 19:37:47.366] [main/DEBUG] [com.tterrag.registrate.AbstractRegistrate/REGISTRATE.REGISTER]: Registered create:pink_toolbox to registry ResourceKey[minecraft:root / minecraft:item]
[27Jul2026 19:37:47.366] [main/DEBUG] [com.tterrag.registrate.AbstractRegistrate/REGISTRATE.REGISTER]: Registered create:gray_toolbox to registry ResourceKey[minecraft:root / minecraft:item]
[27Jul2026 19:37:47.366] [main/DEBUG] [com.tterrag.registrate.AbstractRegistrate/REGISTRATE.REGISTER]: Registered create:light_gray_toolbox to registry ResourceKey[minecraft:root / minecraft:item]
[27Jul2026 19:37:47.366] [main/DEBUG] [com.tterrag.registrate.AbstractRegistrate/REGISTRATE.REGISTER]: Registered create:cyan_toolbox to registry ResourceKey[minecraft:root / minecraft:item]
[27Jul2026 19:37:47.366] [main/DEBUG] [com.tterrag.registrate.AbstractRegistrate/REGISTRATE.REGISTER]: Registered create:purple_toolbox to registry ResourceKey[minecraft:root / minecraft:item]
[27Jul2026 19:37:47.366] [main/DEBUG] [com.tterrag.registrate.AbstractRegistrate/REGISTRATE.REGISTER]: Registered create:blue_toolbox to registry ResourceKey[minecraft:root / minecraft:item]
[27Jul2026 19:37:47.366] [main/DEBUG] [com.tterrag.registrate.AbstractRegistrate/REGISTRATE.REGISTER]: Registered create:brown_toolbox to registry ResourceKey[minecraft:root / minecraft:item]
[27Jul2026 19:37:47.366] [main/DEBUG] [com.tterrag.registrate.AbstractRegistrate/REGISTRATE.REGISTER]: Registered create:green_toolbox to registry ResourceKey[minecraft:root / minecraft:item]
[27Jul2026 19:37:47.366] [main/DEBUG] [com.tterrag.registrate.AbstractRegistrate/REGISTRATE.REGISTER]: Registered create:red_toolbox to registry ResourceKey[minecraft:root / minecraft:item]
[27Jul2026 19:37:47.366] [main/DEBUG] [com.tterrag.registrate.AbstractRegistrate/REGISTRATE.REGISTER]: Registered create:black_toolbox to registry ResourceKey[minecraft:root / minecraft:item]
[27Jul2026 19:37:47.375] [main/DEBUG] [mixin/]: Mixing accessor.ItemModelGeneratorsAccessor from create.mixins.json into net.minecraft.data.models.ItemModelGenerators
[27Jul2026 19:37:47.376] [main/DEBUG] [mixin/]: Renaming @Accessor method create$getGENERATED_TRIM_MODELS()Ljava/util/List; to create$getGENERATED_TRIM_MODELS_$md$f074c6$0 in create.mixins.json:accessor.ItemModelGeneratorsAccessor
[27Jul2026 19:37:47.390] [main/DEBUG] [com.tterrag.registrate.AbstractRegistrate/REGISTRATE.REGISTER]: Registered create:clipboard to registry ResourceKey[minecraft:root / minecraft:item]
[27Jul2026 19:37:47.390] [main/DEBUG] [com.tterrag.registrate.AbstractRegistrate/REGISTRATE.REGISTER]: Registered create:andesite_ladder to registry ResourceKey[minecraft:root / minecraft:item]
[27Jul2026 19:37:47.390] [main/DEBUG] [com.tterrag.registrate.AbstractRegistrate/REGISTRATE.REGISTER]: Registered create:brass_ladder to registry ResourceKey[minecraft:root / minecraft:item]
[27Jul2026 19:37:47.391] [main/DEBUG] [com.tterrag.registrate.AbstractRegistrate/REGISTRATE.REGISTER]: Registered create:copper_ladder to registry ResourceKey[minecraft:root / minecraft:item]
[27Jul2026 19:37:47.391] [main/DEBUG] [com.tterrag.registrate.AbstractRegistrate/REGISTRATE.REGISTER]: Registered create:andesite_bars to registry ResourceKey[minecraft:root / minecraft:item]
[27Jul2026 19:37:47.391] [main/DEBUG] [com.tterrag.registrate.AbstractRegistrate/REGISTRATE.REGISTER]: Registered create:brass_bars to registry ResourceKey[minecraft:root / minecraft:item]
[27Jul2026 19:37:47.391] [main/DEBUG] [com.tterrag.registrate.AbstractRegistrate/REGISTRATE.REGISTER]: Registered create:copper_bars to registry ResourceKey[minecraft:root / minecraft:item]
[27Jul2026 19:37:47.391] [main/DEBUG] [com.tterrag.registrate.AbstractRegistrate/REGISTRATE.REGISTER]: Registered create:andesite_scaffolding to registry ResourceKey[minecraft:root / minecraft:item]
[27Jul2026 19:37:47.391] [main/DEBUG] [com.tterrag.registrate.AbstractRegistrate/REGISTRATE.REGISTER]: Registered create:brass_scaffolding to registry ResourceKey[minecraft:root / minecraft:item]
[27Jul2026 19:37:47.391] [main/DEBUG] [com.tterrag.registrate.AbstractRegistrate/REGISTRATE.REGISTER]: Registered create:copper_scaffolding to registry ResourceKey[minecraft:root / minecraft:item]
[27Jul2026 19:37:47.391] [main/DEBUG] [com.tterrag.registrate.AbstractRegistrate/REGISTRATE.REGISTER]: Registered create:metal_girder to registry ResourceKey[minecraft:root / minecraft:item]
[27Jul2026 19:37:47.391] [main/DEBUG] [com.tterrag.registrate.AbstractRegistrate/REGISTRATE.REGISTER]: Registered create:copycat_step to registry ResourceKey[minecraft:root / minecraft:item]
[27Jul2026 19:37:47.391] [main/DEBUG] [com.tterrag.registrate.AbstractRegistrate/REGISTRATE.REGISTER]: Registered create:copycat_panel to registry ResourceKey[minecraft:root / minecraft:item]
[27Jul2026 19:37:47.391] [main/DEBUG] [com.tterrag.registrate.AbstractRegistrate/REGISTRATE.REGISTER]: Registered create:white_seat to registry ResourceKey[minecraft:root / minecraft:item]
[27Jul2026 19:37:47.391] [main/DEBUG] [com.tterrag.registrate.AbstractRegistrate/REGISTRATE.REGISTER]: Registered create:orange_seat to registry ResourceKey[minecraft:root / minecraft:item]
[27Jul2026 19:37:47.391] [main/DEBUG] [com.tterrag.registrate.AbstractRegistrate/REGISTRATE.REGISTER]: Registered create:magenta_seat to registry ResourceKey[minecraft:root / minecraft:item]
[27Jul2026 19:37:47.391] [main/DEBUG] [com.tterrag.registrate.AbstractRegistrate/REGISTRATE.REGISTER]: Registered create:light_blue_seat to registry ResourceKey[minecraft:root / minecraft:item]
[27Jul2026 19:37:47.392] [main/DEBUG] [com.tterrag.registrate.AbstractRegistrate/REGISTRATE.REGISTER]: Registered create:yellow_seat to registry ResourceKey[minecraft:root / minecraft:item]
[27Jul2026 19:37:47.392] [main/DEBUG] [com.tterrag.registrate.AbstractRegistrate/REGISTRATE.REGISTER]: Registered create:lime_seat to registry ResourceKey[minecraft:root / minecraft:item]
[27Jul2026 19:37:47.392] [main/DEBUG] [com.tterrag.registrate.AbstractRegistrate/REGISTRATE.REGISTER]: Registered create:pink_seat to registry ResourceKey[minecraft:root / minecraft:item]
[27Jul2026 19:37:47.392] [main/DEBUG] [com.tterrag.registrate.AbstractRegistrate/REGISTRATE.REGISTER]: Registered create:gray_seat to registry ResourceKey[minecraft:root / minecraft:item]
[27Jul2026 19:37:47.392] [main/DEBUG] [com.tterrag.registrate.AbstractRegistrate/REGISTRATE.REGISTER]: Registered create:light_gray_seat to registry ResourceKey[minecraft:root / minecraft:item]
[27Jul2026 19:37:47.392] [main/DEBUG] [com.tterrag.registrate.AbstractRegistrate/REGISTRATE.REGISTER]: Registered create:cyan_seat to registry ResourceKey[minecraft:root / minecraft:item]
[27Jul2026 19:37:47.392] [main/DEBUG] [com.tterrag.registrate.AbstractRegistrate/REGISTRATE.REGISTER]: Registered create:purple_seat to registry ResourceKey[minecraft:root / minecraft:item]
[27Jul2026 19:37:47.392] [main/DEBUG] [com.tterrag.registrate.AbstractRegistrate/REGISTRATE.REGISTER]: Registered create:blue_seat to registry ResourceKey[minecraft:root / minecraft:item]
[27Jul2026 19:37:47.392] [main/DEBUG] [com.tterrag.registrate.AbstractRegistrate/REGISTRATE.REGISTER]: Registered create:brown_seat to registry ResourceKey[minecraft:root / minecraft:item]
[27Jul2026 19:37:47.392] [main/DEBUG] [com.tterrag.registrate.AbstractRegistrate/REGISTRATE.REGISTER]: Registered create:green_seat to registry ResourceKey[minecraft:root / minecraft:item]
[27Jul2026 19:37:47.392] [main/DEBUG] [com.tterrag.registrate.AbstractRegistrate/REGISTRATE.REGISTER]: Registered create:red_seat to registry ResourceKey[minecraft:root / minecraft:item]
[27Jul2026 19:37:47.392] [main/DEBUG] [com.tterrag.registrate.AbstractRegistrate/REGISTRATE.REGISTER]: Registered create:black_seat to registry ResourceKey[minecraft:root / minecraft:item]
[27Jul2026 19:37:47.392] [main/DEBUG] [com.tterrag.registrate.AbstractRegistrate/REGISTRATE.REGISTER]: Registered create:andesite_door to registry ResourceKey[minecraft:root / minecraft:item]
[27Jul2026 19:37:47.393] [main/DEBUG] [com.tterrag.registrate.AbstractRegistrate/REGISTRATE.REGISTER]: Registered create:brass_door to registry ResourceKey[minecraft:root / minecraft:item]
[27Jul2026 19:37:47.393] [main/DEBUG] [com.tterrag.registrate.AbstractRegistrate/REGISTRATE.REGISTER]: Registered create:copper_door to registry ResourceKey[minecraft:root / minecraft:item]
[27Jul2026 19:37:47.393] [main/DEBUG] [com.tterrag.registrate.AbstractRegistrate/REGISTRATE.REGISTER]: Registered create:train_door to registry ResourceKey[minecraft:root / minecraft:item]
[27Jul2026 19:37:47.393] [main/DEBUG] [com.tterrag.registrate.AbstractRegistrate/REGISTRATE.REGISTER]: Registered create:train_trapdoor to registry ResourceKey[minecraft:root / minecraft:item]
[27Jul2026 19:37:47.393] [main/DEBUG] [com.tterrag.registrate.AbstractRegistrate/REGISTRATE.REGISTER]: Registered create:framed_glass_door to registry ResourceKey[minecraft:root / minecraft:item]
[27Jul2026 19:37:47.393] [main/DEBUG] [com.tterrag.registrate.AbstractRegistrate/REGISTRATE.REGISTER]: Registered create:framed_glass_trapdoor to registry ResourceKey[minecraft:root / minecraft:item]
[27Jul2026 19:37:47.393] [main/DEBUG] [com.tterrag.registrate.AbstractRegistrate/REGISTRATE.REGISTER]: Registered create:zinc_ore to registry ResourceKey[minecraft:root / minecraft:item]
[27Jul2026 19:37:47.393] [main/DEBUG] [com.tterrag.registrate.AbstractRegistrate/REGISTRATE.REGISTER]: Registered create:deepslate_zinc_ore to registry ResourceKey[minecraft:root / minecraft:item]
[27Jul2026 19:37:47.393] [main/DEBUG] [com.tterrag.registrate.AbstractRegistrate/REGISTRATE.REGISTER]: Registered create:raw_zinc_block to registry ResourceKey[minecraft:root / minecraft:item]
[27Jul2026 19:37:47.393] [main/DEBUG] [com.tterrag.registrate.AbstractRegistrate/REGISTRATE.REGISTER]: Registered create:zinc_block to registry ResourceKey[minecraft:root / minecraft:item]
[27Jul2026 19:37:47.393] [main/DEBUG] [com.tterrag.registrate.AbstractRegistrate/REGISTRATE.REGISTER]: Registered create:andesite_alloy_block to registry ResourceKey[minecraft:root / minecraft:item]
[27Jul2026 19:37:47.393] [main/DEBUG] [com.tterrag.registrate.AbstractRegistrate/REGISTRATE.REGISTER]: Registered create:industrial_iron_block to registry ResourceKey[minecraft:root / minecraft:item]
[27Jul2026 19:37:47.393] [main/DEBUG] [com.tterrag.registrate.AbstractRegistrate/REGISTRATE.REGISTER]: Registered create:weathered_iron_block to registry ResourceKey[minecraft:root / minecraft:item]
[27Jul2026 19:37:47.394] [main/DEBUG] [com.tterrag.registrate.AbstractRegistrate/REGISTRATE.REGISTER]: Registered create:brass_block to registry ResourceKey[minecraft:root / minecraft:item]
[27Jul2026 19:37:47.394] [main/DEBUG] [com.tterrag.registrate.AbstractRegistrate/REGISTRATE.REGISTER]: Registered create:cardboard_block to registry ResourceKey[minecraft:root / minecraft:item]
[27Jul2026 19:37:47.394] [main/DEBUG] [com.tterrag.registrate.AbstractRegistrate/REGISTRATE.REGISTER]: Registered create:bound_cardboard_block to registry ResourceKey[minecraft:root / minecraft:item]
[27Jul2026 19:37:47.394] [main/DEBUG] [com.tterrag.registrate.AbstractRegistrate/REGISTRATE.REGISTER]: Registered create:experience_block to registry ResourceKey[minecraft:root / minecraft:item]
[27Jul2026 19:37:47.394] [main/DEBUG] [com.tterrag.registrate.AbstractRegistrate/REGISTRATE.REGISTER]: Registered create:rose_quartz_block to registry ResourceKey[minecraft:root / minecraft:item]
[27Jul2026 19:37:47.394] [main/DEBUG] [com.tterrag.registrate.AbstractRegistrate/REGISTRATE.REGISTER]: Registered create:rose_quartz_tiles to registry ResourceKey[minecraft:root / minecraft:item]
[27Jul2026 19:37:47.394] [main/DEBUG] [com.tterrag.registrate.AbstractRegistrate/REGISTRATE.REGISTER]: Registered create:small_rose_quartz_tiles to registry ResourceKey[minecraft:root / minecraft:item]
[27Jul2026 19:37:47.394] [main/DEBUG] [com.tterrag.registrate.AbstractRegistrate/REGISTRATE.REGISTER]: Registered create:copper_shingles to registry ResourceKey[minecraft:root / minecraft:item]
[27Jul2026 19:37:47.394] [main/DEBUG] [com.tterrag.registrate.AbstractRegistrate/REGISTRATE.REGISTER]: Registered create:exposed_copper_shingles to registry ResourceKey[minecraft:root / minecraft:item]
[27Jul2026 19:37:47.395] [main/DEBUG] [com.tterrag.registrate.AbstractRegistrate/REGISTRATE.REGISTER]: Registered create:weathered_copper_shingles to registry ResourceKey[minecraft:root / minecraft:item]
[27Jul2026 19:37:47.395] [main/DEBUG] [com.tterrag.registrate.AbstractRegistrate/REGISTRATE.REGISTER]: Registered create:oxidized_copper_shingles to registry ResourceKey[minecraft:root / minecraft:item]
[27Jul2026 19:37:47.395] [main/DEBUG] [com.tterrag.registrate.AbstractRegistrate/REGISTRATE.REGISTER]: Registered create:copper_shingle_slab to registry ResourceKey[minecraft:root / minecraft:item]
[27Jul2026 19:37:47.395] [main/DEBUG] [com.tterrag.registrate.AbstractRegistrate/REGISTRATE.REGISTER]: Registered create:exposed_copper_shingle_slab to registry ResourceKey[minecraft:root / minecraft:item]
[27Jul2026 19:37:47.395] [main/DEBUG] [com.tterrag.registrate.AbstractRegistrate/REGISTRATE.REGISTER]: Registered create:weathered_copper_shingle_slab to registry ResourceKey[minecraft:root / minecraft:item]
[27Jul2026 19:37:47.395] [main/DEBUG] [com.tterrag.registrate.AbstractRegistrate/REGISTRATE.REGISTER]: Registered create:oxidized_copper_shingle_slab to registry ResourceKey[minecraft:root / minecraft:item]
[27Jul2026 19:37:47.395] [main/DEBUG] [com.tterrag.registrate.AbstractRegistrate/REGISTRATE.REGISTER]: Registered create:copper_shingle_stairs to registry ResourceKey[minecraft:root / minecraft:item]
[27Jul2026 19:37:47.395] [main/DEBUG] [com.tterrag.registrate.AbstractRegistrate/REGISTRATE.REGISTER]: Registered create:exposed_copper_shingle_stairs to registry ResourceKey[minecraft:root / minecraft:item]
[27Jul2026 19:37:47.395] [main/DEBUG] [com.tterrag.registrate.AbstractRegistrate/REGISTRATE.REGISTER]: Registered create:weathered_copper_shingle_stairs to registry ResourceKey[minecraft:root / minecraft:item]
[27Jul2026 19:37:47.396] [main/DEBUG] [com.tterrag.registrate.AbstractRegistrate/REGISTRATE.REGISTER]: Registered create:oxidized_copper_shingle_stairs to registry ResourceKey[minecraft:root / minecraft:item]
[27Jul2026 19:37:47.396] [main/DEBUG] [com.tterrag.registrate.AbstractRegistrate/REGISTRATE.REGISTER]: Registered create:waxed_copper_shingles to registry ResourceKey[minecraft:root / minecraft:item]
[27Jul2026 19:37:47.396] [main/DEBUG] [com.tterrag.registrate.AbstractRegistrate/REGISTRATE.REGISTER]: Registered create:waxed_exposed_copper_shingles to registry ResourceKey[minecraft:root / minecraft:item]
[27Jul2026 19:37:47.396] [main/DEBUG] [com.tterrag.registrate.AbstractRegistrate/REGISTRATE.REGISTER]: Registered create:waxed_weathered_copper_shingles to registry ResourceKey[minecraft:root / minecraft:item]
[27Jul2026 19:37:47.396] [main/DEBUG] [com.tterrag.registrate.AbstractRegistrate/REGISTRATE.REGISTER]: Registered create:waxed_oxidized_copper_shingles to registry ResourceKey[minecraft:root / minecraft:item]
[27Jul2026 19:37:47.396] [main/DEBUG] [com.tterrag.registrate.AbstractRegistrate/REGISTRATE.REGISTER]: Registered create:waxed_copper_shingle_slab to registry ResourceKey[minecraft:root / minecraft:item]
[27Jul2026 19:37:47.396] [main/DEBUG] [com.tterrag.registrate.AbstractRegistrate/REGISTRATE.REGISTER]: Registered create:waxed_exposed_copper_shingle_slab to registry ResourceKey[minecraft:root / minecraft:item]
[27Jul2026 19:37:47.396] [main/DEBUG] [com.tterrag.registrate.AbstractRegistrate/REGISTRATE.REGISTER]: Registered create:waxed_weathered_copper_shingle_slab to registry ResourceKey[minecraft:root / minecraft:item]
[27Jul2026 19:37:47.396] [main/DEBUG] [com.tterrag.registrate.AbstractRegistrate/REGISTRATE.REGISTER]: Registered create:waxed_oxidized_copper_shingle_slab to registry ResourceKey[minecraft:root / minecraft:item]
[27Jul2026 19:37:47.397] [main/DEBUG] [com.tterrag.registrate.AbstractRegistrate/REGISTRATE.REGISTER]: Registered create:waxed_copper_shingle_stairs to registry ResourceKey[minecraft:root / minecraft:item]
[27Jul2026 19:37:47.397] [main/DEBUG] [com.tterrag.registrate.AbstractRegistrate/REGISTRATE.REGISTER]: Registered create:waxed_exposed_copper_shingle_stairs to registry ResourceKey[minecraft:root / minecraft:item]
[27Jul2026 19:37:47.397] [main/DEBUG] [com.tterrag.registrate.AbstractRegistrate/REGISTRATE.REGISTER]: Registered create:waxed_weathered_copper_shingle_stairs to registry ResourceKey[minecraft:root / minecraft:item]
[27Jul2026 19:37:47.397] [main/DEBUG] [com.tterrag.registrate.AbstractRegistrate/REGISTRATE.REGISTER]: Registered create:waxed_oxidized_copper_shingle_stairs to registry ResourceKey[minecraft:root / minecraft:item]
[27Jul2026 19:37:47.397] [main/DEBUG] [com.tterrag.registrate.AbstractRegistrate/REGISTRATE.REGISTER]: Registered create:copper_tiles to registry ResourceKey[minecraft:root / minecraft:item]
[27Jul2026 19:37:47.397] [main/DEBUG] [com.tterrag.registrate.AbstractRegistrate/REGISTRATE.REGISTER]: Registered create:exposed_copper_tiles to registry ResourceKey[minecraft:root / minecraft:item]
[27Jul2026 19:37:47.397] [main/DEBUG] [com.tterrag.registrate.AbstractRegistrate/REGISTRATE.REGISTER]: Registered create:weathered_copper_tiles to registry ResourceKey[minecraft:root / minecraft:item]
[27Jul2026 19:37:47.397] [main/DEBUG] [com.tterrag.registrate.AbstractRegistrate/REGISTRATE.REGISTER]: Registered create:oxidized_copper_tiles to registry ResourceKey[minecraft:root / minecraft:item]
[27Jul2026 19:37:47.397] [main/DEBUG] [com.tterrag.registrate.AbstractRegistrate/REGISTRATE.REGISTER]: Registered create:copper_tile_slab to registry ResourceKey[minecraft:root / minecraft:item]
[27Jul2026 19:37:47.398] [main/DEBUG] [com.tterrag.registrate.AbstractRegistrate/REGISTRATE.REGISTER]: Registered create:exposed_copper_tile_slab to registry ResourceKey[minecraft:root / minecraft:item]
[27Jul2026 19:37:47.398] [main/DEBUG] [com.tterrag.registrate.AbstractRegistrate/REGISTRATE.REGISTER]: Registered create:weathered_copper_tile_slab to registry ResourceKey[minecraft:root / minecraft:item]
[27Jul2026 19:37:47.398] [main/DEBUG] [com.tterrag.registrate.AbstractRegistrate/REGISTRATE.REGISTER]: Registered create:oxidized_copper_tile_slab to registry ResourceKey[minecraft:root / minecraft:item]
[27Jul2026 19:37:47.398] [main/DEBUG] [com.tterrag.registrate.AbstractRegistrate/REGISTRATE.REGISTER]: Registered create:copper_tile_stairs to registry ResourceKey[minecraft:root / minecraft:item]
[27Jul2026 19:37:47.398] [main/DEBUG] [com.tterrag.registrate.AbstractRegistrate/REGISTRATE.REGISTER]: Registered create:exposed_copper_tile_stairs to registry ResourceKey[minecraft:root / minecraft:item]
[27Jul2026 19:37:47.398] [main/DEBUG] [com.tterrag.registrate.AbstractRegistrate/REGISTRATE.REGISTER]: Registered create:weathered_copper_tile_stairs to registry ResourceKey[minecraft:root / minecraft:item]
[27Jul2026 19:37:47.398] [main/DEBUG] [com.tterrag.registrate.AbstractRegistrate/REGISTRATE.REGISTER]: Registered create:oxidized_copper_tile_stairs to registry ResourceKey[minecraft:root / minecraft:item]
[27Jul2026 19:37:47.398] [main/DEBUG] [com.tterrag.registrate.AbstractRegistrate/REGISTRATE.REGISTER]: Registered create:waxed_copper_tiles to registry ResourceKey[minecraft:root / minecraft:item]
[27Jul2026 19:37:47.398] [main/DEBUG] [com.tterrag.registrate.AbstractRegistrate/REGISTRATE.REGISTER]: Registered create:waxed_exposed_copper_tiles to registry ResourceKey[minecraft:root / minecraft:item]
[27Jul2026 19:37:47.399] [main/DEBUG] [com.tterrag.registrate.AbstractRegistrate/REGISTRATE.REGISTER]: Registered create:waxed_weathered_copper_tiles to registry ResourceKey[minecraft:root / minecraft:item]
[27Jul2026 19:37:47.399] [main/DEBUG] [com.tterrag.registrate.AbstractRegistrate/REGISTRATE.REGISTER]: Registered create:waxed_oxidized_copper_tiles to registry ResourceKey[minecraft:root / minecraft:item]
[27Jul2026 19:37:47.399] [main/DEBUG] [com.tterrag.registrate.AbstractRegistrate/REGISTRATE.REGISTER]: Registered create:waxed_copper_tile_slab to registry ResourceKey[minecraft:root / minecraft:item]
[27Jul2026 19:37:47.399] [main/DEBUG] [com.tterrag.registrate.AbstractRegistrate/REGISTRATE.REGISTER]: Registered create:waxed_exposed_copper_tile_slab to registry ResourceKey[minecraft:root / minecraft:item]
[27Jul2026 19:37:47.399] [main/DEBUG] [com.tterrag.registrate.AbstractRegistrate/REGISTRATE.REGISTER]: Registered create:waxed_weathered_copper_tile_slab to registry ResourceKey[minecraft:root / minecraft:item]
[27Jul2026 19:37:47.399] [main/DEBUG] [com.tterrag.registrate.AbstractRegistrate/REGISTRATE.REGISTER]: Registered create:waxed_oxidized_copper_tile_slab to registry ResourceKey[minecraft:root / minecraft:item]
[27Jul2026 19:37:47.399] [main/DEBUG] [com.tterrag.registrate.AbstractRegistrate/REGISTRATE.REGISTER]: Registered create:waxed_copper_tile_stairs to registry ResourceKey[minecraft:root / minecraft:item]
[27Jul2026 19:37:47.399] [main/DEBUG] [com.tterrag.registrate.AbstractRegistrate/REGISTRATE.REGISTER]: Registered create:waxed_exposed_copper_tile_stairs to registry ResourceKey[minecraft:root / minecraft:item]
[27Jul2026 19:37:47.399] [main/DEBUG] [com.tterrag.registrate.AbstractRegistrate/REGISTRATE.REGISTER]: Registered create:waxed_weathered_copper_tile_stairs to registry ResourceKey[minecraft:root / minecraft:item]
[27Jul2026 19:37:47.399] [main/DEBUG] [com.tterrag.registrate.AbstractRegistrate/REGISTRATE.REGISTER]: Registered create:waxed_oxidized_copper_tile_stairs to registry ResourceKey[minecraft:root / minecraft:item]
[27Jul2026 19:37:47.400] [main/DEBUG] [com.tterrag.registrate.AbstractRegistrate/REGISTRATE.REGISTER]: Registered create:honey_bucket to registry ResourceKey[minecraft:root / minecraft:item]
[27Jul2026 19:37:47.400] [main/DEBUG] [com.tterrag.registrate.AbstractRegistrate/REGISTRATE.REGISTER]: Registered create:chocolate_bucket to registry ResourceKey[minecraft:root / minecraft:item]
[27Jul2026 19:37:47.400] [main/DEBUG] [com.tterrag.registrate.AbstractRegistrate/REGISTRATE.REGISTER]: Registered create:tiled_glass to registry ResourceKey[minecraft:root / minecraft:item]
[27Jul2026 19:37:47.400] [main/DEBUG] [com.tterrag.registrate.AbstractRegistrate/REGISTRATE.REGISTER]: Registered create:framed_glass to registry ResourceKey[minecraft:root / minecraft:item]
[27Jul2026 19:37:47.400] [main/DEBUG] [com.tterrag.registrate.AbstractRegistrate/REGISTRATE.REGISTER]: Registered create:horizontal_framed_glass to registry ResourceKey[minecraft:root / minecraft:item]
[27Jul2026 19:37:47.400] [main/DEBUG] [com.tterrag.registrate.AbstractRegistrate/REGISTRATE.REGISTER]: Registered create:vertical_framed_glass to registry ResourceKey[minecraft:root / minecraft:item]
[27Jul2026 19:37:47.401] [main/DEBUG] [com.tterrag.registrate.AbstractRegistrate/REGISTRATE.REGISTER]: Registered create:tiled_glass_pane to registry ResourceKey[minecraft:root / minecraft:item]
[27Jul2026 19:37:47.401] [main/DEBUG] [com.tterrag.registrate.AbstractRegistrate/REGISTRATE.REGISTER]: Registered create:framed_glass_pane to registry ResourceKey[minecraft:root / minecraft:item]
[27Jul2026 19:37:47.401] [main/DEBUG] [com.tterrag.registrate.AbstractRegistrate/REGISTRATE.REGISTER]: Registered create:horizontal_framed_glass_pane to registry ResourceKey[minecraft:root / minecraft:item]
[27Jul2026 19:37:47.401] [main/DEBUG] [com.tterrag.registrate.AbstractRegistrate/REGISTRATE.REGISTER]: Registered create:vertical_framed_glass_pane to registry ResourceKey[minecraft:root / minecraft:item]
[27Jul2026 19:37:47.401] [main/DEBUG] [com.tterrag.registrate.AbstractRegistrate/REGISTRATE.REGISTER]: Registered create:oak_window to registry ResourceKey[minecraft:root / minecraft:item]
[27Jul2026 19:37:47.401] [main/DEBUG] [com.tterrag.registrate.AbstractRegistrate/REGISTRATE.REGISTER]: Registered create:spruce_window to registry ResourceKey[minecraft:root / minecraft:item]
[27Jul2026 19:37:47.401] [main/DEBUG] [com.tterrag.registrate.AbstractRegistrate/REGISTRATE.REGISTER]: Registered create:birch_window to registry ResourceKey[minecraft:root / minecraft:item]
[27Jul2026 19:37:47.402] [main/DEBUG] [com.tterrag.registrate.AbstractRegistrate/REGISTRATE.REGISTER]: Registered create:jungle_window to registry ResourceKey[minecraft:root / minecraft:item]
[27Jul2026 19:37:47.402] [main/DEBUG] [com.tterrag.registrate.AbstractRegistrate/REGISTRATE.REGISTER]: Registered create:acacia_window to registry ResourceKey[minecraft:root / minecraft:item]
[27Jul2026 19:37:47.402] [main/DEBUG] [com.tterrag.registrate.AbstractRegistrate/REGISTRATE.REGISTER]: Registered create:dark_oak_window to registry ResourceKey[minecraft:root / minecraft:item]
[27Jul2026 19:37:47.402] [main/DEBUG] [com.tterrag.registrate.AbstractRegistrate/REGISTRATE.REGISTER]: Registered create:mangrove_window to registry ResourceKey[minecraft:root / minecraft:item]
[27Jul2026 19:37:47.403] [main/DEBUG] [com.tterrag.registrate.AbstractRegistrate/REGISTRATE.REGISTER]: Registered create:crimson_window to registry ResourceKey[minecraft:root / minecraft:item]
[27Jul2026 19:37:47.403] [main/DEBUG] [com.tterrag.registrate.AbstractRegistrate/REGISTRATE.REGISTER]: Registered create:warped_window to registry ResourceKey[minecraft:root / minecraft:item]
[27Jul2026 19:37:47.403] [main/DEBUG] [com.tterrag.registrate.AbstractRegistrate/REGISTRATE.REGISTER]: Registered create:cherry_window to registry ResourceKey[minecraft:root / minecraft:item]
[27Jul2026 19:37:47.403] [main/DEBUG] [com.tterrag.registrate.AbstractRegistrate/REGISTRATE.REGISTER]: Registered create:bamboo_window to registry ResourceKey[minecraft:root / minecraft:item]
[27Jul2026 19:37:47.403] [main/DEBUG] [com.tterrag.registrate.AbstractRegistrate/REGISTRATE.REGISTER]: Registered create:ornate_iron_window to registry ResourceKey[minecraft:root / minecraft:item]
[27Jul2026 19:37:47.403] [main/DEBUG] [com.tterrag.registrate.AbstractRegistrate/REGISTRATE.REGISTER]: Registered create:industrial_iron_window to registry ResourceKey[minecraft:root / minecraft:item]
[27Jul2026 19:37:47.403] [main/DEBUG] [com.tterrag.registrate.AbstractRegistrate/REGISTRATE.REGISTER]: Registered create:weathered_iron_window to registry ResourceKey[minecraft:root / minecraft:item]
[27Jul2026 19:37:47.404] [main/DEBUG] [com.tterrag.registrate.AbstractRegistrate/REGISTRATE.REGISTER]: Registered create:oak_window_pane to registry ResourceKey[minecraft:root / minecraft:item]
[27Jul2026 19:37:47.404] [main/DEBUG] [com.tterrag.registrate.AbstractRegistrate/REGISTRATE.REGISTER]: Registered create:spruce_window_pane to registry ResourceKey[minecraft:root / minecraft:item]
[27Jul2026 19:37:47.404] [main/DEBUG] [com.tterrag.registrate.AbstractRegistrate/REGISTRATE.REGISTER]: Registered create:birch_window_pane to registry ResourceKey[minecraft:root / minecraft:item]
[27Jul2026 19:37:47.404] [main/DEBUG] [com.tterrag.registrate.AbstractRegistrate/REGISTRATE.REGISTER]: Registered create:jungle_window_pane to registry ResourceKey[minecraft:root / minecraft:item]
[27Jul2026 19:37:47.404] [main/DEBUG] [com.tterrag.registrate.AbstractRegistrate/REGISTRATE.REGISTER]: Registered create:acacia_window_pane to registry ResourceKey[minecraft:root / minecraft:item]
[27Jul2026 19:37:47.404] [main/DEBUG] [com.tterrag.registrate.AbstractRegistrate/REGISTRATE.REGISTER]: Registered create:dark_oak_window_pane to registry ResourceKey[minecraft:root / minecraft:item]
[27Jul2026 19:37:47.404] [main/DEBUG] [com.tterrag.registrate.AbstractRegistrate/REGISTRATE.REGISTER]: Registered create:mangrove_window_pane to registry ResourceKey[minecraft:root / minecraft:item]
[27Jul2026 19:37:47.404] [main/DEBUG] [com.tterrag.registrate.AbstractRegistrate/REGISTRATE.REGISTER]: Registered create:crimson_window_pane to registry ResourceKey[minecraft:root / minecraft:item]
[27Jul2026 19:37:47.404] [main/DEBUG] [com.tterrag.registrate.AbstractRegistrate/REGISTRATE.REGISTER]: Registered create:warped_window_pane to registry ResourceKey[minecraft:root / minecraft:item]
[27Jul2026 19:37:47.405] [main/DEBUG] [com.tterrag.registrate.AbstractRegistrate/REGISTRATE.REGISTER]: Registered create:cherry_window_pane to registry ResourceKey[minecraft:root / minecraft:item]
[27Jul2026 19:37:47.405] [main/DEBUG] [com.tterrag.registrate.AbstractRegistrate/REGISTRATE.REGISTER]: Registered create:bamboo_window_pane to registry ResourceKey[minecraft:root / minecraft:item]
[27Jul2026 19:37:47.405] [main/DEBUG] [com.tterrag.registrate.AbstractRegistrate/REGISTRATE.REGISTER]: Registered create:ornate_iron_window_pane to registry ResourceKey[minecraft:root / minecraft:item]
[27Jul2026 19:37:47.405] [main/DEBUG] [com.tterrag.registrate.AbstractRegistrate/REGISTRATE.REGISTER]: Registered create:industrial_iron_window_pane to registry ResourceKey[minecraft:root / minecraft:item]
[27Jul2026 19:37:47.405] [main/DEBUG] [com.tterrag.registrate.AbstractRegistrate/REGISTRATE.REGISTER]: Registered create:weathered_iron_window_pane to registry ResourceKey[minecraft:root / minecraft:item]
[27Jul2026 19:37:47.405] [main/DEBUG] [com.tterrag.registrate.AbstractRegistrate/REGISTRATE.REGISTER]: Registered create:cut_granite to registry ResourceKey[minecraft:root / minecraft:item]
[27Jul2026 19:37:47.405] [main/DEBUG] [com.tterrag.registrate.AbstractRegistrate/REGISTRATE.REGISTER]: Registered create:cut_granite_stairs to registry ResourceKey[minecraft:root / minecraft:item]
[27Jul2026 19:37:47.405] [main/DEBUG] [com.tterrag.registrate.AbstractRegistrate/REGISTRATE.REGISTER]: Registered create:cut_granite_slab to registry ResourceKey[minecraft:root / minecraft:item]
[27Jul2026 19:37:47.405] [main/DEBUG] [com.tterrag.registrate.AbstractRegistrate/REGISTRATE.REGISTER]: Registered create:cut_granite_wall to registry ResourceKey[minecraft:root / minecraft:item]
[27Jul2026 19:37:47.405] [main/DEBUG] [com.tterrag.registrate.AbstractRegistrate/REGISTRATE.REGISTER]: Registered create:polished_cut_granite to registry ResourceKey[minecraft:root / minecraft:item]
[27Jul2026 19:37:47.405] [main/DEBUG] [com.tterrag.registrate.AbstractRegistrate/REGISTRATE.REGISTER]: Registered create:polished_cut_granite_stairs to registry ResourceKey[minecraft:root / minecraft:item]
[27Jul2026 19:37:47.405] [main/DEBUG] [com.tterrag.registrate.AbstractRegistrate/REGISTRATE.REGISTER]: Registered create:polished_cut_granite_slab to registry ResourceKey[minecraft:root / minecraft:item]
[27Jul2026 19:37:47.406] [main/DEBUG] [com.tterrag.registrate.AbstractRegistrate/REGISTRATE.REGISTER]: Registered create:polished_cut_granite_wall to registry ResourceKey[minecraft:root / minecraft:item]
[27Jul2026 19:37:47.406] [main/DEBUG] [com.tterrag.registrate.AbstractRegistrate/REGISTRATE.REGISTER]: Registered create:cut_granite_bricks to registry ResourceKey[minecraft:root / minecraft:item]
[27Jul2026 19:37:47.406] [main/DEBUG] [com.tterrag.registrate.AbstractRegistrate/REGISTRATE.REGISTER]: Registered create:cut_granite_brick_stairs to registry ResourceKey[minecraft:root / minecraft:item]
[27Jul2026 19:37:47.406] [main/DEBUG] [com.tterrag.registrate.AbstractRegistrate/REGISTRATE.REGISTER]: Registered create:cut_granite_brick_slab to registry ResourceKey[minecraft:root / minecraft:item]
[27Jul2026 19:37:47.406] [main/DEBUG] [com.tterrag.registrate.AbstractRegistrate/REGISTRATE.REGISTER]: Registered create:cut_granite_brick_wall to registry ResourceKey[minecraft:root / minecraft:item]
[27Jul2026 19:37:47.406] [main/DEBUG] [com.tterrag.registrate.AbstractRegistrate/REGISTRATE.REGISTER]: Registered create:small_granite_bricks to registry ResourceKey[minecraft:root / minecraft:item]
[27Jul2026 19:37:47.406] [main/DEBUG] [com.tterrag.registrate.AbstractRegistrate/REGISTRATE.REGISTER]: Registered create:small_granite_brick_stairs to registry ResourceKey[minecraft:root / minecraft:item]
[27Jul2026 19:37:47.406] [main/DEBUG] [com.tterrag.registrate.AbstractRegistrate/REGISTRATE.REGISTER]: Registered create:small_granite_brick_slab to registry ResourceKey[minecraft:root / minecraft:item]
[27Jul2026 19:37:47.406] [main/DEBUG] [com.tterrag.registrate.AbstractRegistrate/REGISTRATE.REGISTER]: Registered create:small_granite_brick_wall to registry ResourceKey[minecraft:root / minecraft:item]
[27Jul2026 19:37:47.407] [main/DEBUG] [com.tterrag.registrate.AbstractRegistrate/REGISTRATE.REGISTER]: Registered create:layered_granite to registry ResourceKey[minecraft:root / minecraft:item]
[27Jul2026 19:37:47.407] [main/DEBUG] [com.tterrag.registrate.AbstractRegistrate/REGISTRATE.REGISTER]: Registered create:granite_pillar to registry ResourceKey[minecraft:root / minecraft:item]
[27Jul2026 19:37:47.407] [main/DEBUG] [com.tterrag.registrate.AbstractRegistrate/REGISTRATE.REGISTER]: Registered create:cut_diorite to registry ResourceKey[minecraft:root / minecraft:item]
[27Jul2026 19:37:47.407] [main/DEBUG] [com.tterrag.registrate.AbstractRegistrate/REGISTRATE.REGISTER]: Registered create:cut_diorite_stairs to registry ResourceKey[minecraft:root / minecraft:item]
[27Jul2026 19:37:47.407] [main/DEBUG] [com.tterrag.registrate.AbstractRegistrate/REGISTRATE.REGISTER]: Registered create:cut_diorite_slab to registry ResourceKey[minecraft:root / minecraft:item]
[27Jul2026 19:37:47.407] [main/DEBUG] [com.tterrag.registrate.AbstractRegistrate/REGISTRATE.REGISTER]: Registered create:cut_diorite_wall to registry ResourceKey[minecraft:root / minecraft:item]
[27Jul2026 19:37:47.407] [main/DEBUG] [com.tterrag.registrate.AbstractRegistrate/REGISTRATE.REGISTER]: Registered create:polished_cut_diorite to registry ResourceKey[minecraft:root / minecraft:item]
[27Jul2026 19:37:47.408] [main/DEBUG] [com.tterrag.registrate.AbstractRegistrate/REGISTRATE.REGISTER]: Registered create:polished_cut_diorite_stairs to registry ResourceKey[minecraft:root / minecraft:item]
[27Jul2026 19:37:47.408] [main/DEBUG] [com.tterrag.registrate.AbstractRegistrate/REGISTRATE.REGISTER]: Registered create:polished_cut_diorite_slab to registry ResourceKey[minecraft:root / minecraft:item]
[27Jul2026 19:37:47.408] [main/DEBUG] [com.tterrag.registrate.AbstractRegistrate/REGISTRATE.REGISTER]: Registered create:polished_cut_diorite_wall to registry ResourceKey[minecraft:root / minecraft:item]
[27Jul2026 19:37:47.408] [main/DEBUG] [com.tterrag.registrate.AbstractRegistrate/REGISTRATE.REGISTER]: Registered create:cut_diorite_bricks to registry ResourceKey[minecraft:root / minecraft:item]
[27Jul2026 19:37:47.408] [main/DEBUG] [com.tterrag.registrate.AbstractRegistrate/REGISTRATE.REGISTER]: Registered create:cut_diorite_brick_stairs to registry ResourceKey[minecraft:root / minecraft:item]
[27Jul2026 19:37:47.408] [main/DEBUG] [com.tterrag.registrate.AbstractRegistrate/REGISTRATE.REGISTER]: Registered create:cut_diorite_brick_slab to registry ResourceKey[minecraft:root / minecraft:item]
[27Jul2026 19:37:47.408] [main/DEBUG] [com.tterrag.registrate.AbstractRegistrate/REGISTRATE.REGISTER]: Registered create:cut_diorite_brick_wall to registry ResourceKey[minecraft:root / minecraft:item]
[27Jul2026 19:37:47.408] [main/DEBUG] [com.tterrag.registrate.AbstractRegistrate/REGISTRATE.REGISTER]: Registered create:small_diorite_bricks to registry ResourceKey[minecraft:root / minecraft:item]
[27Jul2026 19:37:47.408] [main/DEBUG] [com.tterrag.registrate.AbstractRegistrate/REGISTRATE.REGISTER]: Registered create:small_diorite_brick_stairs to registry ResourceKey[minecraft:root / minecraft:item]
[27Jul2026 19:37:47.408] [main/DEBUG] [com.tterrag.registrate.AbstractRegistrate/REGISTRATE.REGISTER]: Registered create:small_diorite_brick_slab to registry ResourceKey[minecraft:root / minecraft:item]
[27Jul2026 19:37:47.408] [main/DEBUG] [com.tterrag.registrate.AbstractRegistrate/REGISTRATE.REGISTER]: Registered create:small_diorite_brick_wall to registry ResourceKey[minecraft:root / minecraft:item]
[27Jul2026 19:37:47.408] [main/DEBUG] [com.tterrag.registrate.AbstractRegistrate/REGISTRATE.REGISTER]: Registered create:layered_diorite to registry ResourceKey[minecraft:root / minecraft:item]
[27Jul2026 19:37:47.408] [main/DEBUG] [com.tterrag.registrate.AbstractRegistrate/REGISTRATE.REGISTER]: Registered create:diorite_pillar to registry ResourceKey[minecraft:root / minecraft:item]
[27Jul2026 19:37:47.408] [main/DEBUG] [com.tterrag.registrate.AbstractRegistrate/REGISTRATE.REGISTER]: Registered create:cut_andesite to registry ResourceKey[minecraft:root / minecraft:item]
[27Jul2026 19:37:47.409] [main/DEBUG] [com.tterrag.registrate.AbstractRegistrate/REGISTRATE.REGISTER]: Registered create:cut_andesite_stairs to registry ResourceKey[minecraft:root / minecraft:item]
[27Jul2026 19:37:47.409] [main/DEBUG] [com.tterrag.registrate.AbstractRegistrate/REGISTRATE.REGISTER]: Registered create:cut_andesite_slab to registry ResourceKey[minecraft:root / minecraft:item]
[27Jul2026 19:37:47.409] [main/DEBUG] [com.tterrag.registrate.AbstractRegistrate/REGISTRATE.REGISTER]: Registered create:cut_andesite_wall to registry ResourceKey[minecraft:root / minecraft:item]
[27Jul2026 19:37:47.409] [main/DEBUG] [com.tterrag.registrate.AbstractRegistrate/REGISTRATE.REGISTER]: Registered create:polished_cut_andesite to registry ResourceKey[minecraft:root / minecraft:item]
[27Jul2026 19:37:47.409] [main/DEBUG] [com.tterrag.registrate.AbstractRegistrate/REGISTRATE.REGISTER]: Registered create:polished_cut_andesite_stairs to registry ResourceKey[minecraft:root / minecraft:item]
[27Jul2026 19:37:47.409] [main/DEBUG] [com.tterrag.registrate.AbstractRegistrate/REGISTRATE.REGISTER]: Registered create:polished_cut_andesite_slab to registry ResourceKey[minecraft:root / minecraft:item]
[27Jul2026 19:37:47.409] [main/DEBUG] [com.tterrag.registrate.AbstractRegistrate/REGISTRATE.REGISTER]: Registered create:polished_cut_andesite_wall to registry ResourceKey[minecraft:root / minecraft:item]
[27Jul2026 19:37:47.409] [main/DEBUG] [com.tterrag.registrate.AbstractRegistrate/REGISTRATE.REGISTER]: Registered create:cut_andesite_bricks to registry ResourceKey[minecraft:root / minecraft:item]
[27Jul2026 19:37:47.409] [main/DEBUG] [com.tterrag.registrate.AbstractRegistrate/REGISTRATE.REGISTER]: Registered create:cut_andesite_brick_stairs to registry ResourceKey[minecraft:root / minecraft:item]
[27Jul2026 19:37:47.410] [main/DEBUG] [com.tterrag.registrate.AbstractRegistrate/REGISTRATE.REGISTER]: Registered create:cut_andesite_brick_slab to registry ResourceKey[minecraft:root / minecraft:item]
[27Jul2026 19:37:47.410] [main/DEBUG] [com.tterrag.registrate.AbstractRegistrate/REGISTRATE.REGISTER]: Registered create:cut_andesite_brick_wall to registry ResourceKey[minecraft:root / minecraft:item]
[27Jul2026 19:37:47.410] [main/DEBUG] [com.tterrag.registrate.AbstractRegistrate/REGISTRATE.REGISTER]: Registered create:small_andesite_bricks to registry ResourceKey[minecraft:root / minecraft:item]
[27Jul2026 19:37:47.410] [main/DEBUG] [com.tterrag.registrate.AbstractRegistrate/REGISTRATE.REGISTER]: Registered create:small_andesite_brick_stairs to registry ResourceKey[minecraft:root / minecraft:item]
[27Jul2026 19:37:47.410] [main/DEBUG] [com.tterrag.registrate.AbstractRegistrate/REGISTRATE.REGISTER]: Registered create:small_andesite_brick_slab to registry ResourceKey[minecraft:root / minecraft:item]
[27Jul2026 19:37:47.410] [main/DEBUG] [com.tterrag.registrate.AbstractRegistrate/REGISTRATE.REGISTER]: Registered create:small_andesite_brick_wall to registry ResourceKey[minecraft:root / minecraft:item]
[27Jul2026 19:37:47.410] [main/DEBUG] [com.tterrag.registrate.AbstractRegistrate/REGISTRATE.REGISTER]: Registered create:layered_andesite to registry ResourceKey[minecraft:root / minecraft:item]
[27Jul2026 19:37:47.410] [main/DEBUG] [com.tterrag.registrate.AbstractRegistrate/REGISTRATE.REGISTER]: Registered create:andesite_pillar to registry ResourceKey[minecraft:root / minecraft:item]
[27Jul2026 19:37:47.410] [main/DEBUG] [com.tterrag.registrate.AbstractRegistrate/REGISTRATE.REGISTER]: Registered create:cut_calcite to registry ResourceKey[minecraft:root / minecraft:item]
[27Jul2026 19:37:47.410] [main/DEBUG] [com.tterrag.registrate.AbstractRegistrate/REGISTRATE.REGISTER]: Registered create:cut_calcite_stairs to registry ResourceKey[minecraft:root / minecraft:item]
[27Jul2026 19:37:47.411] [main/DEBUG] [com.tterrag.registrate.AbstractRegistrate/REGISTRATE.REGISTER]: Registered create:cut_calcite_slab to registry ResourceKey[minecraft:root / minecraft:item]
[27Jul2026 19:37:47.411] [main/DEBUG] [com.tterrag.registrate.AbstractRegistrate/REGISTRATE.REGISTER]: Registered create:cut_calcite_wall to registry ResourceKey[minecraft:root / minecraft:item]
[27Jul2026 19:37:47.411] [main/DEBUG] [com.tterrag.registrate.AbstractRegistrate/REGISTRATE.REGISTER]: Registered create:polished_cut_calcite to registry ResourceKey[minecraft:root / minecraft:item]
[27Jul2026 19:37:47.411] [main/DEBUG] [com.tterrag.registrate.AbstractRegistrate/REGISTRATE.REGISTER]: Registered create:polished_cut_calcite_stairs to registry ResourceKey[minecraft:root / minecraft:item]
[27Jul2026 19:37:47.411] [main/DEBUG] [com.tterrag.registrate.AbstractRegistrate/REGISTRATE.REGISTER]: Registered create:polished_cut_calcite_slab to registry ResourceKey[minecraft:root / minecraft:item]
[27Jul2026 19:37:47.411] [main/DEBUG] [com.tterrag.registrate.AbstractRegistrate/REGISTRATE.REGISTER]: Registered create:polished_cut_calcite_wall to registry ResourceKey[minecraft:root / minecraft:item]
[27Jul2026 19:37:47.411] [main/DEBUG] [com.tterrag.registrate.AbstractRegistrate/REGISTRATE.REGISTER]: Registered create:cut_calcite_bricks to registry ResourceKey[minecraft:root / minecraft:item]
[27Jul2026 19:37:47.411] [main/DEBUG] [com.tterrag.registrate.AbstractRegistrate/REGISTRATE.REGISTER]: Registered create:cut_calcite_brick_stairs to registry ResourceKey[minecraft:root / minecraft:item]
[27Jul2026 19:37:47.411] [main/DEBUG] [com.tterrag.registrate.AbstractRegistrate/REGISTRATE.REGISTER]: Registered create:cut_calcite_brick_slab to registry ResourceKey[minecraft:root / minecraft:item]
[27Jul2026 19:37:47.411] [main/DEBUG] [com.tterrag.registrate.AbstractRegistrate/REGISTRATE.REGISTER]: Registered create:cut_calcite_brick_wall to registry ResourceKey[minecraft:root / minecraft:item]
[27Jul2026 19:37:47.412] [main/DEBUG] [com.tterrag.registrate.AbstractRegistrate/REGISTRATE.REGISTER]: Registered create:small_calcite_bricks to registry ResourceKey[minecraft:root / minecraft:item]
[27Jul2026 19:37:47.412] [main/DEBUG] [com.tterrag.registrate.AbstractRegistrate/REGISTRATE.REGISTER]: Registered create:small_calcite_brick_stairs to registry ResourceKey[minecraft:root / minecraft:item]
[27Jul2026 19:37:47.412] [main/DEBUG] [com.tterrag.registrate.AbstractRegistrate/REGISTRATE.REGISTER]: Registered create:small_calcite_brick_slab to registry ResourceKey[minecraft:root / minecraft:item]
[27Jul2026 19:37:47.412] [main/DEBUG] [com.tterrag.registrate.AbstractRegistrate/REGISTRATE.REGISTER]: Registered create:small_calcite_brick_wall to registry ResourceKey[minecraft:root / minecraft:item]
[27Jul2026 19:37:47.412] [main/DEBUG] [com.tterrag.registrate.AbstractRegistrate/REGISTRATE.REGISTER]: Registered create:layered_calcite to registry ResourceKey[minecraft:root / minecraft:item]
[27Jul2026 19:37:47.412] [main/DEBUG] [com.tterrag.registrate.AbstractRegistrate/REGISTRATE.REGISTER]: Registered create:calcite_pillar to registry ResourceKey[minecraft:root / minecraft:item]
[27Jul2026 19:37:47.412] [main/DEBUG] [com.tterrag.registrate.AbstractRegistrate/REGISTRATE.REGISTER]: Registered create:cut_dripstone to registry ResourceKey[minecraft:root / minecraft:item]
[27Jul2026 19:37:47.412] [main/DEBUG] [com.tterrag.registrate.AbstractRegistrate/REGISTRATE.REGISTER]: Registered create:cut_dripstone_stairs to registry ResourceKey[minecraft:root / minecraft:item]
[27Jul2026 19:37:47.412] [main/DEBUG] [com.tterrag.registrate.AbstractRegistrate/REGISTRATE.REGISTER]: Registered create:cut_dripstone_slab to registry ResourceKey[minecraft:root / minecraft:item]
[27Jul2026 19:37:47.413] [main/DEBUG] [com.tterrag.registrate.AbstractRegistrate/REGISTRATE.REGISTER]: Registered create:cut_dripstone_wall to registry ResourceKey[minecraft:root / minecraft:item]
[27Jul2026 19:37:47.413] [main/DEBUG] [com.tterrag.registrate.AbstractRegistrate/REGISTRATE.REGISTER]: Registered create:polished_cut_dripstone to registry ResourceKey[minecraft:root / minecraft:item]
[27Jul2026 19:37:47.413] [main/DEBUG] [com.tterrag.registrate.AbstractRegistrate/REGISTRATE.REGISTER]: Registered create:polished_cut_dripstone_stairs to registry ResourceKey[minecraft:root / minecraft:item]
[27Jul2026 19:37:47.413] [main/DEBUG] [com.tterrag.registrate.AbstractRegistrate/REGISTRATE.REGISTER]: Registered create:polished_cut_dripstone_slab to registry ResourceKey[minecraft:root / minecraft:item]
[27Jul2026 19:37:47.413] [main/DEBUG] [com.tterrag.registrate.AbstractRegistrate/REGISTRATE.REGISTER]: Registered create:polished_cut_dripstone_wall to registry ResourceKey[minecraft:root / minecraft:item]
[27Jul2026 19:37:47.413] [main/DEBUG] [com.tterrag.registrate.AbstractRegistrate/REGISTRATE.REGISTER]: Registered create:cut_dripstone_bricks to registry ResourceKey[minecraft:root / minecraft:item]
[27Jul2026 19:37:47.413] [main/DEBUG] [com.tterrag.registrate.AbstractRegistrate/REGISTRATE.REGISTER]: Registered create:cut_dripstone_brick_stairs to registry ResourceKey[minecraft:root / minecraft:item]
[27Jul2026 19:37:47.413] [main/DEBUG] [com.tterrag.registrate.AbstractRegistrate/REGISTRATE.REGISTER]: Registered create:cut_dripstone_brick_slab to registry ResourceKey[minecraft:root / minecraft:item]
[27Jul2026 19:37:47.413] [main/DEBUG] [com.tterrag.registrate.AbstractRegistrate/REGISTRATE.REGISTER]: Registered create:cut_dripstone_brick_wall to registry ResourceKey[minecraft:root / minecraft:item]
[27Jul2026 19:37:47.413] [main/DEBUG] [com.tterrag.registrate.AbstractRegistrate/REGISTRATE.REGISTER]: Registered create:small_dripstone_bricks to registry ResourceKey[minecraft:root / minecraft:item]
[27Jul2026 19:37:47.414] [main/DEBUG] [com.tterrag.registrate.AbstractRegistrate/REGISTRATE.REGISTER]: Registered create:small_dripstone_brick_stairs to registry ResourceKey[minecraft:root / minecraft:item]
[27Jul2026 19:37:47.414] [main/DEBUG] [com.tterrag.registrate.AbstractRegistrate/REGISTRATE.REGISTER]: Registered create:small_dripstone_brick_slab to registry ResourceKey[minecraft:root / minecraft:item]
[27Jul2026 19:37:47.414] [main/DEBUG] [com.tterrag.registrate.AbstractRegistrate/REGISTRATE.REGISTER]: Registered create:small_dripstone_brick_wall to registry ResourceKey[minecraft:root / minecraft:item]
[27Jul2026 19:37:47.414] [main/DEBUG] [com.tterrag.registrate.AbstractRegistrate/REGISTRATE.REGISTER]: Registered create:layered_dripstone to registry ResourceKey[minecraft:root / minecraft:item]
[27Jul2026 19:37:47.414] [main/DEBUG] [com.tterrag.registrate.AbstractRegistrate/REGISTRATE.REGISTER]: Registered create:dripstone_pillar to registry ResourceKey[minecraft:root / minecraft:item]
[27Jul2026 19:37:47.414] [main/DEBUG] [com.tterrag.registrate.AbstractRegistrate/REGISTRATE.REGISTER]: Registered create:cut_deepslate to registry ResourceKey[minecraft:root / minecraft:item]
[27Jul2026 19:37:47.414] [main/DEBUG] [com.tterrag.registrate.AbstractRegistrate/REGISTRATE.REGISTER]: Registered create:cut_deepslate_stairs to registry ResourceKey[minecraft:root / minecraft:item]
[27Jul2026 19:37:47.414] [main/DEBUG] [com.tterrag.registrate.AbstractRegistrate/REGISTRATE.REGISTER]: Registered create:cut_deepslate_slab to registry ResourceKey[minecraft:root / minecraft:item]
[27Jul2026 19:37:47.415] [main/DEBUG] [com.tterrag.registrate.AbstractRegistrate/REGISTRATE.REGISTER]: Registered create:cut_deepslate_wall to registry ResourceKey[minecraft:root / minecraft:item]
[27Jul2026 19:37:47.415] [main/DEBUG] [com.tterrag.registrate.AbstractRegistrate/REGISTRATE.REGISTER]: Registered create:polished_cut_deepslate to registry ResourceKey[minecraft:root / minecraft:item]
[27Jul2026 19:37:47.415] [main/DEBUG] [com.tterrag.registrate.AbstractRegistrate/REGISTRATE.REGISTER]: Registered create:polished_cut_deepslate_stairs to registry ResourceKey[minecraft:root / minecraft:item]
[27Jul2026 19:37:47.415] [main/DEBUG] [com.tterrag.registrate.AbstractRegistrate/REGISTRATE.REGISTER]: Registered create:polished_cut_deepslate_slab to registry ResourceKey[minecraft:root / minecraft:item]
[27Jul2026 19:37:47.415] [main/DEBUG] [com.tterrag.registrate.AbstractRegistrate/REGISTRATE.REGISTER]: Registered create:polished_cut_deepslate_wall to registry ResourceKey[minecraft:root / minecraft:item]
[27Jul2026 19:37:47.415] [main/DEBUG] [com.tterrag.registrate.AbstractRegistrate/REGISTRATE.REGISTER]: Registered create:cut_deepslate_bricks to registry ResourceKey[minecraft:root / minecraft:item]
[27Jul2026 19:37:47.415] [main/DEBUG] [com.tterrag.registrate.AbstractRegistrate/REGISTRATE.REGISTER]: Registered create:cut_deepslate_brick_stairs to registry ResourceKey[minecraft:root / minecraft:item]
[27Jul2026 19:37:47.415] [main/DEBUG] [com.tterrag.registrate.AbstractRegistrate/REGISTRATE.REGISTER]: Registered create:cut_deepslate_brick_slab to registry ResourceKey[minecraft:root / minecraft:item]
[27Jul2026 19:37:47.415] [main/DEBUG] [com.tterrag.registrate.AbstractRegistrate/REGISTRATE.REGISTER]: Registered create:cut_deepslate_brick_wall to registry ResourceKey[minecraft:root / minecraft:item]
[27Jul2026 19:37:47.416] [main/DEBUG] [com.tterrag.registrate.AbstractRegistrate/REGISTRATE.REGISTER]: Registered create:small_deepslate_bricks to registry ResourceKey[minecraft:root / minecraft:item]
[27Jul2026 19:37:47.416] [main/DEBUG] [com.tterrag.registrate.AbstractRegistrate/REGISTRATE.REGISTER]: Registered create:small_deepslate_brick_stairs to registry ResourceKey[minecraft:root / minecraft:item]
[27Jul2026 19:37:47.416] [main/DEBUG] [com.tterrag.registrate.AbstractRegistrate/REGISTRATE.REGISTER]: Registered create:small_deepslate_brick_slab to registry ResourceKey[minecraft:root / minecraft:item]
[27Jul2026 19:37:47.416] [main/DEBUG] [com.tterrag.registrate.AbstractRegistrate/REGISTRATE.REGISTER]: Registered create:small_deepslate_brick_wall to registry ResourceKey[minecraft:root / minecraft:item]
[27Jul2026 19:37:47.416] [main/DEBUG] [com.tterrag.registrate.AbstractRegistrate/REGISTRATE.REGISTER]: Registered create:layered_deepslate to registry ResourceKey[minecraft:root / minecraft:item]
[27Jul2026 19:37:47.416] [main/DEBUG] [com.tterrag.registrate.AbstractRegistrate/REGISTRATE.REGISTER]: Registered create:deepslate_pillar to registry ResourceKey[minecraft:root / minecraft:item]
[27Jul2026 19:37:47.416] [main/DEBUG] [com.tterrag.registrate.AbstractRegistrate/REGISTRATE.REGISTER]: Registered create:cut_tuff to registry ResourceKey[minecraft:root / minecraft:item]
[27Jul2026 19:37:47.416] [main/DEBUG] [com.tterrag.registrate.AbstractRegistrate/REGISTRATE.REGISTER]: Registered create:cut_tuff_stairs to registry ResourceKey[minecraft:root / minecraft:item]
[27Jul2026 19:37:47.416] [main/DEBUG] [com.tterrag.registrate.AbstractRegistrate/REGISTRATE.REGISTER]: Registered create:cut_tuff_slab to registry ResourceKey[minecraft:root / minecraft:item]
[27Jul2026 19:37:47.417] [main/DEBUG] [com.tterrag.registrate.AbstractRegistrate/REGISTRATE.REGISTER]: Registered create:cut_tuff_wall to registry ResourceKey[minecraft:root / minecraft:item]
[27Jul2026 19:37:47.417] [main/DEBUG] [com.tterrag.registrate.AbstractRegistrate/REGISTRATE.REGISTER]: Registered create:polished_cut_tuff to registry ResourceKey[minecraft:root / minecraft:item]
[27Jul2026 19:37:47.417] [main/DEBUG] [com.tterrag.registrate.AbstractRegistrate/REGISTRATE.REGISTER]: Registered create:polished_cut_tuff_stairs to registry ResourceKey[minecraft:root / minecraft:item]
[27Jul2026 19:37:47.417] [main/DEBUG] [com.tterrag.registrate.AbstractRegistrate/REGISTRATE.REGISTER]: Registered create:polished_cut_tuff_slab to registry ResourceKey[minecraft:root / minecraft:item]
[27Jul2026 19:37:47.417] [main/DEBUG] [com.tterrag.registrate.AbstractRegistrate/REGISTRATE.REGISTER]: Registered create:polished_cut_tuff_wall to registry ResourceKey[minecraft:root / minecraft:item]
[27Jul2026 19:37:47.417] [main/DEBUG] [com.tterrag.registrate.AbstractRegistrate/REGISTRATE.REGISTER]: Registered create:cut_tuff_bricks to registry ResourceKey[minecraft:root / minecraft:item]
[27Jul2026 19:37:47.417] [main/DEBUG] [com.tterrag.registrate.AbstractRegistrate/REGISTRATE.REGISTER]: Registered create:cut_tuff_brick_stairs to registry ResourceKey[minecraft:root / minecraft:item]
[27Jul2026 19:37:47.417] [main/DEBUG] [com.tterrag.registrate.AbstractRegistrate/REGISTRATE.REGISTER]: Registered create:cut_tuff_brick_slab to registry ResourceKey[minecraft:root / minecraft:item]
[27Jul2026 19:37:47.417] [main/DEBUG] [com.tterrag.registrate.AbstractRegistrate/REGISTRATE.REGISTER]: Registered create:cut_tuff_brick_wall to registry ResourceKey[minecraft:root / minecraft:item]
[27Jul2026 19:37:47.418] [main/DEBUG] [com.tterrag.registrate.AbstractRegistrate/REGISTRATE.REGISTER]: Registered create:small_tuff_bricks to registry ResourceKey[minecraft:root / minecraft:item]
[27Jul2026 19:37:47.418] [main/DEBUG] [com.tterrag.registrate.AbstractRegistrate/REGISTRATE.REGISTER]: Registered create:small_tuff_brick_stairs to registry ResourceKey[minecraft:root / minecraft:item]
[27Jul2026 19:37:47.418] [main/DEBUG] [com.tterrag.registrate.AbstractRegistrate/REGISTRATE.REGISTER]: Registered create:small_tuff_brick_slab to registry ResourceKey[minecraft:root / minecraft:item]
[27Jul2026 19:37:47.418] [main/DEBUG] [com.tterrag.registrate.AbstractRegistrate/REGISTRATE.REGISTER]: Registered create:small_tuff_brick_wall to registry ResourceKey[minecraft:root / minecraft:item]
[27Jul2026 19:37:47.418] [main/DEBUG] [com.tterrag.registrate.AbstractRegistrate/REGISTRATE.REGISTER]: Registered create:layered_tuff to registry ResourceKey[minecraft:root / minecraft:item]
[27Jul2026 19:37:47.418] [main/DEBUG] [com.tterrag.registrate.AbstractRegistrate/REGISTRATE.REGISTER]: Registered create:tuff_pillar to registry ResourceKey[minecraft:root / minecraft:item]
[27Jul2026 19:37:47.418] [main/DEBUG] [com.tterrag.registrate.AbstractRegistrate/REGISTRATE.REGISTER]: Registered create:asurine to registry ResourceKey[minecraft:root / minecraft:item]
[27Jul2026 19:37:47.418] [main/DEBUG] [com.tterrag.registrate.AbstractRegistrate/REGISTRATE.REGISTER]: Registered create:cut_asurine to registry ResourceKey[minecraft:root / minecraft:item]
[27Jul2026 19:37:47.418] [main/DEBUG] [com.tterrag.registrate.AbstractRegistrate/REGISTRATE.REGISTER]: Registered create:cut_asurine_stairs to registry ResourceKey[minecraft:root / minecraft:item]
[27Jul2026 19:37:47.419] [main/DEBUG] [com.tterrag.registrate.AbstractRegistrate/REGISTRATE.REGISTER]: Registered create:cut_asurine_slab to registry ResourceKey[minecraft:root / minecraft:item]
[27Jul2026 19:37:47.419] [main/DEBUG] [com.tterrag.registrate.AbstractRegistrate/REGISTRATE.REGISTER]: Registered create:cut_asurine_wall to registry ResourceKey[minecraft:root / minecraft:item]
[27Jul2026 19:37:47.419] [main/DEBUG] [com.tterrag.registrate.AbstractRegistrate/REGISTRATE.REGISTER]: Registered create:polished_cut_asurine to registry ResourceKey[minecraft:root / minecraft:item]
[27Jul2026 19:37:47.419] [main/DEBUG] [com.tterrag.registrate.AbstractRegistrate/REGISTRATE.REGISTER]: Registered create:polished_cut_asurine_stairs to registry ResourceKey[minecraft:root / minecraft:item]
[27Jul2026 19:37:47.419] [main/DEBUG] [com.tterrag.registrate.AbstractRegistrate/REGISTRATE.REGISTER]: Registered create:polished_cut_asurine_slab to registry ResourceKey[minecraft:root / minecraft:item]
[27Jul2026 19:37:47.419] [main/DEBUG] [com.tterrag.registrate.AbstractRegistrate/REGISTRATE.REGISTER]: Registered create:polished_cut_asurine_wall to registry ResourceKey[minecraft:root / minecraft:item]
[27Jul2026 19:37:47.419] [main/DEBUG] [com.tterrag.registrate.AbstractRegistrate/REGISTRATE.REGISTER]: Registered create:cut_asurine_bricks to registry ResourceKey[minecraft:root / minecraft:item]
[27Jul2026 19:37:47.419] [main/DEBUG] [com.tterrag.registrate.AbstractRegistrate/REGISTRATE.REGISTER]: Registered create:cut_asurine_brick_stairs to registry ResourceKey[minecraft:root / minecraft:item]
[27Jul2026 19:37:47.419] [main/DEBUG] [com.tterrag.registrate.AbstractRegistrate/REGISTRATE.REGISTER]: Registered create:cut_asurine_brick_slab to registry ResourceKey[minecraft:root / minecraft:item]
[27Jul2026 19:37:47.420] [main/DEBUG] [com.tterrag.registrate.AbstractRegistrate/REGISTRATE.REGISTER]: Registered create:cut_asurine_brick_wall to registry ResourceKey[minecraft:root / minecraft:item]
[27Jul2026 19:37:47.420] [main/DEBUG] [com.tterrag.registrate.AbstractRegistrate/REGISTRATE.REGISTER]: Registered create:small_asurine_bricks to registry ResourceKey[minecraft:root / minecraft:item]
[27Jul2026 19:37:47.420] [main/DEBUG] [com.tterrag.registrate.AbstractRegistrate/REGISTRATE.REGISTER]: Registered create:small_asurine_brick_stairs to registry ResourceKey[minecraft:root / minecraft:item]
[27Jul2026 19:37:47.420] [main/DEBUG] [com.tterrag.registrate.AbstractRegistrate/REGISTRATE.REGISTER]: Registered create:small_asurine_brick_slab to registry ResourceKey[minecraft:root / minecraft:item]
[27Jul2026 19:37:47.420] [main/DEBUG] [com.tterrag.registrate.AbstractRegistrate/REGISTRATE.REGISTER]: Registered create:small_asurine_brick_wall to registry ResourceKey[minecraft:root / minecraft:item]
[27Jul2026 19:37:47.420] [main/DEBUG] [com.tterrag.registrate.AbstractRegistrate/REGISTRATE.REGISTER]: Registered create:layered_asurine to registry ResourceKey[minecraft:root / minecraft:item]
[27Jul2026 19:37:47.420] [main/DEBUG] [com.tterrag.registrate.AbstractRegistrate/REGISTRATE.REGISTER]: Registered create:asurine_pillar to registry ResourceKey[minecraft:root / minecraft:item]
[27Jul2026 19:37:47.420] [main/DEBUG] [com.tterrag.registrate.AbstractRegistrate/REGISTRATE.REGISTER]: Registered create:crimsite to registry ResourceKey[minecraft:root / minecraft:item]
[27Jul2026 19:37:47.420] [main/DEBUG] [com.tterrag.registrate.AbstractRegistrate/REGISTRATE.REGISTER]: Registered create:cut_crimsite to registry ResourceKey[minecraft:root / minecraft:item]
[27Jul2026 19:37:47.421] [main/DEBUG] [com.tterrag.registrate.AbstractRegistrate/REGISTRATE.REGISTER]: Registered create:cut_crimsite_stairs to registry ResourceKey[minecraft:root / minecraft:item]
[27Jul2026 19:37:47.421] [main/DEBUG] [com.tterrag.registrate.AbstractRegistrate/REGISTRATE.REGISTER]: Registered create:cut_crimsite_slab to registry ResourceKey[minecraft:root / minecraft:item]
[27Jul2026 19:37:47.421] [main/DEBUG] [com.tterrag.registrate.AbstractRegistrate/REGISTRATE.REGISTER]: Registered create:cut_crimsite_wall to registry ResourceKey[minecraft:root / minecraft:item]
[27Jul2026 19:37:47.421] [main/DEBUG] [com.tterrag.registrate.AbstractRegistrate/REGISTRATE.REGISTER]: Registered create:polished_cut_crimsite to registry ResourceKey[minecraft:root / minecraft:item]
[27Jul2026 19:37:47.421] [main/DEBUG] [com.tterrag.registrate.AbstractRegistrate/REGISTRATE.REGISTER]: Registered create:polished_cut_crimsite_stairs to registry ResourceKey[minecraft:root / minecraft:item]
[27Jul2026 19:37:47.421] [main/DEBUG] [com.tterrag.registrate.AbstractRegistrate/REGISTRATE.REGISTER]: Registered create:polished_cut_crimsite_slab to registry ResourceKey[minecraft:root / minecraft:item]
[27Jul2026 19:37:47.421] [main/DEBUG] [com.tterrag.registrate.AbstractRegistrate/REGISTRATE.REGISTER]: Registered create:polished_cut_crimsite_wall to registry ResourceKey[minecraft:root / minecraft:item]
[27Jul2026 19:37:47.421] [main/DEBUG] [com.tterrag.registrate.AbstractRegistrate/REGISTRATE.REGISTER]: Registered create:cut_crimsite_bricks to registry ResourceKey[minecraft:root / minecraft:item]
[27Jul2026 19:37:47.421] [main/DEBUG] [com.tterrag.registrate.AbstractRegistrate/REGISTRATE.REGISTER]: Registered create:cut_crimsite_brick_stairs to registry ResourceKey[minecraft:root / minecraft:item]
[27Jul2026 19:37:47.421] [main/DEBUG] [com.tterrag.registrate.AbstractRegistrate/REGISTRATE.REGISTER]: Registered create:cut_crimsite_brick_slab to registry ResourceKey[minecraft:root / minecraft:item]
[27Jul2026 19:37:47.422] [main/DEBUG] [com.tterrag.registrate.AbstractRegistrate/REGISTRATE.REGISTER]: Registered create:cut_crimsite_brick_wall to registry ResourceKey[minecraft:root / minecraft:item]
[27Jul2026 19:37:47.422] [main/DEBUG] [com.tterrag.registrate.AbstractRegistrate/REGISTRATE.REGISTER]: Registered create:small_crimsite_bricks to registry ResourceKey[minecraft:root / minecraft:item]
[27Jul2026 19:37:47.422] [main/DEBUG] [com.tterrag.registrate.AbstractRegistrate/REGISTRATE.REGISTER]: Registered create:small_crimsite_brick_stairs to registry ResourceKey[minecraft:root / minecraft:item]
[27Jul2026 19:37:47.422] [main/DEBUG] [com.tterrag.registrate.AbstractRegistrate/REGISTRATE.REGISTER]: Registered create:small_crimsite_brick_slab to registry ResourceKey[minecraft:root / minecraft:item]
[27Jul2026 19:37:47.422] [main/DEBUG] [com.tterrag.registrate.AbstractRegistrate/REGISTRATE.REGISTER]: Registered create:small_crimsite_brick_wall to registry ResourceKey[minecraft:root / minecraft:item]
[27Jul2026 19:37:47.422] [main/DEBUG] [com.tterrag.registrate.AbstractRegistrate/REGISTRATE.REGISTER]: Registered create:layered_crimsite to registry ResourceKey[minecraft:root / minecraft:item]
[27Jul2026 19:37:47.422] [main/DEBUG] [com.tterrag.registrate.AbstractRegistrate/REGISTRATE.REGISTER]: Registered create:crimsite_pillar to registry ResourceKey[minecraft:root / minecraft:item]
[27Jul2026 19:37:47.422] [main/DEBUG] [com.tterrag.registrate.AbstractRegistrate/REGISTRATE.REGISTER]: Registered create:limestone to registry ResourceKey[minecraft:root / minecraft:item]
[27Jul2026 19:37:47.422] [main/DEBUG] [com.tterrag.registrate.AbstractRegistrate/REGISTRATE.REGISTER]: Registered create:cut_limestone to registry ResourceKey[minecraft:root / minecraft:item]
[27Jul2026 19:37:47.422] [main/DEBUG] [com.tterrag.registrate.AbstractRegistrate/REGISTRATE.REGISTER]: Registered create:cut_limestone_stairs to registry ResourceKey[minecraft:root / minecraft:item]
[27Jul2026 19:37:47.422] [main/DEBUG] [com.tterrag.registrate.AbstractRegistrate/REGISTRATE.REGISTER]: Registered create:cut_limestone_slab to registry ResourceKey[minecraft:root / minecraft:item]
[27Jul2026 19:37:47.423] [main/DEBUG] [com.tterrag.registrate.AbstractRegistrate/REGISTRATE.REGISTER]: Registered create:cut_limestone_wall to registry ResourceKey[minecraft:root / minecraft:item]
[27Jul2026 19:37:47.423] [main/DEBUG] [com.tterrag.registrate.AbstractRegistrate/REGISTRATE.REGISTER]: Registered create:polished_cut_limestone to registry ResourceKey[minecraft:root / minecraft:item]
[27Jul2026 19:37:47.423] [main/DEBUG] [com.tterrag.registrate.AbstractRegistrate/REGISTRATE.REGISTER]: Registered create:polished_cut_limestone_stairs to registry ResourceKey[minecraft:root / minecraft:item]
[27Jul2026 19:37:47.423] [main/DEBUG] [com.tterrag.registrate.AbstractRegistrate/REGISTRATE.REGISTER]: Registered create:polished_cut_limestone_slab to registry ResourceKey[minecraft:root / minecraft:item]
[27Jul2026 19:37:47.423] [main/DEBUG] [com.tterrag.registrate.AbstractRegistrate/REGISTRATE.REGISTER]: Registered create:polished_cut_limestone_wall to registry ResourceKey[minecraft:root / minecraft:item]
[27Jul2026 19:37:47.423] [main/DEBUG] [com.tterrag.registrate.AbstractRegistrate/REGISTRATE.REGISTER]: Registered create:cut_limestone_bricks to registry ResourceKey[minecraft:root / minecraft:item]
[27Jul2026 19:37:47.423] [main/DEBUG] [com.tterrag.registrate.AbstractRegistrate/REGISTRATE.REGISTER]: Registered create:cut_limestone_brick_stairs to registry ResourceKey[minecraft:root / minecraft:item]
[27Jul2026 19:37:47.423] [main/DEBUG] [com.tterrag.registrate.AbstractRegistrate/REGISTRATE.REGISTER]: Registered create:cut_limestone_brick_slab to registry ResourceKey[minecraft:root / minecraft:item]
[27Jul2026 19:37:47.423] [main/DEBUG] [com.tterrag.registrate.AbstractRegistrate/REGISTRATE.REGISTER]: Registered create:cut_limestone_brick_wall to registry ResourceKey[minecraft:root / minecraft:item]
[27Jul2026 19:37:47.423] [main/DEBUG] [com.tterrag.registrate.AbstractRegistrate/REGISTRATE.REGISTER]: Registered create:small_limestone_bricks to registry ResourceKey[minecraft:root / minecraft:item]
[27Jul2026 19:37:47.423] [main/DEBUG] [com.tterrag.registrate.AbstractRegistrate/REGISTRATE.REGISTER]: Registered create:small_limestone_brick_stairs to registry ResourceKey[minecraft:root / minecraft:item]
[27Jul2026 19:37:47.424] [main/DEBUG] [com.tterrag.registrate.AbstractRegistrate/REGISTRATE.REGISTER]: Registered create:small_limestone_brick_slab to registry ResourceKey[minecraft:root / minecraft:item]
[27Jul2026 19:37:47.424] [main/DEBUG] [com.tterrag.registrate.AbstractRegistrate/REGISTRATE.REGISTER]: Registered create:small_limestone_brick_wall to registry ResourceKey[minecraft:root / minecraft:item]
[27Jul2026 19:37:47.424] [main/DEBUG] [com.tterrag.registrate.AbstractRegistrate/REGISTRATE.REGISTER]: Registered create:layered_limestone to registry ResourceKey[minecraft:root / minecraft:item]
[27Jul2026 19:37:47.424] [main/DEBUG] [com.tterrag.registrate.AbstractRegistrate/REGISTRATE.REGISTER]: Registered create:limestone_pillar to registry ResourceKey[minecraft:root / minecraft:item]
[27Jul2026 19:37:47.424] [main/DEBUG] [com.tterrag.registrate.AbstractRegistrate/REGISTRATE.REGISTER]: Registered create:ochrum to registry ResourceKey[minecraft:root / minecraft:item]
[27Jul2026 19:37:47.424] [main/DEBUG] [com.tterrag.registrate.AbstractRegistrate/REGISTRATE.REGISTER]: Registered create:cut_ochrum to registry ResourceKey[minecraft:root / minecraft:item]
[27Jul2026 19:37:47.424] [main/DEBUG] [com.tterrag.registrate.AbstractRegistrate/REGISTRATE.REGISTER]: Registered create:cut_ochrum_stairs to registry ResourceKey[minecraft:root / minecraft:item]
[27Jul2026 19:37:47.424] [main/DEBUG] [com.tterrag.registrate.AbstractRegistrate/REGISTRATE.REGISTER]: Registered create:cut_ochrum_slab to registry ResourceKey[minecraft:root / minecraft:item]
[27Jul2026 19:37:47.424] [main/DEBUG] [com.tterrag.registrate.AbstractRegistrate/REGISTRATE.REGISTER]: Registered create:cut_ochrum_wall to registry ResourceKey[minecraft:root / minecraft:item]
[27Jul2026 19:37:47.424] [main/DEBUG] [com.tterrag.registrate.AbstractRegistrate/REGISTRATE.REGISTER]: Registered create:polished_cut_ochrum to registry ResourceKey[minecraft:root / minecraft:item]
[27Jul2026 19:37:47.424] [main/DEBUG] [com.tterrag.registrate.AbstractRegistrate/REGISTRATE.REGISTER]: Registered create:polished_cut_ochrum_stairs to registry ResourceKey[minecraft:root / minecraft:item]
[27Jul2026 19:37:47.425] [main/DEBUG] [com.tterrag.registrate.AbstractRegistrate/REGISTRATE.REGISTER]: Registered create:polished_cut_ochrum_slab to registry ResourceKey[minecraft:root / minecraft:item]
[27Jul2026 19:37:47.425] [main/DEBUG] [com.tterrag.registrate.AbstractRegistrate/REGISTRATE.REGISTER]: Registered create:polished_cut_ochrum_wall to registry ResourceKey[minecraft:root / minecraft:item]
[27Jul2026 19:37:47.425] [main/DEBUG] [com.tterrag.registrate.AbstractRegistrate/REGISTRATE.REGISTER]: Registered create:cut_ochrum_bricks to registry ResourceKey[minecraft:root / minecraft:item]
[27Jul2026 19:37:47.425] [main/DEBUG] [com.tterrag.registrate.AbstractRegistrate/REGISTRATE.REGISTER]: Registered create:cut_ochrum_brick_stairs to registry ResourceKey[minecraft:root / minecraft:item]
[27Jul2026 19:37:47.425] [main/DEBUG] [com.tterrag.registrate.AbstractRegistrate/REGISTRATE.REGISTER]: Registered create:cut_ochrum_brick_slab to registry ResourceKey[minecraft:root / minecraft:item]
[27Jul2026 19:37:47.425] [main/DEBUG] [com.tterrag.registrate.AbstractRegistrate/REGISTRATE.REGISTER]: Registered create:cut_ochrum_brick_wall to registry ResourceKey[minecraft:root / minecraft:item]
[27Jul2026 19:37:47.425] [main/DEBUG] [com.tterrag.registrate.AbstractRegistrate/REGISTRATE.REGISTER]: Registered create:small_ochrum_bricks to registry ResourceKey[minecraft:root / minecraft:item]
[27Jul2026 19:37:47.425] [main/DEBUG] [com.tterrag.registrate.AbstractRegistrate/REGISTRATE.REGISTER]: Registered create:small_ochrum_brick_stairs to registry ResourceKey[minecraft:root / minecraft:item]
[27Jul2026 19:37:47.425] [main/DEBUG] [com.tterrag.registrate.AbstractRegistrate/REGISTRATE.REGISTER]: Registered create:small_ochrum_brick_slab to registry ResourceKey[minecraft:root / minecraft:item]
[27Jul2026 19:37:47.425] [main/DEBUG] [com.tterrag.registrate.AbstractRegistrate/REGISTRATE.REGISTER]: Registered create:small_ochrum_brick_wall to registry ResourceKey[minecraft:root / minecraft:item]
[27Jul2026 19:37:47.425] [main/DEBUG] [com.tterrag.registrate.AbstractRegistrate/REGISTRATE.REGISTER]: Registered create:layered_ochrum to registry ResourceKey[minecraft:root / minecraft:item]
[27Jul2026 19:37:47.425] [main/DEBUG] [com.tterrag.registrate.AbstractRegistrate/REGISTRATE.REGISTER]: Registered create:ochrum_pillar to registry ResourceKey[minecraft:root / minecraft:item]
[27Jul2026 19:37:47.426] [main/DEBUG] [com.tterrag.registrate.AbstractRegistrate/REGISTRATE.REGISTER]: Registered create:scoria to registry ResourceKey[minecraft:root / minecraft:item]
[27Jul2026 19:37:47.426] [main/DEBUG] [com.tterrag.registrate.AbstractRegistrate/REGISTRATE.REGISTER]: Registered create:cut_scoria to registry ResourceKey[minecraft:root / minecraft:item]
[27Jul2026 19:37:47.426] [main/DEBUG] [com.tterrag.registrate.AbstractRegistrate/REGISTRATE.REGISTER]: Registered create:cut_scoria_stairs to registry ResourceKey[minecraft:root / minecraft:item]
[27Jul2026 19:37:47.426] [main/DEBUG] [com.tterrag.registrate.AbstractRegistrate/REGISTRATE.REGISTER]: Registered create:cut_scoria_slab to registry ResourceKey[minecraft:root / minecraft:item]
[27Jul2026 19:37:47.426] [main/DEBUG] [com.tterrag.registrate.AbstractRegistrate/REGISTRATE.REGISTER]: Registered create:cut_scoria_wall to registry ResourceKey[minecraft:root / minecraft:item]
[27Jul2026 19:37:47.426] [main/DEBUG] [com.tterrag.registrate.AbstractRegistrate/REGISTRATE.REGISTER]: Registered create:polished_cut_scoria to registry ResourceKey[minecraft:root / minecraft:item]
[27Jul2026 19:37:47.426] [main/DEBUG] [com.tterrag.registrate.AbstractRegistrate/REGISTRATE.REGISTER]: Registered create:polished_cut_scoria_stairs to registry ResourceKey[minecraft:root / minecraft:item]
[27Jul2026 19:37:47.426] [main/DEBUG] [com.tterrag.registrate.AbstractRegistrate/REGISTRATE.REGISTER]: Registered create:polished_cut_scoria_slab to registry ResourceKey[minecraft:root / minecraft:item]
[27Jul2026 19:37:47.426] [main/DEBUG] [com.tterrag.registrate.AbstractRegistrate/REGISTRATE.REGISTER]: Registered create:polished_cut_scoria_wall to registry ResourceKey[minecraft:root / minecraft:item]
[27Jul2026 19:37:47.426] [main/DEBUG] [com.tterrag.registrate.AbstractRegistrate/REGISTRATE.REGISTER]: Registered create:cut_scoria_bricks to registry ResourceKey[minecraft:root / minecraft:item]
[27Jul2026 19:37:47.426] [main/DEBUG] [com.tterrag.registrate.AbstractRegistrate/REGISTRATE.REGISTER]: Registered create:cut_scoria_brick_stairs to registry ResourceKey[minecraft:root / minecraft:item]
[27Jul2026 19:37:47.426] [main/DEBUG] [com.tterrag.registrate.AbstractRegistrate/REGISTRATE.REGISTER]: Registered create:cut_scoria_brick_slab to registry ResourceKey[minecraft:root / minecraft:item]
[27Jul2026 19:37:47.427] [main/DEBUG] [com.tterrag.registrate.AbstractRegistrate/REGISTRATE.REGISTER]: Registered create:cut_scoria_brick_wall to registry ResourceKey[minecraft:root / minecraft:item]
[27Jul2026 19:37:47.427] [main/DEBUG] [com.tterrag.registrate.AbstractRegistrate/REGISTRATE.REGISTER]: Registered create:small_scoria_bricks to registry ResourceKey[minecraft:root / minecraft:item]
[27Jul2026 19:37:47.427] [main/DEBUG] [com.tterrag.registrate.AbstractRegistrate/REGISTRATE.REGISTER]: Registered create:small_scoria_brick_stairs to registry ResourceKey[minecraft:root / minecraft:item]
[27Jul2026 19:37:47.427] [main/DEBUG] [com.tterrag.registrate.AbstractRegistrate/REGISTRATE.REGISTER]: Registered create:small_scoria_brick_slab to registry ResourceKey[minecraft:root / minecraft:item]
[27Jul2026 19:37:47.427] [main/DEBUG] [com.tterrag.registrate.AbstractRegistrate/REGISTRATE.REGISTER]: Registered create:small_scoria_brick_wall to registry ResourceKey[minecraft:root / minecraft:item]
[27Jul2026 19:37:47.427] [main/DEBUG] [com.tterrag.registrate.AbstractRegistrate/REGISTRATE.REGISTER]: Registered create:layered_scoria to registry ResourceKey[minecraft:root / minecraft:item]
[27Jul2026 19:37:47.427] [main/DEBUG] [com.tterrag.registrate.AbstractRegistrate/REGISTRATE.REGISTER]: Registered create:scoria_pillar to registry ResourceKey[minecraft:root / minecraft:item]
[27Jul2026 19:37:47.427] [main/DEBUG] [com.tterrag.registrate.AbstractRegistrate/REGISTRATE.REGISTER]: Registered create:scorchia to registry ResourceKey[minecraft:root / minecraft:item]
[27Jul2026 19:37:47.427] [main/DEBUG] [com.tterrag.registrate.AbstractRegistrate/REGISTRATE.REGISTER]: Registered create:cut_scorchia to registry ResourceKey[minecraft:root / minecraft:item]
[27Jul2026 19:37:47.427] [main/DEBUG] [com.tterrag.registrate.AbstractRegistrate/REGISTRATE.REGISTER]: Registered create:cut_scorchia_stairs to registry ResourceKey[minecraft:root / minecraft:item]
[27Jul2026 19:37:47.427] [main/DEBUG] [com.tterrag.registrate.AbstractRegistrate/REGISTRATE.REGISTER]: Registered create:cut_scorchia_slab to registry ResourceKey[minecraft:root / minecraft:item]
[27Jul2026 19:37:47.427] [main/DEBUG] [com.tterrag.registrate.AbstractRegistrate/REGISTRATE.REGISTER]: Registered create:cut_scorchia_wall to registry ResourceKey[minecraft:root / minecraft:item]
[27Jul2026 19:37:47.428] [main/DEBUG] [com.tterrag.registrate.AbstractRegistrate/REGISTRATE.REGISTER]: Registered create:polished_cut_scorchia to registry ResourceKey[minecraft:root / minecraft:item]
[27Jul2026 19:37:47.428] [main/DEBUG] [com.tterrag.registrate.AbstractRegistrate/REGISTRATE.REGISTER]: Registered create:polished_cut_scorchia_stairs to registry ResourceKey[minecraft:root / minecraft:item]
[27Jul2026 19:37:47.428] [main/DEBUG] [com.tterrag.registrate.AbstractRegistrate/REGISTRATE.REGISTER]: Registered create:polished_cut_scorchia_slab to registry ResourceKey[minecraft:root / minecraft:item]
[27Jul2026 19:37:47.428] [main/DEBUG] [com.tterrag.registrate.AbstractRegistrate/REGISTRATE.REGISTER]: Registered create:polished_cut_scorchia_wall to registry ResourceKey[minecraft:root / minecraft:item]
[27Jul2026 19:37:47.428] [main/DEBUG] [com.tterrag.registrate.AbstractRegistrate/REGISTRATE.REGISTER]: Registered create:cut_scorchia_bricks to registry ResourceKey[minecraft:root / minecraft:item]
[27Jul2026 19:37:47.428] [main/DEBUG] [com.tterrag.registrate.AbstractRegistrate/REGISTRATE.REGISTER]: Registered create:cut_scorchia_brick_stairs to registry ResourceKey[minecraft:root / minecraft:item]
[27Jul2026 19:37:47.428] [main/DEBUG] [com.tterrag.registrate.AbstractRegistrate/REGISTRATE.REGISTER]: Registered create:cut_scorchia_brick_slab to registry ResourceKey[minecraft:root / minecraft:item]
[27Jul2026 19:37:47.428] [main/DEBUG] [com.tterrag.registrate.AbstractRegistrate/REGISTRATE.REGISTER]: Registered create:cut_scorchia_brick_wall to registry ResourceKey[minecraft:root / minecraft:item]
[27Jul2026 19:37:47.428] [main/DEBUG] [com.tterrag.registrate.AbstractRegistrate/REGISTRATE.REGISTER]: Registered create:small_scorchia_bricks to registry ResourceKey[minecraft:root / minecraft:item]
[27Jul2026 19:37:47.428] [main/DEBUG] [com.tterrag.registrate.AbstractRegistrate/REGISTRATE.REGISTER]: Registered create:small_scorchia_brick_stairs to registry ResourceKey[minecraft:root / minecraft:item]
[27Jul2026 19:37:47.428] [main/DEBUG] [com.tterrag.registrate.AbstractRegistrate/REGISTRATE.REGISTER]: Registered create:small_scorchia_brick_slab to registry ResourceKey[minecraft:root / minecraft:item]
[27Jul2026 19:37:47.428] [main/DEBUG] [com.tterrag.registrate.AbstractRegistrate/REGISTRATE.REGISTER]: Registered create:small_scorchia_brick_wall to registry ResourceKey[minecraft:root / minecraft:item]
[27Jul2026 19:37:47.429] [main/DEBUG] [com.tterrag.registrate.AbstractRegistrate/REGISTRATE.REGISTER]: Registered create:layered_scorchia to registry ResourceKey[minecraft:root / minecraft:item]
[27Jul2026 19:37:47.429] [main/DEBUG] [com.tterrag.registrate.AbstractRegistrate/REGISTRATE.REGISTER]: Registered create:scorchia_pillar to registry ResourceKey[minecraft:root / minecraft:item]
[27Jul2026 19:37:47.429] [main/DEBUG] [com.tterrag.registrate.AbstractRegistrate/REGISTRATE.REGISTER]: Registered create:veridium to registry ResourceKey[minecraft:root / minecraft:item]
[27Jul2026 19:37:47.429] [main/DEBUG] [com.tterrag.registrate.AbstractRegistrate/REGISTRATE.REGISTER]: Registered create:cut_veridium to registry ResourceKey[minecraft:root / minecraft:item]
[27Jul2026 19:37:47.429] [main/DEBUG] [com.tterrag.registrate.AbstractRegistrate/REGISTRATE.REGISTER]: Registered create:cut_veridium_stairs to registry ResourceKey[minecraft:root / minecraft:item]
[27Jul2026 19:37:47.429] [main/DEBUG] [com.tterrag.registrate.AbstractRegistrate/REGISTRATE.REGISTER]: Registered create:cut_veridium_slab to registry ResourceKey[minecraft:root / minecraft:item]
[27Jul2026 19:37:47.429] [main/DEBUG] [com.tterrag.registrate.AbstractRegistrate/REGISTRATE.REGISTER]: Registered create:cut_veridium_wall to registry ResourceKey[minecraft:root / minecraft:item]
[27Jul2026 19:37:47.429] [main/DEBUG] [com.tterrag.registrate.AbstractRegistrate/REGISTRATE.REGISTER]: Registered create:polished_cut_veridium to registry ResourceKey[minecraft:root / minecraft:item]
[27Jul2026 19:37:47.429] [main/DEBUG] [com.tterrag.registrate.AbstractRegistrate/REGISTRATE.REGISTER]: Registered create:polished_cut_veridium_stairs to registry ResourceKey[minecraft:root / minecraft:item]
[27Jul2026 19:37:47.430] [main/DEBUG] [com.tterrag.registrate.AbstractRegistrate/REGISTRATE.REGISTER]: Registered create:polished_cut_veridium_slab to registry ResourceKey[minecraft:root / minecraft:item]
[27Jul2026 19:37:47.430] [main/DEBUG] [com.tterrag.registrate.AbstractRegistrate/REGISTRATE.REGISTER]: Registered create:polished_cut_veridium_wall to registry ResourceKey[minecraft:root / minecraft:item]
[27Jul2026 19:37:47.430] [main/DEBUG] [com.tterrag.registrate.AbstractRegistrate/REGISTRATE.REGISTER]: Registered create:cut_veridium_bricks to registry ResourceKey[minecraft:root / minecraft:item]
[27Jul2026 19:37:47.430] [main/DEBUG] [com.tterrag.registrate.AbstractRegistrate/REGISTRATE.REGISTER]: Registered create:cut_veridium_brick_stairs to registry ResourceKey[minecraft:root / minecraft:item]
[27Jul2026 19:37:47.430] [main/DEBUG] [com.tterrag.registrate.AbstractRegistrate/REGISTRATE.REGISTER]: Registered create:cut_veridium_brick_slab to registry ResourceKey[minecraft:root / minecraft:item]
[27Jul2026 19:37:47.430] [main/DEBUG] [com.tterrag.registrate.AbstractRegistrate/REGISTRATE.REGISTER]: Registered create:cut_veridium_brick_wall to registry ResourceKey[minecraft:root / minecraft:item]
[27Jul2026 19:37:47.430] [main/DEBUG] [com.tterrag.registrate.AbstractRegistrate/REGISTRATE.REGISTER]: Registered create:small_veridium_bricks to registry ResourceKey[minecraft:root / minecraft:item]
[27Jul2026 19:37:47.430] [main/DEBUG] [com.tterrag.registrate.AbstractRegistrate/REGISTRATE.REGISTER]: Registered create:small_veridium_brick_stairs to registry ResourceKey[minecraft:root / minecraft:item]
[27Jul2026 19:37:47.430] [main/DEBUG] [com.tterrag.registrate.AbstractRegistrate/REGISTRATE.REGISTER]: Registered create:small_veridium_brick_slab to registry ResourceKey[minecraft:root / minecraft:item]
[27Jul2026 19:37:47.430] [main/DEBUG] [com.tterrag.registrate.AbstractRegistrate/REGISTRATE.REGISTER]: Registered create:small_veridium_brick_wall to registry ResourceKey[minecraft:root / minecraft:item]
[27Jul2026 19:37:47.430] [main/DEBUG] [com.tterrag.registrate.AbstractRegistrate/REGISTRATE.REGISTER]: Registered create:layered_veridium to registry ResourceKey[minecraft:root / minecraft:item]
[27Jul2026 19:37:47.430] [main/DEBUG] [com.tterrag.registrate.AbstractRegistrate/REGISTRATE.REGISTER]: Registered create:veridium_pillar to registry ResourceKey[minecraft:root / minecraft:item]
[27Jul2026 19:37:47.431] [main/DEBUG] [net.minecraftforge.registries.GameData/REGISTRIES]: Applying holder lookups: minecraft:item
[27Jul2026 19:37:47.434] [main/DEBUG] [net.minecraftforge.registries.GameData/REGISTRIES]: Holder lookups applied: minecraft:item
[27Jul2026 19:37:47.434] [main/DEBUG] [com.tterrag.registrate.AbstractRegistrate/REGISTRATE.REGISTER]: Registering 9 known objects of type minecraft:entity_type
[27Jul2026 19:37:47.435] [main/DEBUG] [com.tterrag.registrate.AbstractRegistrate/REGISTRATE.REGISTER]: Registered create:contraption to registry ResourceKey[minecraft:root / minecraft:entity_type]
[27Jul2026 19:37:47.435] [main/DEBUG] [com.tterrag.registrate.AbstractRegistrate/REGISTRATE.REGISTER]: Registered create:stationary_contraption to registry ResourceKey[minecraft:root / minecraft:entity_type]
[27Jul2026 19:37:47.436] [main/DEBUG] [com.tterrag.registrate.AbstractRegistrate/REGISTRATE.REGISTER]: Registered create:gantry_contraption to registry ResourceKey[minecraft:root / minecraft:entity_type]
[27Jul2026 19:37:47.436] [main/DEBUG] [com.tterrag.registrate.AbstractRegistrate/REGISTRATE.REGISTER]: Registered create:carriage_contraption to registry ResourceKey[minecraft:root / minecraft:entity_type]
[27Jul2026 19:37:47.436] [main/DEBUG] [com.tterrag.registrate.AbstractRegistrate/REGISTRATE.REGISTER]: Registered create:super_glue to registry ResourceKey[minecraft:root / minecraft:entity_type]
[27Jul2026 19:37:47.437] [main/DEBUG] [com.tterrag.registrate.AbstractRegistrate/REGISTRATE.REGISTER]: Registered create:crafting_blueprint to registry ResourceKey[minecraft:root / minecraft:entity_type]
[27Jul2026 19:37:47.437] [main/DEBUG] [com.tterrag.registrate.AbstractRegistrate/REGISTRATE.REGISTER]: Registered create:potato_projectile to registry ResourceKey[minecraft:root / minecraft:entity_type]
[27Jul2026 19:37:47.437] [main/DEBUG] [com.tterrag.registrate.AbstractRegistrate/REGISTRATE.REGISTER]: Registered create:seat to registry ResourceKey[minecraft:root / minecraft:entity_type]
[27Jul2026 19:37:47.438] [main/DEBUG] [com.tterrag.registrate.AbstractRegistrate/REGISTRATE.REGISTER]: Registered create:package to registry ResourceKey[minecraft:root / minecraft:entity_type]
[27Jul2026 19:37:47.451] [main/INFO] [Moonlight/]: Initialized block sets in 12ms
[27Jul2026 19:37:47.452] [main/INFO] [Every Compat/]: Registering Compat WoodType Blocks
[27Jul2026 19:37:47.461] [main/DEBUG] [net.minecraftforge.fml.config.ConfigTracker/CONFIG]: Config file everycomp-entries.toml for everycomp tracking
[27Jul2026 19:37:47.463] [main/DEBUG] [net.minecraftforge.registries.GameData/REGISTRIES]: Applying holder lookups: minecraft:entity_type
[27Jul2026 19:37:47.464] [main/DEBUG] [net.minecraftforge.registries.GameData/REGISTRIES]: Holder lookups applied: minecraft:entity_type
[27Jul2026 19:37:47.464] [main/DEBUG] [net.minecraftforge.registries.GameData/REGISTRIES]: Applying holder lookups: minecraft:sensor_type
[27Jul2026 19:37:47.465] [main/DEBUG] [net.minecraftforge.registries.GameData/REGISTRIES]: Holder lookups applied: minecraft:sensor_type
[27Jul2026 19:37:47.465] [main/DEBUG] [net.minecraftforge.registries.GameData/REGISTRIES]: Applying holder lookups: minecraft:memory_module_type
[27Jul2026 19:37:47.466] [main/DEBUG] [net.minecraftforge.registries.GameData/REGISTRIES]: Holder lookups applied: minecraft:memory_module_type
[27Jul2026 19:37:47.466] [main/DEBUG] [net.minecraftforge.registries.GameData/REGISTRIES]: Applying holder lookups: minecraft:potion
[27Jul2026 19:37:47.467] [main/DEBUG] [net.minecraftforge.registries.GameData/REGISTRIES]: Holder lookups applied: minecraft:potion
[27Jul2026 19:37:47.468] [main/DEBUG] [net.minecraftforge.registries.GameData/REGISTRIES]: Applying holder lookups: minecraft:game_event
[27Jul2026 19:37:47.469] [main/DEBUG] [net.minecraftforge.registries.GameData/REGISTRIES]: Holder lookups applied: minecraft:game_event
[27Jul2026 19:37:47.469] [main/DEBUG] [com.tterrag.registrate.AbstractRegistrate/REGISTRATE.REGISTER]: Registering 2 known objects of type minecraft:enchantment
[27Jul2026 19:37:47.470] [main/DEBUG] [com.tterrag.registrate.AbstractRegistrate/REGISTRATE.REGISTER]: Registered create:potato_recovery to registry ResourceKey[minecraft:root / minecraft:enchantment]
[27Jul2026 19:37:47.470] [main/DEBUG] [com.tterrag.registrate.AbstractRegistrate/REGISTRATE.REGISTER]: Registered create:capacity to registry ResourceKey[minecraft:root / minecraft:enchantment]
[27Jul2026 19:37:47.470] [main/DEBUG] [net.minecraftforge.registries.GameData/REGISTRIES]: Applying holder lookups: minecraft:enchantment
[27Jul2026 19:37:47.471] [main/DEBUG] [net.minecraftforge.registries.GameData/REGISTRIES]: Holder lookups applied: minecraft:enchantment
[27Jul2026 19:37:47.473] [main/DEBUG] [com.tterrag.registrate.AbstractRegistrate/REGISTRATE.REGISTER]: Registering 114 known objects of type minecraft:block_entity_type
[27Jul2026 19:37:47.474] [main/DEBUG] [com.tterrag.registrate.AbstractRegistrate/REGISTRATE.REGISTER]: Registered create:schematicannon to registry ResourceKey[minecraft:root / minecraft:block_entity_type]
[27Jul2026 19:37:47.475] [main/DEBUG] [com.tterrag.registrate.AbstractRegistrate/REGISTRATE.REGISTER]: Registered create:schematic_table to registry ResourceKey[minecraft:root / minecraft:block_entity_type]
[27Jul2026 19:37:47.475] [main/DEBUG] [com.tterrag.registrate.AbstractRegistrate/REGISTRATE.REGISTER]: Registered create:simple_kinetic to registry ResourceKey[minecraft:root / minecraft:block_entity_type]
[27Jul2026 19:37:47.475] [main/DEBUG] [com.tterrag.registrate.AbstractRegistrate/REGISTRATE.REGISTER]: Registered create:motor to registry ResourceKey[minecraft:root / minecraft:block_entity_type]
[27Jul2026 19:37:47.475] [main/DEBUG] [com.tterrag.registrate.AbstractRegistrate/REGISTRATE.REGISTER]: Registered create:gearbox to registry ResourceKey[minecraft:root / minecraft:block_entity_type]
[27Jul2026 19:37:47.475] [main/DEBUG] [com.tterrag.registrate.AbstractRegistrate/REGISTRATE.REGISTER]: Registered create:encased_shaft to registry ResourceKey[minecraft:root / minecraft:block_entity_type]
[27Jul2026 19:37:47.475] [main/DEBUG] [com.tterrag.registrate.AbstractRegistrate/REGISTRATE.REGISTER]: Registered create:encased_cogwheel to registry ResourceKey[minecraft:root / minecraft:block_entity_type]
[27Jul2026 19:37:47.475] [main/DEBUG] [com.tterrag.registrate.AbstractRegistrate/REGISTRATE.REGISTER]: Registered create:encased_large_cogwheel to registry ResourceKey[minecraft:root / minecraft:block_entity_type]
[27Jul2026 19:37:47.475] [main/DEBUG] [com.tterrag.registrate.AbstractRegistrate/REGISTRATE.REGISTER]: Registered create:adjustable_chain_gearshift to registry ResourceKey[minecraft:root / minecraft:block_entity_type]
[27Jul2026 19:37:47.475] [main/DEBUG] [com.tterrag.registrate.AbstractRegistrate/REGISTRATE.REGISTER]: Registered create:encased_fan to registry ResourceKey[minecraft:root / minecraft:block_entity_type]
[27Jul2026 19:37:47.475] [main/DEBUG] [com.tterrag.registrate.AbstractRegistrate/REGISTRATE.REGISTER]: Registered create:nozzle to registry ResourceKey[minecraft:root / minecraft:block_entity_type]
[27Jul2026 19:37:47.475] [main/DEBUG] [com.tterrag.registrate.AbstractRegistrate/REGISTRATE.REGISTER]: Registered create:clutch to registry ResourceKey[minecraft:root / minecraft:block_entity_type]
[27Jul2026 19:37:47.475] [main/DEBUG] [com.tterrag.registrate.AbstractRegistrate/REGISTRATE.REGISTER]: Registered create:gearshift to registry ResourceKey[minecraft:root / minecraft:block_entity_type]
[27Jul2026 19:37:47.476] [main/DEBUG] [com.tterrag.registrate.AbstractRegistrate/REGISTRATE.REGISTER]: Registered create:turntable to registry ResourceKey[minecraft:root / minecraft:block_entity_type]
[27Jul2026 19:37:47.476] [main/DEBUG] [com.tterrag.registrate.AbstractRegistrate/REGISTRATE.REGISTER]: Registered create:hand_crank to registry ResourceKey[minecraft:root / minecraft:block_entity_type]
[27Jul2026 19:37:47.476] [main/DEBUG] [com.tterrag.registrate.AbstractRegistrate/REGISTRATE.REGISTER]: Registered create:valve_handle to registry ResourceKey[minecraft:root / minecraft:block_entity_type]
[27Jul2026 19:37:47.476] [main/DEBUG] [com.tterrag.registrate.AbstractRegistrate/REGISTRATE.REGISTER]: Registered create:cuckoo_clock to registry ResourceKey[minecraft:root / minecraft:block_entity_type]
[27Jul2026 19:37:47.476] [main/DEBUG] [com.tterrag.registrate.AbstractRegistrate/REGISTRATE.REGISTER]: Registered create:gantry_shaft to registry ResourceKey[minecraft:root / minecraft:block_entity_type]
[27Jul2026 19:37:47.476] [main/DEBUG] [com.tterrag.registrate.AbstractRegistrate/REGISTRATE.REGISTER]: Registered create:gantry_pinion to registry ResourceKey[minecraft:root / minecraft:block_entity_type]
[27Jul2026 19:37:47.476] [main/DEBUG] [com.tterrag.registrate.AbstractRegistrate/REGISTRATE.REGISTER]: Registered create:chain_conveyor to registry ResourceKey[minecraft:root / minecraft:block_entity_type]
[27Jul2026 19:37:47.476] [main/DEBUG] [com.tterrag.registrate.AbstractRegistrate/REGISTRATE.REGISTER]: Registered create:mechanical_pump to registry ResourceKey[minecraft:root / minecraft:block_entity_type]
[27Jul2026 19:37:47.476] [main/DEBUG] [com.tterrag.registrate.AbstractRegistrate/REGISTRATE.REGISTER]: Registered create:smart_fluid_pipe to registry ResourceKey[minecraft:root / minecraft:block_entity_type]
[27Jul2026 19:37:47.476] [main/DEBUG] [com.tterrag.registrate.AbstractRegistrate/REGISTRATE.REGISTER]: Registered create:fluid_pipe to registry ResourceKey[minecraft:root / minecraft:block_entity_type]
[27Jul2026 19:37:47.476] [main/DEBUG] [com.tterrag.registrate.AbstractRegistrate/REGISTRATE.REGISTER]: Registered create:encased_fluid_pipe to registry ResourceKey[minecraft:root / minecraft:block_entity_type]
[27Jul2026 19:37:47.476] [main/DEBUG] [com.tterrag.registrate.AbstractRegistrate/REGISTRATE.REGISTER]: Registered create:glass_fluid_pipe to registry ResourceKey[minecraft:root / minecraft:block_entity_type]
[27Jul2026 19:37:47.477] [main/DEBUG] [com.tterrag.registrate.AbstractRegistrate/REGISTRATE.REGISTER]: Registered create:fluid_valve to registry ResourceKey[minecraft:root / minecraft:block_entity_type]
[27Jul2026 19:37:47.477] [main/DEBUG] [com.tterrag.registrate.AbstractRegistrate/REGISTRATE.REGISTER]: Registered create:fluid_tank to registry ResourceKey[minecraft:root / minecraft:block_entity_type]
[27Jul2026 19:37:47.477] [main/DEBUG] [com.tterrag.registrate.AbstractRegistrate/REGISTRATE.REGISTER]: Registered create:creative_fluid_tank to registry ResourceKey[minecraft:root / minecraft:block_entity_type]
[27Jul2026 19:37:47.477] [main/DEBUG] [com.tterrag.registrate.AbstractRegistrate/REGISTRATE.REGISTER]: Registered create:hose_pulley to registry ResourceKey[minecraft:root / minecraft:block_entity_type]
[27Jul2026 19:37:47.477] [main/DEBUG] [com.tterrag.registrate.AbstractRegistrate/REGISTRATE.REGISTER]: Registered create:spout to registry ResourceKey[minecraft:root / minecraft:block_entity_type]
[27Jul2026 19:37:47.477] [main/DEBUG] [com.tterrag.registrate.AbstractRegistrate/REGISTRATE.REGISTER]: Registered create:item_drain to registry ResourceKey[minecraft:root / minecraft:block_entity_type]
[27Jul2026 19:37:47.477] [main/DEBUG] [com.tterrag.registrate.AbstractRegistrate/REGISTRATE.REGISTER]: Registered create:belt to registry ResourceKey[minecraft:root / minecraft:block_entity_type]
[27Jul2026 19:37:47.477] [main/DEBUG] [com.tterrag.registrate.AbstractRegistrate/REGISTRATE.REGISTER]: Registered create:chute to registry ResourceKey[minecraft:root / minecraft:block_entity_type]
[27Jul2026 19:37:47.477] [main/DEBUG] [com.tterrag.registrate.AbstractRegistrate/REGISTRATE.REGISTER]: Registered create:smart_chute to registry ResourceKey[minecraft:root / minecraft:block_entity_type]
[27Jul2026 19:37:47.477] [main/DEBUG] [com.tterrag.registrate.AbstractRegistrate/REGISTRATE.REGISTER]: Registered create:andesite_tunnel to registry ResourceKey[minecraft:root / minecraft:block_entity_type]
[27Jul2026 19:37:47.477] [main/DEBUG] [com.tterrag.registrate.AbstractRegistrate/REGISTRATE.REGISTER]: Registered create:brass_tunnel to registry ResourceKey[minecraft:root / minecraft:block_entity_type]
[27Jul2026 19:37:47.477] [main/DEBUG] [com.tterrag.registrate.AbstractRegistrate/REGISTRATE.REGISTER]: Registered create:mechanical_arm to registry ResourceKey[minecraft:root / minecraft:block_entity_type]
[27Jul2026 19:37:47.478] [main/DEBUG] [com.tterrag.registrate.AbstractRegistrate/REGISTRATE.REGISTER]: Registered create:item_vault to registry ResourceKey[minecraft:root / minecraft:block_entity_type]
[27Jul2026 19:37:47.478] [main/DEBUG] [com.tterrag.registrate.AbstractRegistrate/REGISTRATE.REGISTER]: Registered create:item_hatch to registry ResourceKey[minecraft:root / minecraft:block_entity_type]
[27Jul2026 19:37:47.478] [main/DEBUG] [com.tterrag.registrate.AbstractRegistrate/REGISTRATE.REGISTER]: Registered create:packager to registry ResourceKey[minecraft:root / minecraft:block_entity_type]
[27Jul2026 19:37:47.478] [main/DEBUG] [com.tterrag.registrate.AbstractRegistrate/REGISTRATE.REGISTER]: Registered create:repackager to registry ResourceKey[minecraft:root / minecraft:block_entity_type]
[27Jul2026 19:37:47.478] [main/DEBUG] [com.tterrag.registrate.AbstractRegistrate/REGISTRATE.REGISTER]: Registered create:package_frogport to registry ResourceKey[minecraft:root / minecraft:block_entity_type]
[27Jul2026 19:37:47.478] [main/DEBUG] [com.tterrag.registrate.AbstractRegistrate/REGISTRATE.REGISTER]: Registered create:package_postbox to registry ResourceKey[minecraft:root / minecraft:block_entity_type]
[27Jul2026 19:37:47.478] [main/DEBUG] [com.tterrag.registrate.AbstractRegistrate/REGISTRATE.REGISTER]: Registered create:table_cloth to registry ResourceKey[minecraft:root / minecraft:block_entity_type]
[27Jul2026 19:37:47.478] [main/DEBUG] [com.tterrag.registrate.AbstractRegistrate/REGISTRATE.REGISTER]: Registered create:packager_link to registry ResourceKey[minecraft:root / minecraft:block_entity_type]
[27Jul2026 19:37:47.478] [main/DEBUG] [com.tterrag.registrate.AbstractRegistrate/REGISTRATE.REGISTER]: Registered create:stock_ticker to registry ResourceKey[minecraft:root / minecraft:block_entity_type]
[27Jul2026 19:37:47.478] [main/DEBUG] [com.tterrag.registrate.AbstractRegistrate/REGISTRATE.REGISTER]: Registered create:redstone_requester to registry ResourceKey[minecraft:root / minecraft:block_entity_type]
[27Jul2026 19:37:47.478] [main/DEBUG] [com.tterrag.registrate.AbstractRegistrate/REGISTRATE.REGISTER]: Registered create:mechanical_piston to registry ResourceKey[minecraft:root / minecraft:block_entity_type]
[27Jul2026 19:37:47.478] [main/DEBUG] [com.tterrag.registrate.AbstractRegistrate/REGISTRATE.REGISTER]: Registered create:windmill_bearing to registry ResourceKey[minecraft:root / minecraft:block_entity_type]
[27Jul2026 19:37:47.478] [main/DEBUG] [com.tterrag.registrate.AbstractRegistrate/REGISTRATE.REGISTER]: Registered create:mechanical_bearing to registry ResourceKey[minecraft:root / minecraft:block_entity_type]
[27Jul2026 19:37:47.479] [main/DEBUG] [com.tterrag.registrate.AbstractRegistrate/REGISTRATE.REGISTER]: Registered create:clockwork_bearing to registry ResourceKey[minecraft:root / minecraft:block_entity_type]
[27Jul2026 19:37:47.479] [main/DEBUG] [com.tterrag.registrate.AbstractRegistrate/REGISTRATE.REGISTER]: Registered create:rope_pulley to registry ResourceKey[minecraft:root / minecraft:block_entity_type]
[27Jul2026 19:37:47.479] [main/DEBUG] [com.tterrag.registrate.AbstractRegistrate/REGISTRATE.REGISTER]: Registered create:elevator_pulley to registry ResourceKey[minecraft:root / minecraft:block_entity_type]
[27Jul2026 19:37:47.479] [main/DEBUG] [com.tterrag.registrate.AbstractRegistrate/REGISTRATE.REGISTER]: Registered create:elevator_contact to registry ResourceKey[minecraft:root / minecraft:block_entity_type]
[27Jul2026 19:37:47.479] [main/DEBUG] [com.tterrag.registrate.AbstractRegistrate/REGISTRATE.REGISTER]: Registered create:chassis to registry ResourceKey[minecraft:root / minecraft:block_entity_type]
[27Jul2026 19:37:47.479] [main/DEBUG] [com.tterrag.registrate.AbstractRegistrate/REGISTRATE.REGISTER]: Registered create:sticker to registry ResourceKey[minecraft:root / minecraft:block_entity_type]
[27Jul2026 19:37:47.479] [main/DEBUG] [com.tterrag.registrate.AbstractRegistrate/REGISTRATE.REGISTER]: Registered create:contraption_controls to registry ResourceKey[minecraft:root / minecraft:block_entity_type]
[27Jul2026 19:37:47.479] [main/DEBUG] [com.tterrag.registrate.AbstractRegistrate/REGISTRATE.REGISTER]: Registered create:drill to registry ResourceKey[minecraft:root / minecraft:block_entity_type]
[27Jul2026 19:37:47.479] [main/DEBUG] [com.tterrag.registrate.AbstractRegistrate/REGISTRATE.REGISTER]: Registered create:saw to registry ResourceKey[minecraft:root / minecraft:block_entity_type]
[27Jul2026 19:37:47.479] [main/DEBUG] [com.tterrag.registrate.AbstractRegistrate/REGISTRATE.REGISTER]: Registered create:harvester to registry ResourceKey[minecraft:root / minecraft:block_entity_type]
[27Jul2026 19:37:47.479] [main/DEBUG] [com.tterrag.registrate.AbstractRegistrate/REGISTRATE.REGISTER]: Registered create:mechanical_roller to registry ResourceKey[minecraft:root / minecraft:block_entity_type]
[27Jul2026 19:37:47.479] [main/DEBUG] [com.tterrag.registrate.AbstractRegistrate/REGISTRATE.REGISTER]: Registered create:portable_storage_interface to registry ResourceKey[minecraft:root / minecraft:block_entity_type]
[27Jul2026 19:37:47.480] [main/DEBUG] [com.tterrag.registrate.AbstractRegistrate/REGISTRATE.REGISTER]: Registered create:portable_fluid_interface to registry ResourceKey[minecraft:root / minecraft:block_entity_type]
[27Jul2026 19:37:47.480] [main/DEBUG] [com.tterrag.registrate.AbstractRegistrate/REGISTRATE.REGISTER]: Registered create:steam_engine to registry ResourceKey[minecraft:root / minecraft:block_entity_type]
[27Jul2026 19:37:47.480] [main/DEBUG] [com.tterrag.registrate.AbstractRegistrate/REGISTRATE.REGISTER]: Registered create:steam_whistle to registry ResourceKey[minecraft:root / minecraft:block_entity_type]
[27Jul2026 19:37:47.480] [main/DEBUG] [com.tterrag.registrate.AbstractRegistrate/REGISTRATE.REGISTER]: Registered create:powered_shaft to registry ResourceKey[minecraft:root / minecraft:block_entity_type]
[27Jul2026 19:37:47.480] [main/DEBUG] [com.tterrag.registrate.AbstractRegistrate/REGISTRATE.REGISTER]: Registered create:flywheel to registry ResourceKey[minecraft:root / minecraft:block_entity_type]
[27Jul2026 19:37:47.480] [main/DEBUG] [com.tterrag.registrate.AbstractRegistrate/REGISTRATE.REGISTER]: Registered create:millstone to registry ResourceKey[minecraft:root / minecraft:block_entity_type]
[27Jul2026 19:37:47.480] [main/DEBUG] [com.tterrag.registrate.AbstractRegistrate/REGISTRATE.REGISTER]: Registered create:crushing_wheel to registry ResourceKey[minecraft:root / minecraft:block_entity_type]
[27Jul2026 19:37:47.480] [main/DEBUG] [com.tterrag.registrate.AbstractRegistrate/REGISTRATE.REGISTER]: Registered create:crushing_wheel_controller to registry ResourceKey[minecraft:root / minecraft:block_entity_type]
[27Jul2026 19:37:47.480] [main/DEBUG] [com.tterrag.registrate.AbstractRegistrate/REGISTRATE.REGISTER]: Registered create:water_wheel to registry ResourceKey[minecraft:root / minecraft:block_entity_type]
[27Jul2026 19:37:47.480] [main/DEBUG] [com.tterrag.registrate.AbstractRegistrate/REGISTRATE.REGISTER]: Registered create:large_water_wheel to registry ResourceKey[minecraft:root / minecraft:block_entity_type]
[27Jul2026 19:37:47.480] [main/DEBUG] [com.tterrag.registrate.AbstractRegistrate/REGISTRATE.REGISTER]: Registered create:mechanical_press to registry ResourceKey[minecraft:root / minecraft:block_entity_type]
[27Jul2026 19:37:47.480] [main/DEBUG] [com.tterrag.registrate.AbstractRegistrate/REGISTRATE.REGISTER]: Registered create:mechanical_mixer to registry ResourceKey[minecraft:root / minecraft:block_entity_type]
[27Jul2026 19:37:47.480] [main/DEBUG] [com.tterrag.registrate.AbstractRegistrate/REGISTRATE.REGISTER]: Registered create:deployer to registry ResourceKey[minecraft:root / minecraft:block_entity_type]
[27Jul2026 19:37:47.480] [main/DEBUG] [com.tterrag.registrate.AbstractRegistrate/REGISTRATE.REGISTER]: Registered create:basin to registry ResourceKey[minecraft:root / minecraft:block_entity_type]
[27Jul2026 19:37:47.481] [main/DEBUG] [com.tterrag.registrate.AbstractRegistrate/REGISTRATE.REGISTER]: Registered create:blaze_heater to registry ResourceKey[minecraft:root / minecraft:block_entity_type]
[27Jul2026 19:37:47.481] [main/DEBUG] [com.tterrag.registrate.AbstractRegistrate/REGISTRATE.REGISTER]: Registered create:mechanical_crafter to registry ResourceKey[minecraft:root / minecraft:block_entity_type]
[27Jul2026 19:37:47.481] [main/DEBUG] [com.tterrag.registrate.AbstractRegistrate/REGISTRATE.REGISTER]: Registered create:sequenced_gearshift to registry ResourceKey[minecraft:root / minecraft:block_entity_type]
[27Jul2026 19:37:47.481] [main/DEBUG] [com.tterrag.registrate.AbstractRegistrate/REGISTRATE.REGISTER]: Registered create:rotation_speed_controller to registry ResourceKey[minecraft:root / minecraft:block_entity_type]
[27Jul2026 19:37:47.481] [main/DEBUG] [com.tterrag.registrate.AbstractRegistrate/REGISTRATE.REGISTER]: Registered create:speedometer to registry ResourceKey[minecraft:root / minecraft:block_entity_type]
[27Jul2026 19:37:47.481] [main/DEBUG] [com.tterrag.registrate.AbstractRegistrate/REGISTRATE.REGISTER]: Registered create:stressometer to registry ResourceKey[minecraft:root / minecraft:block_entity_type]
[27Jul2026 19:37:47.481] [main/DEBUG] [com.tterrag.registrate.AbstractRegistrate/REGISTRATE.REGISTER]: Registered create:analog_lever to registry ResourceKey[minecraft:root / minecraft:block_entity_type]
[27Jul2026 19:37:47.481] [main/DEBUG] [com.tterrag.registrate.AbstractRegistrate/REGISTRATE.REGISTER]: Registered create:placard to registry ResourceKey[minecraft:root / minecraft:block_entity_type]
[27Jul2026 19:37:47.481] [main/DEBUG] [com.tterrag.registrate.AbstractRegistrate/REGISTRATE.REGISTER]: Registered create:factory_panel to registry ResourceKey[minecraft:root / minecraft:block_entity_type]
[27Jul2026 19:37:47.481] [main/DEBUG] [com.tterrag.registrate.AbstractRegistrate/REGISTRATE.REGISTER]: Registered create:cart_assembler to registry ResourceKey[minecraft:root / minecraft:block_entity_type]
[27Jul2026 19:37:47.481] [main/DEBUG] [com.tterrag.registrate.AbstractRegistrate/REGISTRATE.REGISTER]: Registered create:redstone_link to registry ResourceKey[minecraft:root / minecraft:block_entity_type]
[27Jul2026 19:37:47.481] [main/DEBUG] [com.tterrag.registrate.AbstractRegistrate/REGISTRATE.REGISTER]: Registered create:nixie_tube to registry ResourceKey[minecraft:root / minecraft:block_entity_type]
[27Jul2026 19:37:47.481] [main/DEBUG] [com.tterrag.registrate.AbstractRegistrate/REGISTRATE.REGISTER]: Registered create:display_link to registry ResourceKey[minecraft:root / minecraft:block_entity_type]
[27Jul2026 19:37:47.482] [main/DEBUG] [com.tterrag.registrate.AbstractRegistrate/REGISTRATE.REGISTER]: Registered create:stockpile_switch to registry ResourceKey[minecraft:root / minecraft:block_entity_type]
[27Jul2026 19:37:47.482] [main/DEBUG] [com.tterrag.registrate.AbstractRegistrate/REGISTRATE.REGISTER]: Registered create:creative_crate to registry ResourceKey[minecraft:root / minecraft:block_entity_type]
[27Jul2026 19:37:47.482] [main/DEBUG] [com.tterrag.registrate.AbstractRegistrate/REGISTRATE.REGISTER]: Registered create:depot to registry ResourceKey[minecraft:root / minecraft:block_entity_type]
[27Jul2026 19:37:47.482] [main/DEBUG] [com.tterrag.registrate.AbstractRegistrate/REGISTRATE.REGISTER]: Registered create:weighted_ejector to registry ResourceKey[minecraft:root / minecraft:block_entity_type]
[27Jul2026 19:37:47.482] [main/DEBUG] [com.tterrag.registrate.AbstractRegistrate/REGISTRATE.REGISTER]: Registered create:funnel to registry ResourceKey[minecraft:root / minecraft:block_entity_type]
[27Jul2026 19:37:47.482] [main/DEBUG] [com.tterrag.registrate.AbstractRegistrate/REGISTRATE.REGISTER]: Registered create:content_observer to registry ResourceKey[minecraft:root / minecraft:block_entity_type]
[27Jul2026 19:37:47.482] [main/DEBUG] [com.tterrag.registrate.AbstractRegistrate/REGISTRATE.REGISTER]: Registered create:pulse_extender to registry ResourceKey[minecraft:root / minecraft:block_entity_type]
[27Jul2026 19:37:47.483] [main/DEBUG] [com.tterrag.registrate.AbstractRegistrate/REGISTRATE.REGISTER]: Registered create:pulse_repeater to registry ResourceKey[minecraft:root / minecraft:block_entity_type]
[27Jul2026 19:37:47.483] [main/DEBUG] [com.tterrag.registrate.AbstractRegistrate/REGISTRATE.REGISTER]: Registered create:pulse_timer to registry ResourceKey[minecraft:root / minecraft:block_entity_type]
[27Jul2026 19:37:47.483] [main/DEBUG] [com.tterrag.registrate.AbstractRegistrate/REGISTRATE.REGISTER]: Registered create:lectern_controller to registry ResourceKey[minecraft:root / minecraft:block_entity_type]
[27Jul2026 19:37:47.483] [main/DEBUG] [com.tterrag.registrate.AbstractRegistrate/REGISTRATE.REGISTER]: Registered create:backtank to registry ResourceKey[minecraft:root / minecraft:block_entity_type]
[27Jul2026 19:37:47.483] [main/DEBUG] [com.tterrag.registrate.AbstractRegistrate/REGISTRATE.REGISTER]: Registered create:peculiar_bell to registry ResourceKey[minecraft:root / minecraft:block_entity_type]
[27Jul2026 19:37:47.483] [main/DEBUG] [com.tterrag.registrate.AbstractRegistrate/REGISTRATE.REGISTER]: Registered create:cursed_bell to registry ResourceKey[minecraft:root / minecraft:block_entity_type]
[27Jul2026 19:37:47.483] [main/DEBUG] [com.tterrag.registrate.AbstractRegistrate/REGISTRATE.REGISTER]: Registered create:desk_bell to registry ResourceKey[minecraft:root / minecraft:block_entity_type]
[27Jul2026 19:37:47.483] [main/DEBUG] [com.tterrag.registrate.AbstractRegistrate/REGISTRATE.REGISTER]: Registered create:toolbox to registry ResourceKey[minecraft:root / minecraft:block_entity_type]
[27Jul2026 19:37:47.483] [main/DEBUG] [com.tterrag.registrate.AbstractRegistrate/REGISTRATE.REGISTER]: Registered create:track to registry ResourceKey[minecraft:root / minecraft:block_entity_type]
[27Jul2026 19:37:47.483] [main/DEBUG] [com.tterrag.registrate.AbstractRegistrate/REGISTRATE.REGISTER]: Registered create:fake_track to registry ResourceKey[minecraft:root / minecraft:block_entity_type]
[27Jul2026 19:37:47.483] [main/DEBUG] [com.tterrag.registrate.AbstractRegistrate/REGISTRATE.REGISTER]: Registered create:bogey to registry ResourceKey[minecraft:root / minecraft:block_entity_type]
[27Jul2026 19:37:47.484] [main/DEBUG] [com.tterrag.registrate.AbstractRegistrate/REGISTRATE.REGISTER]: Registered create:track_station to registry ResourceKey[minecraft:root / minecraft:block_entity_type]
[27Jul2026 19:37:47.484] [main/DEBUG] [com.tterrag.registrate.AbstractRegistrate/REGISTRATE.REGISTER]: Registered create:sliding_door to registry ResourceKey[minecraft:root / minecraft:block_entity_type]
[27Jul2026 19:37:47.484] [main/DEBUG] [com.tterrag.registrate.AbstractRegistrate/REGISTRATE.REGISTER]: Registered create:copycat to registry ResourceKey[minecraft:root / minecraft:block_entity_type]
[27Jul2026 19:37:47.484] [main/DEBUG] [com.tterrag.registrate.AbstractRegistrate/REGISTRATE.REGISTER]: Registered create:flap_display to registry ResourceKey[minecraft:root / minecraft:block_entity_type]
[27Jul2026 19:37:47.484] [main/DEBUG] [com.tterrag.registrate.AbstractRegistrate/REGISTRATE.REGISTER]: Registered create:track_signal to registry ResourceKey[minecraft:root / minecraft:block_entity_type]
[27Jul2026 19:37:47.484] [main/DEBUG] [com.tterrag.registrate.AbstractRegistrate/REGISTRATE.REGISTER]: Registered create:track_observer to registry ResourceKey[minecraft:root / minecraft:block_entity_type]
[27Jul2026 19:37:47.484] [main/DEBUG] [com.tterrag.registrate.AbstractRegistrate/REGISTRATE.REGISTER]: Registered create:clipboard to registry ResourceKey[minecraft:root / minecraft:block_entity_type]
[27Jul2026 19:37:47.485] [main/DEBUG] [net.minecraftforge.registries.GameData/REGISTRIES]: Applying holder lookups: minecraft:block_entity_type
[27Jul2026 19:37:47.487] [main/DEBUG] [net.minecraftforge.registries.GameData/REGISTRIES]: Holder lookups applied: minecraft:block_entity_type
[27Jul2026 19:37:47.487] [main/DEBUG] [net.minecraftforge.registries.GameData/REGISTRIES]: Applying holder lookups: minecraft:painting_variant
[27Jul2026 19:37:47.488] [main/DEBUG] [net.minecraftforge.registries.GameData/REGISTRIES]: Holder lookups applied: minecraft:painting_variant
[27Jul2026 19:37:47.488] [main/DEBUG] [net.minecraftforge.registries.GameData/REGISTRIES]: Applying holder lookups: minecraft:stat_type
[27Jul2026 19:37:47.489] [main/DEBUG] [net.minecraftforge.registries.GameData/REGISTRIES]: Holder lookups applied: minecraft:stat_type
[27Jul2026 19:37:47.489] [main/DEBUG] [net.minecraftforge.registries.GameData/REGISTRIES]: Applying holder lookups: minecraft:custom_stat
[27Jul2026 19:37:47.489] [main/DEBUG] [net.minecraftforge.registries.GameData/REGISTRIES]: Holder lookups applied: minecraft:custom_stat
[27Jul2026 19:37:47.489] [main/DEBUG] [net.minecraftforge.registries.GameData/REGISTRIES]: Applying holder lookups: minecraft:chunk_status
[27Jul2026 19:37:47.490] [main/DEBUG] [net.minecraftforge.registries.GameData/REGISTRIES]: Holder lookups applied: minecraft:chunk_status
[27Jul2026 19:37:47.490] [main/DEBUG] [net.minecraftforge.registries.GameData/REGISTRIES]: Applying holder lookups: minecraft:rule_test
[27Jul2026 19:37:47.491] [main/DEBUG] [net.minecraftforge.registries.GameData/REGISTRIES]: Holder lookups applied: minecraft:rule_test
[27Jul2026 19:37:47.491] [main/DEBUG] [net.minecraftforge.registries.GameData/REGISTRIES]: Applying holder lookups: minecraft:rule_block_entity_modifier
[27Jul2026 19:37:47.491] [main/DEBUG] [net.minecraftforge.registries.GameData/REGISTRIES]: Holder lookups applied: minecraft:rule_block_entity_modifier
[27Jul2026 19:37:47.492] [main/DEBUG] [net.minecraftforge.registries.GameData/REGISTRIES]: Applying holder lookups: minecraft:pos_rule_test
[27Jul2026 19:37:47.492] [main/DEBUG] [net.minecraftforge.registries.GameData/REGISTRIES]: Holder lookups applied: minecraft:pos_rule_test
[27Jul2026 19:37:47.492] [main/DEBUG] [com.tterrag.registrate.AbstractRegistrate/REGISTRATE.REGISTER]: Registering 14 known objects of type minecraft:menu
[27Jul2026 19:37:47.551] [main/DEBUG] [com.tterrag.registrate.AbstractRegistrate/REGISTRATE.REGISTER]: Registered create:schematic_table to registry ResourceKey[minecraft:root / minecraft:menu]
[27Jul2026 19:37:47.556] [main/DEBUG] [com.tterrag.registrate.AbstractRegistrate/REGISTRATE.REGISTER]: Registered create:schematicannon to registry ResourceKey[minecraft:root / minecraft:menu]
[27Jul2026 19:37:47.560] [main/DEBUG] [com.tterrag.registrate.AbstractRegistrate/REGISTRATE.REGISTER]: Registered create:filter to registry ResourceKey[minecraft:root / minecraft:menu]
[27Jul2026 19:37:47.563] [main/DEBUG] [com.tterrag.registrate.AbstractRegistrate/REGISTRATE.REGISTER]: Registered create:attribute_filter to registry ResourceKey[minecraft:root / minecraft:menu]
[27Jul2026 19:37:47.568] [main/DEBUG] [com.tterrag.registrate.AbstractRegistrate/REGISTRATE.REGISTER]: Registered create:package_filter to registry ResourceKey[minecraft:root / minecraft:menu]
[27Jul2026 19:37:47.571] [main/DEBUG] [com.tterrag.registrate.AbstractRegistrate/REGISTRATE.REGISTER]: Registered create:crafting_blueprint to registry ResourceKey[minecraft:root / minecraft:menu]
[27Jul2026 19:37:47.573] [main/DEBUG] [com.tterrag.registrate.AbstractRegistrate/REGISTRATE.REGISTER]: Registered create:linked_controller to registry ResourceKey[minecraft:root / minecraft:menu]
[27Jul2026 19:37:47.575] [main/DEBUG] [com.tterrag.registrate.AbstractRegistrate/REGISTRATE.REGISTER]: Registered create:toolbox to registry ResourceKey[minecraft:root / minecraft:menu]
[27Jul2026 19:37:47.583] [main/DEBUG] [com.tterrag.registrate.AbstractRegistrate/REGISTRATE.REGISTER]: Registered create:schedule to registry ResourceKey[minecraft:root / minecraft:menu]
[27Jul2026 19:37:47.586] [main/DEBUG] [com.tterrag.registrate.AbstractRegistrate/REGISTRATE.REGISTER]: Registered create:stock_keeper_category to registry ResourceKey[minecraft:root / minecraft:menu]
[27Jul2026 19:37:47.597] [main/DEBUG] [com.tterrag.registrate.AbstractRegistrate/REGISTRATE.REGISTER]: Registered create:stock_keeper_request to registry ResourceKey[minecraft:root / minecraft:menu]
[27Jul2026 19:37:47.599] [main/DEBUG] [com.tterrag.registrate.AbstractRegistrate/REGISTRATE.REGISTER]: Registered create:package_port to registry ResourceKey[minecraft:root / minecraft:menu]
[27Jul2026 19:37:47.601] [main/DEBUG] [com.tterrag.registrate.AbstractRegistrate/REGISTRATE.REGISTER]: Registered create:redstone_requester to registry ResourceKey[minecraft:root / minecraft:menu]
[27Jul2026 19:37:47.602] [main/DEBUG] [com.tterrag.registrate.AbstractRegistrate/REGISTRATE.REGISTER]: Registered create:factory_panel_set_item to registry ResourceKey[minecraft:root / minecraft:menu]
[27Jul2026 19:37:47.602] [main/DEBUG] [net.minecraftforge.registries.GameData/REGISTRIES]: Applying holder lookups: minecraft:menu
[27Jul2026 19:37:47.604] [main/DEBUG] [net.minecraftforge.registries.GameData/REGISTRIES]: Holder lookups applied: minecraft:menu
[27Jul2026 19:37:47.605] [main/DEBUG] [net.minecraftforge.registries.GameData/REGISTRIES]: Applying holder lookups: minecraft:recipe_type
[27Jul2026 19:37:47.607] [main/DEBUG] [net.minecraftforge.registries.GameData/REGISTRIES]: Holder lookups applied: minecraft:recipe_type
[27Jul2026 19:37:47.624] [main/DEBUG] [net.minecraftforge.registries.GameData/REGISTRIES]: Applying holder lookups: minecraft:recipe_serializer
[27Jul2026 19:37:47.625] [main/DEBUG] [net.minecraftforge.registries.GameData/REGISTRIES]: Holder lookups applied: minecraft:recipe_serializer
[27Jul2026 19:37:47.625] [main/DEBUG] [net.minecraftforge.registries.GameData/REGISTRIES]: Applying holder lookups: minecraft:position_source_type
[27Jul2026 19:37:47.626] [main/DEBUG] [net.minecraftforge.registries.GameData/REGISTRIES]: Holder lookups applied: minecraft:position_source_type
[27Jul2026 19:37:47.628] [main/DEBUG] [net.minecraftforge.registries.GameData/REGISTRIES]: Applying holder lookups: minecraft:command_argument_type
[27Jul2026 19:37:47.629] [main/DEBUG] [net.minecraftforge.registries.GameData/REGISTRIES]: Holder lookups applied: minecraft:command_argument_type
[27Jul2026 19:37:47.629] [main/DEBUG] [net.minecraftforge.registries.GameData/REGISTRIES]: Applying holder lookups: minecraft:villager_type
[27Jul2026 19:37:47.630] [main/DEBUG] [net.minecraftforge.registries.GameData/REGISTRIES]: Holder lookups applied: minecraft:villager_type
[27Jul2026 19:37:47.630] [main/DEBUG] [net.minecraftforge.registries.GameData/REGISTRIES]: Applying holder lookups: minecraft:villager_profession
[27Jul2026 19:37:47.630] [main/DEBUG] [net.minecraftforge.registries.GameData/REGISTRIES]: Holder lookups applied: minecraft:villager_profession
[27Jul2026 19:37:47.631] [main/DEBUG] [net.minecraftforge.registries.GameData/REGISTRIES]: Applying holder lookups: minecraft:point_of_interest_type
[27Jul2026 19:37:47.631] [main/DEBUG] [net.minecraftforge.registries.GameData/REGISTRIES]: Holder lookups applied: minecraft:point_of_interest_type
[27Jul2026 19:37:47.631] [main/DEBUG] [net.minecraftforge.registries.GameData/REGISTRIES]: Applying holder lookups: minecraft:schedule
[27Jul2026 19:37:47.632] [main/DEBUG] [net.minecraftforge.registries.GameData/REGISTRIES]: Holder lookups applied: minecraft:schedule
[27Jul2026 19:37:47.632] [main/DEBUG] [net.minecraftforge.registries.GameData/REGISTRIES]: Applying holder lookups: minecraft:activity
[27Jul2026 19:37:47.632] [main/DEBUG] [net.minecraftforge.registries.GameData/REGISTRIES]: Holder lookups applied: minecraft:activity
[27Jul2026 19:37:47.634] [main/DEBUG] [net.minecraftforge.registries.GameData/REGISTRIES]: Applying holder lookups: minecraft:loot_pool_entry_type
[27Jul2026 19:37:47.635] [main/DEBUG] [net.minecraftforge.registries.GameData/REGISTRIES]: Holder lookups applied: minecraft:loot_pool_entry_type
[27Jul2026 19:37:47.635] [main/DEBUG] [net.minecraftforge.registries.GameData/REGISTRIES]: Applying holder lookups: minecraft:loot_function_type
[27Jul2026 19:37:47.635] [main/DEBUG] [net.minecraftforge.registries.GameData/REGISTRIES]: Holder lookups applied: minecraft:loot_function_type
[27Jul2026 19:37:47.641] [main/DEBUG] [net.minecraftforge.registries.GameData/REGISTRIES]: Applying holder lookups: minecraft:loot_condition_type
[27Jul2026 19:37:47.642] [main/DEBUG] [net.minecraftforge.registries.GameData/REGISTRIES]: Holder lookups applied: minecraft:loot_condition_type
[27Jul2026 19:37:47.642] [main/DEBUG] [net.minecraftforge.registries.GameData/REGISTRIES]: Applying holder lookups: minecraft:loot_number_provider_type
[27Jul2026 19:37:47.643] [main/DEBUG] [net.minecraftforge.registries.GameData/REGISTRIES]: Holder lookups applied: minecraft:loot_number_provider_type
[27Jul2026 19:37:47.643] [main/DEBUG] [net.minecraftforge.registries.GameData/REGISTRIES]: Applying holder lookups: minecraft:loot_nbt_provider_type
[27Jul2026 19:37:47.643] [main/DEBUG] [net.minecraftforge.registries.GameData/REGISTRIES]: Holder lookups applied: minecraft:loot_nbt_provider_type
[27Jul2026 19:37:47.643] [main/DEBUG] [net.minecraftforge.registries.GameData/REGISTRIES]: Applying holder lookups: minecraft:loot_score_provider_type
[27Jul2026 19:37:47.644] [main/DEBUG] [net.minecraftforge.registries.GameData/REGISTRIES]: Holder lookups applied: minecraft:loot_score_provider_type
[27Jul2026 19:37:47.644] [main/DEBUG] [net.minecraftforge.registries.GameData/REGISTRIES]: Applying holder lookups: minecraft:float_provider_type
[27Jul2026 19:37:47.644] [main/DEBUG] [net.minecraftforge.registries.GameData/REGISTRIES]: Holder lookups applied: minecraft:float_provider_type
[27Jul2026 19:37:47.644] [main/DEBUG] [net.minecraftforge.registries.GameData/REGISTRIES]: Applying holder lookups: minecraft:int_provider_type
[27Jul2026 19:37:47.645] [main/DEBUG] [net.minecraftforge.registries.GameData/REGISTRIES]: Holder lookups applied: minecraft:int_provider_type
[27Jul2026 19:37:47.645] [main/DEBUG] [net.minecraftforge.registries.GameData/REGISTRIES]: Applying holder lookups: minecraft:height_provider_type
[27Jul2026 19:37:47.645] [main/DEBUG] [net.minecraftforge.registries.GameData/REGISTRIES]: Holder lookups applied: minecraft:height_provider_type
[27Jul2026 19:37:47.645] [main/DEBUG] [net.minecraftforge.registries.GameData/REGISTRIES]: Applying holder lookups: minecraft:block_predicate_type
[27Jul2026 19:37:47.646] [main/DEBUG] [net.minecraftforge.registries.GameData/REGISTRIES]: Holder lookups applied: minecraft:block_predicate_type
[27Jul2026 19:37:47.646] [main/DEBUG] [net.minecraftforge.registries.GameData/REGISTRIES]: Applying holder lookups: minecraft:worldgen/carver
[27Jul2026 19:37:47.646] [main/DEBUG] [net.minecraftforge.registries.GameData/REGISTRIES]: Holder lookups applied: minecraft:worldgen/carver
[27Jul2026 19:37:47.650] [main/DEBUG] [net.minecraftforge.registries.GameData/REGISTRIES]: Applying holder lookups: minecraft:worldgen/feature
[27Jul2026 19:37:47.651] [main/DEBUG] [net.minecraftforge.registries.GameData/REGISTRIES]: Holder lookups applied: minecraft:worldgen/feature
[27Jul2026 19:37:47.652] [main/DEBUG] [net.minecraftforge.registries.GameData/REGISTRIES]: Applying holder lookups: minecraft:worldgen/structure_processor
[27Jul2026 19:37:47.653] [main/DEBUG] [net.minecraftforge.registries.GameData/REGISTRIES]: Holder lookups applied: minecraft:worldgen/structure_processor
[27Jul2026 19:37:47.653] [main/DEBUG] [net.minecraftforge.registries.GameData/REGISTRIES]: Applying holder lookups: minecraft:worldgen/structure_placement
[27Jul2026 19:37:47.654] [main/DEBUG] [net.minecraftforge.registries.GameData/REGISTRIES]: Holder lookups applied: minecraft:worldgen/structure_placement
[27Jul2026 19:37:47.654] [main/DEBUG] [net.minecraftforge.registries.GameData/REGISTRIES]: Applying holder lookups: minecraft:worldgen/structure_piece
[27Jul2026 19:37:47.654] [main/DEBUG] [net.minecraftforge.registries.GameData/REGISTRIES]: Holder lookups applied: minecraft:worldgen/structure_piece
[27Jul2026 19:37:47.655] [main/DEBUG] [net.minecraftforge.registries.GameData/REGISTRIES]: Applying holder lookups: minecraft:worldgen/structure_type
[27Jul2026 19:37:47.655] [main/DEBUG] [net.minecraftforge.registries.GameData/REGISTRIES]: Holder lookups applied: minecraft:worldgen/structure_type
[27Jul2026 19:37:47.655] [main/DEBUG] [net.minecraftforge.registries.GameData/REGISTRIES]: Applying holder lookups: minecraft:worldgen/placement_modifier_type
[27Jul2026 19:37:47.656] [main/DEBUG] [net.minecraftforge.registries.GameData/REGISTRIES]: Holder lookups applied: minecraft:worldgen/placement_modifier_type
[27Jul2026 19:37:47.656] [main/DEBUG] [net.minecraftforge.registries.GameData/REGISTRIES]: Applying holder lookups: minecraft:worldgen/block_state_provider_type
[27Jul2026 19:37:47.657] [main/DEBUG] [net.minecraftforge.registries.GameData/REGISTRIES]: Holder lookups applied: minecraft:worldgen/block_state_provider_type
[27Jul2026 19:37:47.657] [main/DEBUG] [net.minecraftforge.registries.GameData/REGISTRIES]: Applying holder lookups: minecraft:worldgen/foliage_placer_type
[27Jul2026 19:37:47.657] [main/DEBUG] [net.minecraftforge.registries.GameData/REGISTRIES]: Holder lookups applied: minecraft:worldgen/foliage_placer_type
[27Jul2026 19:37:47.658] [main/DEBUG] [net.minecraftforge.registries.GameData/REGISTRIES]: Applying holder lookups: minecraft:worldgen/trunk_placer_type
[27Jul2026 19:37:47.658] [main/DEBUG] [net.minecraftforge.registries.GameData/REGISTRIES]: Holder lookups applied: minecraft:worldgen/trunk_placer_type
[27Jul2026 19:37:47.658] [main/DEBUG] [net.minecraftforge.registries.GameData/REGISTRIES]: Applying holder lookups: minecraft:worldgen/root_placer_type
[27Jul2026 19:37:47.659] [main/DEBUG] [net.minecraftforge.registries.GameData/REGISTRIES]: Holder lookups applied: minecraft:worldgen/root_placer_type
[27Jul2026 19:37:47.659] [main/DEBUG] [net.minecraftforge.registries.GameData/REGISTRIES]: Applying holder lookups: minecraft:worldgen/tree_decorator_type
[27Jul2026 19:37:47.660] [main/DEBUG] [net.minecraftforge.registries.GameData/REGISTRIES]: Holder lookups applied: minecraft:worldgen/tree_decorator_type
[27Jul2026 19:37:47.660] [main/DEBUG] [net.minecraftforge.registries.GameData/REGISTRIES]: Applying holder lookups: minecraft:worldgen/feature_size_type
[27Jul2026 19:37:47.661] [main/DEBUG] [net.minecraftforge.registries.GameData/REGISTRIES]: Holder lookups applied: minecraft:worldgen/feature_size_type
[27Jul2026 19:37:47.661] [main/DEBUG] [net.minecraftforge.registries.GameData/REGISTRIES]: Applying holder lookups: minecraft:worldgen/biome_source
[27Jul2026 19:37:47.662] [main/DEBUG] [net.minecraftforge.registries.GameData/REGISTRIES]: Holder lookups applied: minecraft:worldgen/biome_source
[27Jul2026 19:37:47.662] [main/DEBUG] [net.minecraftforge.registries.GameData/REGISTRIES]: Applying holder lookups: minecraft:worldgen/chunk_generator
[27Jul2026 19:37:47.662] [main/DEBUG] [net.minecraftforge.registries.GameData/REGISTRIES]: Holder lookups applied: minecraft:worldgen/chunk_generator
[27Jul2026 19:37:47.662] [main/DEBUG] [net.minecraftforge.registries.GameData/REGISTRIES]: Applying holder lookups: minecraft:worldgen/material_condition
[27Jul2026 19:37:47.663] [main/DEBUG] [net.minecraftforge.registries.GameData/REGISTRIES]: Holder lookups applied: minecraft:worldgen/material_condition
[27Jul2026 19:37:47.663] [main/DEBUG] [net.minecraftforge.registries.GameData/REGISTRIES]: Applying holder lookups: minecraft:worldgen/material_rule
[27Jul2026 19:37:47.663] [main/DEBUG] [net.minecraftforge.registries.GameData/REGISTRIES]: Holder lookups applied: minecraft:worldgen/material_rule
[27Jul2026 19:37:47.664] [main/DEBUG] [net.minecraftforge.registries.GameData/REGISTRIES]: Applying holder lookups: minecraft:worldgen/density_function_type
[27Jul2026 19:37:47.664] [main/DEBUG] [net.minecraftforge.registries.GameData/REGISTRIES]: Holder lookups applied: minecraft:worldgen/density_function_type
[27Jul2026 19:37:47.664] [main/DEBUG] [net.minecraftforge.registries.GameData/REGISTRIES]: Applying holder lookups: minecraft:worldgen/structure_pool_element
[27Jul2026 19:37:47.665] [main/DEBUG] [net.minecraftforge.registries.GameData/REGISTRIES]: Holder lookups applied: minecraft:worldgen/structure_pool_element
[27Jul2026 19:37:47.665] [main/DEBUG] [net.minecraftforge.registries.GameData/REGISTRIES]: Applying holder lookups: minecraft:cat_variant
[27Jul2026 19:37:47.665] [main/DEBUG] [net.minecraftforge.registries.GameData/REGISTRIES]: Holder lookups applied: minecraft:cat_variant
[27Jul2026 19:37:47.665] [main/DEBUG] [net.minecraftforge.registries.GameData/REGISTRIES]: Applying holder lookups: minecraft:frog_variant
[27Jul2026 19:37:47.666] [main/DEBUG] [net.minecraftforge.registries.GameData/REGISTRIES]: Holder lookups applied: minecraft:frog_variant
[27Jul2026 19:37:47.666] [main/DEBUG] [net.minecraftforge.registries.GameData/REGISTRIES]: Applying holder lookups: minecraft:banner_pattern
[27Jul2026 19:37:47.667] [main/DEBUG] [net.minecraftforge.registries.GameData/REGISTRIES]: Holder lookups applied: minecraft:banner_pattern
[27Jul2026 19:37:47.667] [main/DEBUG] [net.minecraftforge.registries.GameData/REGISTRIES]: Applying holder lookups: minecraft:instrument
[27Jul2026 19:37:47.667] [main/DEBUG] [net.minecraftforge.registries.GameData/REGISTRIES]: Holder lookups applied: minecraft:instrument
[27Jul2026 19:37:47.667] [main/DEBUG] [net.minecraftforge.registries.GameData/REGISTRIES]: Applying holder lookups: minecraft:decorated_pot_patterns
[27Jul2026 19:37:47.668] [main/DEBUG] [net.minecraftforge.registries.GameData/REGISTRIES]: Holder lookups applied: minecraft:decorated_pot_patterns
[27Jul2026 19:37:47.674] [main/DEBUG] [net.minecraftforge.registries.GameData/REGISTRIES]: Applying holder lookups: minecraft:creative_mode_tab
[27Jul2026 19:37:47.675] [main/DEBUG] [net.minecraftforge.registries.GameData/REGISTRIES]: Holder lookups applied: minecraft:creative_mode_tab
[27Jul2026 19:37:47.675] [main/DEBUG] [net.minecraftforge.registries.GameData/REGISTRIES]: Applying holder lookups: create:arm_interaction_point_type
[27Jul2026 19:37:47.675] [main/DEBUG] [net.minecraftforge.registries.GameData/REGISTRIES]: Holder lookups applied: create:arm_interaction_point_type
[27Jul2026 19:37:47.675] [main/DEBUG] [net.minecraftforge.registries.GameData/REGISTRIES]: Applying holder lookups: create:contraption_type
[27Jul2026 19:37:47.676] [main/DEBUG] [net.minecraftforge.registries.GameData/REGISTRIES]: Holder lookups applied: create:contraption_type
[27Jul2026 19:37:47.676] [main/DEBUG] [com.tterrag.registrate.AbstractRegistrate/REGISTRATE.REGISTER]: Registering 26 known objects of type create:display_source
[27Jul2026 19:37:47.676] [main/DEBUG] [com.tterrag.registrate.AbstractRegistrate/REGISTRATE.REGISTER]: Registered create:death_count to registry ResourceKey[minecraft:root / create:display_source]
[27Jul2026 19:37:47.676] [main/DEBUG] [com.tterrag.registrate.AbstractRegistrate/REGISTRATE.REGISTER]: Registered create:scoreboard to registry ResourceKey[minecraft:root / create:display_source]
[27Jul2026 19:37:47.676] [main/DEBUG] [com.tterrag.registrate.AbstractRegistrate/REGISTRATE.REGISTER]: Registered create:enchant_power to registry ResourceKey[minecraft:root / create:display_source]
[27Jul2026 19:37:47.676] [main/DEBUG] [com.tterrag.registrate.AbstractRegistrate/REGISTRATE.REGISTER]: Registered create:redstone_power to registry ResourceKey[minecraft:root / create:display_source]
[27Jul2026 19:37:47.677] [main/DEBUG] [com.tterrag.registrate.AbstractRegistrate/REGISTRATE.REGISTER]: Registered create:nixie_tube to registry ResourceKey[minecraft:root / create:display_source]
[27Jul2026 19:37:47.677] [main/DEBUG] [com.tterrag.registrate.AbstractRegistrate/REGISTRATE.REGISTER]: Registered create:item_names to registry ResourceKey[minecraft:root / create:display_source]
[27Jul2026 19:37:47.677] [main/DEBUG] [com.tterrag.registrate.AbstractRegistrate/REGISTRATE.REGISTER]: Registered create:boiler to registry ResourceKey[minecraft:root / create:display_source]
[27Jul2026 19:37:47.677] [main/DEBUG] [com.tterrag.registrate.AbstractRegistrate/REGISTRATE.REGISTER]: Registered create:current_floor to registry ResourceKey[minecraft:root / create:display_source]
[27Jul2026 19:37:47.677] [main/DEBUG] [com.tterrag.registrate.AbstractRegistrate/REGISTRATE.REGISTER]: Registered create:fill_level to registry ResourceKey[minecraft:root / create:display_source]
[27Jul2026 19:37:47.677] [main/DEBUG] [com.tterrag.registrate.AbstractRegistrate/REGISTRATE.REGISTER]: Registered create:gauge_status to registry ResourceKey[minecraft:root / create:display_source]
[27Jul2026 19:37:47.677] [main/DEBUG] [com.tterrag.registrate.AbstractRegistrate/REGISTRATE.REGISTER]: Registered create:entity_name to registry ResourceKey[minecraft:root / create:display_source]
[27Jul2026 19:37:47.677] [main/DEBUG] [com.tterrag.registrate.AbstractRegistrate/REGISTRATE.REGISTER]: Registered create:time_of_day to registry ResourceKey[minecraft:root / create:display_source]
[27Jul2026 19:37:47.677] [main/DEBUG] [com.tterrag.registrate.AbstractRegistrate/REGISTRATE.REGISTER]: Registered create:stopwatch to registry ResourceKey[minecraft:root / create:display_source]
[27Jul2026 19:37:47.677] [main/DEBUG] [com.tterrag.registrate.AbstractRegistrate/REGISTRATE.REGISTER]: Registered create:kinetic_speed to registry ResourceKey[minecraft:root / create:display_source]
[27Jul2026 19:37:47.677] [main/DEBUG] [com.tterrag.registrate.AbstractRegistrate/REGISTRATE.REGISTER]: Registered create:kinetic_stress to registry ResourceKey[minecraft:root / create:display_source]
[27Jul2026 19:37:47.677] [main/DEBUG] [com.tterrag.registrate.AbstractRegistrate/REGISTRATE.REGISTER]: Registered create:station_summary to registry ResourceKey[minecraft:root / create:display_source]
[27Jul2026 19:37:47.677] [main/DEBUG] [com.tterrag.registrate.AbstractRegistrate/REGISTRATE.REGISTER]: Registered create:train_status to registry ResourceKey[minecraft:root / create:display_source]
[27Jul2026 19:37:47.677] [main/DEBUG] [com.tterrag.registrate.AbstractRegistrate/REGISTRATE.REGISTER]: Registered create:observed_train_name to registry ResourceKey[minecraft:root / create:display_source]
[27Jul2026 19:37:47.677] [main/DEBUG] [com.tterrag.registrate.AbstractRegistrate/REGISTRATE.REGISTER]: Registered create:accumulate_items to registry ResourceKey[minecraft:root / create:display_source]
[27Jul2026 19:37:47.678] [main/DEBUG] [com.tterrag.registrate.AbstractRegistrate/REGISTRATE.REGISTER]: Registered create:item_throughput to registry ResourceKey[minecraft:root / create:display_source]
[27Jul2026 19:37:47.678] [main/DEBUG] [com.tterrag.registrate.AbstractRegistrate/REGISTRATE.REGISTER]: Registered create:count_items to registry ResourceKey[minecraft:root / create:display_source]
[27Jul2026 19:37:47.678] [main/DEBUG] [com.tterrag.registrate.AbstractRegistrate/REGISTRATE.REGISTER]: Registered create:list_items to registry ResourceKey[minecraft:root / create:display_source]
[27Jul2026 19:37:47.678] [main/DEBUG] [com.tterrag.registrate.AbstractRegistrate/REGISTRATE.REGISTER]: Registered create:count_fluids to registry ResourceKey[minecraft:root / create:display_source]
[27Jul2026 19:37:47.678] [main/DEBUG] [com.tterrag.registrate.AbstractRegistrate/REGISTRATE.REGISTER]: Registered create:list_fluids to registry ResourceKey[minecraft:root / create:display_source]
[27Jul2026 19:37:47.678] [main/DEBUG] [com.tterrag.registrate.AbstractRegistrate/REGISTRATE.REGISTER]: Registered create:read_package_address to registry ResourceKey[minecraft:root / create:display_source]
[27Jul2026 19:37:47.678] [main/DEBUG] [com.tterrag.registrate.AbstractRegistrate/REGISTRATE.REGISTER]: Registered create:computer to registry ResourceKey[minecraft:root / create:display_source]
[27Jul2026 19:37:47.678] [main/DEBUG] [net.minecraftforge.registries.GameData/REGISTRIES]: Applying holder lookups: create:display_source
[27Jul2026 19:37:47.679] [main/DEBUG] [net.minecraftforge.registries.GameData/REGISTRIES]: Holder lookups applied: create:display_source
[27Jul2026 19:37:47.679] [main/DEBUG] [com.tterrag.registrate.AbstractRegistrate/REGISTRATE.REGISTER]: Registering 4 known objects of type create:display_target
[27Jul2026 19:37:47.679] [main/DEBUG] [com.tterrag.registrate.AbstractRegistrate/REGISTRATE.REGISTER]: Registered create:sign to registry ResourceKey[minecraft:root / create:display_target]
[27Jul2026 19:37:47.680] [main/DEBUG] [com.tterrag.registrate.AbstractRegistrate/REGISTRATE.REGISTER]: Registered create:lectern to registry ResourceKey[minecraft:root / create:display_target]
[27Jul2026 19:37:47.680] [main/DEBUG] [com.tterrag.registrate.AbstractRegistrate/REGISTRATE.REGISTER]: Registered create:display_board to registry ResourceKey[minecraft:root / create:display_target]
[27Jul2026 19:37:47.680] [main/DEBUG] [com.tterrag.registrate.AbstractRegistrate/REGISTRATE.REGISTER]: Registered create:nixie_tube to registry ResourceKey[minecraft:root / create:display_target]
[27Jul2026 19:37:47.680] [main/DEBUG] [net.minecraftforge.registries.GameData/REGISTRIES]: Applying holder lookups: create:display_target
[27Jul2026 19:37:47.680] [main/DEBUG] [net.minecraftforge.registries.GameData/REGISTRIES]: Holder lookups applied: create:display_target
[27Jul2026 19:37:47.681] [main/DEBUG] [net.minecraftforge.registries.GameData/REGISTRIES]: Applying holder lookups: create:fan_processing_type
[27Jul2026 19:37:47.681] [main/DEBUG] [net.minecraftforge.registries.GameData/REGISTRIES]: Holder lookups applied: create:fan_processing_type
[27Jul2026 19:37:47.681] [main/DEBUG] [net.minecraftforge.registries.GameData/REGISTRIES]: Applying holder lookups: create:item_attribute_type
[27Jul2026 19:37:47.682] [main/DEBUG] [net.minecraftforge.registries.GameData/REGISTRIES]: Holder lookups applied: create:item_attribute_type
[27Jul2026 19:37:47.682] [main/DEBUG] [com.tterrag.registrate.AbstractRegistrate/REGISTRATE.REGISTER]: Registering 2 known objects of type create:mounted_fluid_storage_type
[27Jul2026 19:37:47.683] [main/DEBUG] [com.tterrag.registrate.AbstractRegistrate/REGISTRATE.REGISTER]: Registered create:fluid_tank to registry ResourceKey[minecraft:root / create:mounted_fluid_storage_type]
[27Jul2026 19:37:47.685] [main/DEBUG] [com.tterrag.registrate.AbstractRegistrate/REGISTRATE.REGISTER]: Registered create:creative_fluid_tank to registry ResourceKey[minecraft:root / create:mounted_fluid_storage_type]
[27Jul2026 19:37:47.685] [main/DEBUG] [net.minecraftforge.registries.GameData/REGISTRIES]: Applying holder lookups: create:mounted_fluid_storage_type
[27Jul2026 19:37:47.686] [main/DEBUG] [net.minecraftforge.registries.GameData/REGISTRIES]: Holder lookups applied: create:mounted_fluid_storage_type
[27Jul2026 19:37:47.686] [main/DEBUG] [com.tterrag.registrate.AbstractRegistrate/REGISTRATE.REGISTER]: Registering 8 known objects of type create:mounted_item_storage_type
[27Jul2026 19:37:47.688] [main/DEBUG] [com.tterrag.registrate.AbstractRegistrate/REGISTRATE.REGISTER]: Registered create:fallback to registry ResourceKey[minecraft:root / create:mounted_item_storage_type]
[27Jul2026 19:37:47.689] [main/DEBUG] [com.tterrag.registrate.AbstractRegistrate/REGISTRATE.REGISTER]: Registered create:creative_crate to registry ResourceKey[minecraft:root / create:mounted_item_storage_type]
[27Jul2026 19:37:47.689] [main/DEBUG] [com.tterrag.registrate.AbstractRegistrate/REGISTRATE.REGISTER]: Registered create:vault to registry ResourceKey[minecraft:root / create:mounted_item_storage_type]
[27Jul2026 19:37:47.694] [main/DEBUG] [com.tterrag.registrate.AbstractRegistrate/REGISTRATE.REGISTER]: Registered create:toolbox to registry ResourceKey[minecraft:root / create:mounted_item_storage_type]
[27Jul2026 19:37:47.694] [main/DEBUG] [com.tterrag.registrate.AbstractRegistrate/REGISTRATE.REGISTER]: Registered create:depot to registry ResourceKey[minecraft:root / create:mounted_item_storage_type]
[27Jul2026 19:37:47.695] [main/DEBUG] [com.tterrag.registrate.AbstractRegistrate/REGISTRATE.REGISTER]: Registered create:simple to registry ResourceKey[minecraft:root / create:mounted_item_storage_type]
[27Jul2026 19:37:47.695] [main/DEBUG] [com.tterrag.registrate.AbstractRegistrate/REGISTRATE.REGISTER]: Registered create:chest to registry ResourceKey[minecraft:root / create:mounted_item_storage_type]
[27Jul2026 19:37:47.696] [main/DEBUG] [com.tterrag.registrate.AbstractRegistrate/REGISTRATE.REGISTER]: Registered create:dispenser to registry ResourceKey[minecraft:root / create:mounted_item_storage_type]
[27Jul2026 19:37:47.696] [main/DEBUG] [net.minecraftforge.registries.GameData/REGISTRIES]: Applying holder lookups: create:mounted_item_storage_type
[27Jul2026 19:37:47.697] [main/DEBUG] [net.minecraftforge.registries.GameData/REGISTRIES]: Holder lookups applied: create:mounted_item_storage_type
[27Jul2026 19:37:47.697] [main/DEBUG] [net.minecraftforge.registries.GameData/REGISTRIES]: Applying holder lookups: create:potato_projectile/block_hit_action
[27Jul2026 19:37:47.698] [main/DEBUG] [net.minecraftforge.registries.GameData/REGISTRIES]: Holder lookups applied: create:potato_projectile/block_hit_action
[27Jul2026 19:37:47.699] [main/DEBUG] [net.minecraftforge.registries.GameData/REGISTRIES]: Applying holder lookups: create:potato_projectile/entity_hit_action
[27Jul2026 19:37:47.700] [main/DEBUG] [net.minecraftforge.registries.GameData/REGISTRIES]: Holder lookups applied: create:potato_projectile/entity_hit_action
[27Jul2026 19:37:47.700] [main/DEBUG] [net.minecraftforge.registries.GameData/REGISTRIES]: Applying holder lookups: create:potato_projectile/render_mode
[27Jul2026 19:37:47.701] [main/DEBUG] [net.minecraftforge.registries.GameData/REGISTRIES]: Holder lookups applied: create:potato_projectile/render_mode
[27Jul2026 19:37:47.712] [main/DEBUG] [net.minecraftforge.registries.GameData/REGISTRIES]: Applying holder lookups: forge:biome_modifier_serializers
[27Jul2026 19:37:47.714] [main/DEBUG] [net.minecraftforge.registries.GameData/REGISTRIES]: Holder lookups applied: forge:biome_modifier_serializers
[27Jul2026 19:37:47.715] [main/DEBUG] [net.minecraftforge.registries.GameData/REGISTRIES]: Applying holder lookups: forge:display_contexts
[27Jul2026 19:37:47.716] [main/DEBUG] [net.minecraftforge.registries.GameData/REGISTRIES]: Holder lookups applied: forge:display_contexts
[27Jul2026 19:37:47.716] [main/DEBUG] [net.minecraftforge.registries.GameData/REGISTRIES]: Applying holder lookups: forge:entity_data_serializers
[27Jul2026 19:37:47.717] [main/DEBUG] [net.minecraftforge.registries.GameData/REGISTRIES]: Holder lookups applied: forge:entity_data_serializers
[27Jul2026 19:37:47.719] [main/DEBUG] [com.tterrag.registrate.AbstractRegistrate/REGISTRATE.REGISTER]: Registering 4 known objects of type forge:fluid_type
[27Jul2026 19:37:47.719] [main/DEBUG] [com.tterrag.registrate.AbstractRegistrate/REGISTRATE.REGISTER]: Registered create:potion to registry ResourceKey[minecraft:root / forge:fluid_type]
[27Jul2026 19:37:47.719] [main/DEBUG] [com.tterrag.registrate.AbstractRegistrate/REGISTRATE.REGISTER]: Registered create:tea to registry ResourceKey[minecraft:root / forge:fluid_type]
[27Jul2026 19:37:47.719] [main/DEBUG] [com.tterrag.registrate.AbstractRegistrate/REGISTRATE.REGISTER]: Registered create:honey to registry ResourceKey[minecraft:root / forge:fluid_type]
[27Jul2026 19:37:47.720] [main/DEBUG] [com.tterrag.registrate.AbstractRegistrate/REGISTRATE.REGISTER]: Registered create:chocolate to registry ResourceKey[minecraft:root / forge:fluid_type]
[27Jul2026 19:37:47.720] [main/DEBUG] [net.minecraftforge.registries.GameData/REGISTRIES]: Applying holder lookups: forge:fluid_type
[27Jul2026 19:37:47.722] [main/DEBUG] [net.minecraftforge.registries.GameData/REGISTRIES]: Holder lookups applied: forge:fluid_type
[27Jul2026 19:37:47.726] [main/DEBUG] [net.minecraftforge.registries.GameData/REGISTRIES]: Applying holder lookups: forge:global_loot_modifier_serializers
[27Jul2026 19:37:47.727] [main/DEBUG] [net.minecraftforge.registries.GameData/REGISTRIES]: Holder lookups applied: forge:global_loot_modifier_serializers
[27Jul2026 19:37:47.735] [main/DEBUG] [net.minecraftforge.registries.GameData/REGISTRIES]: Applying holder lookups: forge:holder_set_type
[27Jul2026 19:37:47.736] [main/DEBUG] [net.minecraftforge.registries.GameData/REGISTRIES]: Holder lookups applied: forge:holder_set_type
[27Jul2026 19:37:47.737] [main/DEBUG] [net.minecraftforge.registries.GameData/REGISTRIES]: Applying holder lookups: forge:structure_modifier_serializers
[27Jul2026 19:37:47.739] [main/DEBUG] [net.minecraftforge.registries.GameData/REGISTRIES]: Holder lookups applied: forge:structure_modifier_serializers
[27Jul2026 19:37:47.739] [main/DEBUG] [net.minecraftforge.registries.GameData/REGISTRIES]: Applying holder lookups: minecraft:worldgen/biome
[27Jul2026 19:37:47.740] [main/DEBUG] [net.minecraftforge.registries.GameData/REGISTRIES]: Holder lookups applied: minecraft:worldgen/biome
[27Jul2026 19:37:47.907] [Worker-Main-1/DEBUG] [mixin/]: Mixing MapDataMixin from moonlight-common.mixins.json into net.minecraft.world.level.saveddata.maps.MapItemSavedData
[27Jul2026 19:37:47.909] [Worker-Main-1/DEBUG] [mixin/]: Renaming synthetic method lambda$save$3(Lnet/minecraft/nbt/CompoundTag;Lnet/minecraft/resources/ResourceLocation;Lnet/mehvahdjukaar/moonlight/api/map/CustomMapData;)V to mdf074c6$lambda$save$3$0 in moonlight-common.mixins.json:MapDataMixin
[27Jul2026 19:37:47.909] [Worker-Main-1/DEBUG] [mixin/]: Renaming synthetic method lambda$load$2(Lnet/minecraft/nbt/CompoundTag;Lnet/mehvahdjukaar/moonlight/api/map/CustomMapData;)V to mdf074c6$lambda$load$2$1 in moonlight-common.mixins.json:MapDataMixin
[27Jul2026 19:37:47.909] [Worker-Main-1/DEBUG] [mixin/]: Renaming synthetic method lambda$setCustomDataDirty$1(Lnet/mehvahdjukaar/moonlight/api/map/CustomMapData$Type;Ljava/util/function/Consumer;Lnet/minecraft/world/level/saveddata/maps/MapItemSavedData$HoldingPlayer;)V to mdf074c6$lambda$setCustomDataDirty$1$2 in moonlight-common.mixins.json:MapDataMixin
[27Jul2026 19:37:47.909] [Worker-Main-1/DEBUG] [mixin/]: Renaming synthetic method lambda$setCustomDecorationsDirty$0(Lnet/minecraft/world/level/saveddata/maps/MapItemSavedData$HoldingPlayer;)V to mdf074c6$lambda$setCustomDecorationsDirty$0$3 in moonlight-common.mixins.json:MapDataMixin
[27Jul2026 19:37:47.940] [Worker-Main-1/DEBUG] [mixin/]: Mixing MapItemSavedDataMixin from create.mixins.json into net.minecraft.world.level.saveddata.maps.MapItemSavedData
[27Jul2026 19:37:48.062] [main/WARN] [net.minecraft.server.packs.VanillaPackResourcesBuilder/]: Assets URL 'union:/C:/Users/olige/.gradle/caches/forge_gradle/minecraft_user_repo/net/minecraftforge/forge/1.20.1-47.4.21_mapped_parchment_2023.06.26-1.20.1/forge-1.20.1-47.4.21_mapped_parchment_2023.06.26-1.20.1-recomp.jar%23191!/assets/.mcassetsroot' uses unexpected schema
[27Jul2026 19:37:48.063] [main/WARN] [net.minecraft.server.packs.VanillaPackResourcesBuilder/]: Assets URL 'union:/C:/Users/olige/.gradle/caches/forge_gradle/minecraft_user_repo/net/minecraftforge/forge/1.20.1-47.4.21_mapped_parchment_2023.06.26-1.20.1/forge-1.20.1-47.4.21_mapped_parchment_2023.06.26-1.20.1-recomp.jar%23191!/data/.mcassetsroot' uses unexpected schema
[27Jul2026 19:37:48.237] [main/DEBUG] [com.tterrag.registrate.providers.RegistrateDataProvider/REGISTRATE.DATA]: Gathering providers for sides: [CLIENT, SERVER]
[27Jul2026 19:37:48.237] [main/DEBUG] [com.tterrag.registrate.providers.RegistrateDataProvider/REGISTRATE.DATA]: Adding provider for type: recipe
[27Jul2026 19:37:48.238] [main/DEBUG] [com.tterrag.registrate.providers.RegistrateDataProvider/REGISTRATE.DATA]: Adding provider for type: advancement
[27Jul2026 19:37:48.238] [main/DEBUG] [com.tterrag.registrate.providers.RegistrateDataProvider/REGISTRATE.DATA]: Adding provider for type: loot
[27Jul2026 19:37:48.239] [main/DEBUG] [com.tterrag.registrate.providers.RegistrateDataProvider/REGISTRATE.DATA]: Adding provider for type: tags/block
[27Jul2026 19:37:48.240] [main/DEBUG] [com.tterrag.registrate.providers.RegistrateDataProvider/REGISTRATE.DATA]: Adding provider for type: tags/item
[27Jul2026 19:37:48.241] [main/DEBUG] [com.tterrag.registrate.providers.RegistrateDataProvider/REGISTRATE.DATA]: Adding provider for type: tags/fluid
[27Jul2026 19:37:48.241] [main/DEBUG] [com.tterrag.registrate.providers.RegistrateDataProvider/REGISTRATE.DATA]: Adding provider for type: tags/entity
[27Jul2026 19:37:48.242] [main/DEBUG] [com.tterrag.registrate.providers.RegistrateDataProvider/REGISTRATE.DATA]: Adding provider for type: blockstate
[27Jul2026 19:37:48.242] [main/DEBUG] [com.tterrag.registrate.providers.RegistrateDataProvider/REGISTRATE.DATA]: Adding provider for type: item_model
[27Jul2026 19:37:48.243] [main/DEBUG] [com.tterrag.registrate.providers.RegistrateDataProvider/REGISTRATE.DATA]: Adding provider for type: lang
[27Jul2026 19:37:48.560] [main/INFO] [net.minecraft.data.DataGenerator/]: Starting provider: Recipes
[27Jul2026 19:37:48.669] [main/INFO] [net.minecraft.data.DataGenerator/]: Recipes finished after 108 ms
[27Jul2026 19:37:48.669] [main/INFO] [net.minecraft.data.DataGenerator/]: Starting provider: Block States: vintagefurn
[27Jul2026 19:37:49.236] [main/INFO] [net.minecraft.data.DataGenerator/]: Block States: vintagefurn finished after 566 ms
[27Jul2026 19:37:49.236] [main/INFO] [net.minecraft.data.DataGenerator/]: Starting provider: Item Models: vintagefurn
[27Jul2026 19:37:49.242] [main/DEBUG] [mixin/]: Mixing DynamicTextureMixin from moonlight-common.mixins.json into net.minecraft.client.renderer.texture.DynamicTexture
[27Jul2026 19:37:49.332] [main/INFO] [net.minecraft.data.DataGenerator/]: Item Models: vintagefurn finished after 95 ms
[27Jul2026 19:37:49.332] [main/INFO] [net.minecraft.data.DataGenerator/]: Starting provider: Languages: en_us
[27Jul2026 19:37:49.342] [main/INFO] [net.minecraft.data.DataGenerator/]: Languages: en_us finished after 10 ms
[27Jul2026 19:37:49.342] [main/INFO] [net.minecraft.data.DataGenerator/]: Starting provider: Tags for minecraft:block mod id vintagefurn
[27Jul2026 19:37:49.363] [main/INFO] [net.minecraft.data.DataGenerator/]: Tags for minecraft:block mod id vintagefurn finished after 20 ms
[27Jul2026 19:37:49.363] [main/INFO] [net.minecraft.data.DataGenerator/]: Starting provider: Tags for minecraft:item mod id vintagefurn
[27Jul2026 19:37:49.366] [main/INFO] [net.minecraft.data.DataGenerator/]: Tags for minecraft:item mod id vintagefurn finished after 2 ms
[27Jul2026 19:37:49.366] [main/INFO] [net.minecraft.data.DataGenerator/]: All providers took: 806 ms
[27Jul2026 19:37:49.605] [main/INFO] [net.minecraft.data.HashCache/]: Caching: total files: 1862, old count: 1861, new count: 1863, removed stale: 0, written: 1
